run_alias,_timestamp,_runtime,gpu_0_sm_active,gpu_1_sm_active,gpu_2_sm_active,gpu_3_sm_active,gpu_4_sm_active,gpu_5_sm_active,gpu_6_sm_active,gpu_7_sm_active,gpu_0_power_watts,gpu_1_power_watts,gpu_2_power_watts,gpu_3_power_watts,gpu_4_power_watts,gpu_5_power_watts,gpu_6_power_watts,gpu_7_power_watts
streamweave,1783607046.5840003,17.401544405,,,,,,,,,,,,,,,,
streamweave,1783607046.7840242,17.601568243,0,0,0,0,0,0,0,0,192.764,190.401,188.255,187.527,190.709,189.299,188.359,189.938
streamweave,1783607061.5826967,32.400240668,,,,,,,,,,,,,,,,
streamweave,1783607061.7828698,32.600413889,0,0,0,0,0,0,0,0,192.748,190.352,188.249,187.584,190.756,189.303,188.454,189.95
streamweave,1783607076.5821087,47.399652737,,,,,,,,,,,,,,,,
streamweave,1783607076.7825449,47.600088892,0,0,0,0,0,0,0,0,244.254,240.883,188.232,187.594,190.803,189.323,188.399,189.974
streamweave,1783607091.5826464,62.400190275,,,,,,,,,,,,,,,,
streamweave,1783607091.995348,62.812891873,0,0,0,0,0,0,0,0,244.365,240.969,188.282,187.515,190.789,189.319,188.448,189.906
streamweave,1783607106.5824578,77.400001897,,,,,,,,,,,,,,,,
streamweave,1783607107.0629206,77.880464673,0,0,0,0,0,0,0,0,244.389,241.094,188.276,187.598,190.818,189.34,188.428,190.054
streamweave,1783607121.58213,92.399674059,,,,,,,,,,,,,,,,
streamweave,1783607121.7825298,92.600073733,0,0,10.927433696226728,24.91742663725223,0,29.788604950606135,48.85071972317644,23.041136799475044,244.333,241.001,339.643,342.622,245.483,241.953,277.729,348.815
streamweave,1783607136.5827134,107.400257286,,,,,,,,,,,,,,,,
streamweave,1783607136.8043797,107.62192378,0,0,0,0,0,0,0,0,244.42,241.051,238.519,238.931,242.878,241.35,238.491,241.158
streamweave,1783607151.5821464,122.399690311,,,,,,,,,,,,,,,,
streamweave,1783607151.7825866,122.600130577,0,0,0,0,0,0,0,0,244.706,241.133,237.836,238.271,242.352,241.05,238.435,240.576
streamweave,1783607166.5822082,137.399752236,,,,,,,,,,,,,,,,
streamweave,1783607168.8894556,139.706999481,0,0,84.69134489829713,85.3028753192494,85.7254667824283,84.36732138575894,85.15782037568826,85.12888798194696,244.657,241.405,789.467,795.976,815.79,798.524,799.162,803.571
streamweave,1783607181.5818403,152.399384318,,,,,,,,,,,,,,,,
streamweave,1783607181.782186,152.599730133,0,0,84.18214902598586,84.31170195020358,84.64008353058612,82.65481495563492,83.85248979544622,83.77610750928108,244.571,241.102,798.915,805.444,824.414,792.132,801.967,826.343
streamweave,1783607196.581931,167.399475221,,,,,,,,,,,,,,,,
streamweave,1783607196.782403,167.599947038,0,0,74.32592517713525,77.21253868696056,76.95050239133556,71.02213827103789,75.33178490452977,76.3680113207021,244.705,241.139,763.455,791.712,797.642,754.114,771.39,792.233
streamweave,1783607211.5821698,182.399713721,,,,,,,,,,,,,,,,
streamweave,1783607211.7831266,182.600670611,0,0,71.93669826278595,73.21172454192092,74.0327099438222,65.97801728325325,71.19991867924567,65.98727320934299,244.566,241.208,747.433,765.514,795.29,712.09,751.512,703.587
streamweave,1783607226.5827003,197.400244331,,,,,,,,,,,,,,,,
streamweave,1783607226.7830155,197.600559569,0,0,0,0,0,0,0,0,244.829,241.327,241.125,242.374,247.275,243.673,241.723,243.147
streamweave,1783607241.5821111,212.399655112,,,,,,,,,,,,,,,,
streamweave,1783607241.7825735,212.6001174,0,0,83.36146796514726,82.5574888174533,84.47303529260043,84.91281705119401,82.39955973835892,85.12053243921544,244.575,241.223,778.35,804.794,805.185,809.932,800.959,800.856
streamweave,1783607256.5828142,227.400358101,,,,,,,,,,,,,,,,
streamweave,1783607256.7832696,227.600813619,0,0,80.60990286565784,83.17056100941,84.04361169990682,85.36794385728528,80.98805111667502,84.98601607303662,244.622,241.331,758.752,787.101,809.885,834.898,771.102,822.504
streamweave,1783607271.582059,242.3996029,,,,,,,,,,,,,,,,
streamweave,1783607271.7825341,242.600078058,0,0,84.46323210515236,72.77304839405123,73.14273764368207,82.15042744451398,83.83040714060147,72.92605573521965,244.688,241.336,822.376,770.938,776.807,808.944,819.236,768.642
streamweave,1783607286.5821514,257.399695295,,,,,,,,,,,,,,,,
streamweave,1783607286.7825303,257.600074329,0,0,73.04648372090455,71.38133877469087,71.84541055633973,83.66866101948112,71.56802036183521,69.39533227459718,244.751,241.41,743.67,766.143,790.476,829.55,739.053,723.692
streamweave,1783607301.5827768,272.400320891,,,,,,,,,,,,,,,,
streamweave,1783607301.7831078,272.600651732,0,0,0,0,0,0,0,0,244.761,241.563,240.174,241.492,246.814,245.965,240.899,242.921
streamweave,1783607316.5820434,287.399587497,,,,,,,,,,,,,,,,
streamweave,1783607316.7824826,287.600026622,0,0,85.47728004534176,86.68454441778924,85.0799067917043,87.77389443794931,84.98373875628904,85.86645249820157,244.711,241.394,828.485,854.198,833.568,843.194,567.872,841.488
streamweave,1783607331.582694,302.40023809,,,,,,,,,,,,,,,,
streamweave,1783607331.783176,302.600720009,0,0,84.55355890192504,84.35329785340835,78.06319670490342,84.68800413894509,80.53501061969081,85.29937520853176,244.782,241.365,795.585,810.652,767.493,813.023,761.236,819.766
streamweave,1783607346.5827644,317.400308479,,,,,,,,,,,,,,,,
streamweave,1783607346.7830625,317.600606414,0,0,72.48269953672933,73.44379597891104,72.24182526322053,73.10284603578606,84.57557532960877,69.58399609254039,244.852,241.559,754.959,763.362,768.365,769.416,824.612,757.435
streamweave,1783607361.5824294,332.399973426,,,,,,,,,,,,,,,,
streamweave,1783607361.7826798,332.600223819,0,0,71.66434705006111,69.98345011415431,78.00663215933345,66.22276652610198,73.66666681404685,79.29623232442626,244.694,241.468,746.839,722.565,746.043,727.525,746.862,741.03
streamweave,1783607376.582203,347.399746915,,,,,,,,,,,,,,,,
streamweave,1783607376.7839277,347.60147166,0,0,0,0,0,0,0,0,244.797,241.616,240.982,242.053,245.075,244.466,240.972,242.972
streamweave,1783607391.5826247,362.400168647,,,,,,,,,,,,,,,,
streamweave,1783607391.7828634,362.600407283,0,0,61.3956723728944,56.890522278102964,64.39813424515226,57.79081668160262,61.67935928909405,64.50071027019409,244.852,241.389,517.402,514.056,536.379,521.019,520.507,539.675
streamweave,1783607406.5819516,377.399495552,,,,,,,,,,,,,,,,
streamweave,1783607406.7823188,377.59986274,0,0,0,0,0,0,0,0,244.856,241.485,239.582,240.11,244.443,242.676,240.279,242.327
streamweave,1783607421.5827622,392.400306319,,,,,,,,,,,,,,,,
streamweave,1783607421.7828667,392.600410703,0,0,0,0,0,0,0,0,244.85,241.386,239.069,239.438,243.662,242.022,239.52,241.721
streamweave,1783607436.5820303,407.399574212,,,,,,,,,,,,,,,,
streamweave,1783607436.7824504,407.599994479,0,0,72.75562151664077,71.6829978867231,71.80428891039821,71.30243280118027,72.52309318342105,70.52102343587771,244.76,241.393,642.847,638.828,656.588,639.478,621.806,663.176
streamweave,1783607451.5820873,422.399631379,,,,,,,,,,,,,,,,
streamweave,1783607451.8360848,422.65362874,0,0,69.51559339312846,70.31443193753375,67.14563619353105,69.83732958009176,69.36052780406679,66.75281227477248,244.748,241.358,648.951,639.267,652.077,657.567,643.21,647.927
streamweave,1783607466.582292,437.399836047,,,,,,,,,,,,,,,,
streamweave,1783607466.782781,437.600324873,0,0,69.60618030257393,71.23804894509308,64.35094599315165,69.54190789480853,66.67785301302256,67.91624894455633,248.474,245.058,642.495,654.897,662.363,637.234,646.384,662.114
streamweave,1783607481.5824065,452.399950461,,,,,,,,,,,,,,,,
streamweave,1783607481.7828522,452.600396173,0,0,57.00400021073085,45.48192813371459,58.63510799449887,49.94221687455628,57.16429209864666,55.62411536409082,498.413,490.164,615.961,615.145,652.484,629.004,617.287,639.415
streamweave,1783607496.5825806,467.400124645,,,,,,,,,,,,,,,,
streamweave,1783607496.7828145,467.600358549,0,0,72.6869585659191,72.27211225871734,74.03644071344392,74.56296574650524,74.38171749349436,74.15256634193679,614.261,530.683,640.435,642.214,659.63,664.529,648.936,655.871
streamweave,1783607511.5821183,482.399662164,,,,,,,,,,,,,,,,
streamweave,1783607511.782451,482.599995017,0,0,60.922839247210206,67.77967406742529,64.74219772100719,65.83391061657342,66.77947008859721,49.63875312361346,261.721,252.865,378.946,460.022,472.501,450.37,452.283,399.871
streamweave,1783607526.5826807,497.4002246,,,,,,,,,,,,,,,,
streamweave,1783607526.783113,497.600657062,91.86138589200863,88.8132123036142,70.4692646581334,73.65713654089399,73.36240860250976,70.89080619777617,72.85956918376516,72.25897438231956,559.89,565.001,619.02,633.729,642.114,635.456,645.405,634.005
streamweave,1783607541.5826225,512.400166451,,,,,,,,,,,,,,,,
streamweave,1783607541.7830498,512.60059387,84.38216669344258,82.56178819584171,68.58336085098186,68.9889258822098,69.41017374814494,68.64593150876172,65.93078443481997,68.26132339597679,902.155,895.864,575.051,580.461,589.541,587.682,547.759,590.655
streamweave,1783607556.5826836,527.400227638,,,,,,,,,,,,,,,,
streamweave,1783607556.7831793,527.600723383,0.005695737328769755,0,76.16409284969127,77.45007973292016,75.61016665244597,76.2982115375137,76.29121504176202,73.79427194452542,249.008,245.661,681.588,685.609,689.318,683.022,688.405,702.197
streamweave,1783607571.5822372,542.399781273,,,,,,,,,,,,,,,,
streamweave,1783607571.7827022,542.600246101,81.68813114987947,83.9777222987261,68.87786540088509,73.62476077072036,69.9775855358468,70.02016444086075,69.79633817809481,70.34770168884144,871.152,863.909,586.509,639.232,623.245,616.119,610.159,626.817
streamweave,1783607586.5822034,557.399747384,,,,,,,,,,,,,,,,
streamweave,1783607586.7826788,557.600222829,29.756741234007194,18.57224537149012,0,0,0,0,0,0,252.156,247.39,241.032,241.555,293.031,244.349,242.044,253.366
streamweave,1783607601.582718,572.400261949,,,,,,,,,,,,,,,,
streamweave,1783607601.7831504,572.600694377,0,0,73.79973726134688,75.4275551574339,73.47910300688277,75.00741746199814,75.36093113087063,73.36894505781855,661.225,618.54,637.535,658.375,665.607,664.615,657.908,649.534
streamweave,1783607616.582776,587.400320011,,,,,,,,,,,,,,,,
streamweave,1783607616.783262,587.600805919,0,0,74.92866580453318,75.27795605711299,72.40919919782122,70.18073280314654,72.93681183341707,71.10440830846603,248.932,245.538,762.827,775.851,687.041,681.167,726.932,700.938
streamweave,1783607631.5821388,602.399682811,,,,,,,,,,,,,,,,
streamweave,1783607631.783738,602.601281878,82.3940386962852,78.96825825642419,73.05753694340194,71.2875314996939,73.53520874465943,73.05864633773173,69.49479102249198,71.40373623751496,848.127,851.576,632.953,617.46,648.847,645.663,612.497,628.862
streamweave,1783607646.5827594,617.400303427,,,,,,,,,,,,,,,,
streamweave,1783607646.7831812,617.600725118,91.80774795052439,89.69031471543889,72.84153607722935,73.45835658398279,74.06082439409116,73.74947289019356,72.92977077950839,74.24825843559849,909.294,887.622,650.263,658.183,680.254,666.062,653.117,655.232
streamweave,1783607661.5822768,632.399820801,,,,,,,,,,,,,,,,
streamweave,1783607661.790051,632.607595089,88.39212247832631,85.46736929335977,54.77353598104118,55.10937791716103,47.006725617999415,56.485247387101246,45.242682399983494,58.52223752869755,694.747,689.351,615.045,632.055,631.777,652.51,607.665,644.255
streamweave,1783607676.582731,647.400274936,,,,,,,,,,,,,,,,
streamweave,1783607676.7831516,647.600695599,85.95592355390565,87.85314226394735,70.46810280488913,69.29827950069655,69.64457878938785,69.34555906702982,70.27649714091056,69.77242158296342,899.379,895.467,620.884,599.926,613.58,607.525,614.253,629.905
streamweave,1783607691.5829988,662.400542691,,,,,,,,,,,,,,,,
streamweave,1783607691.7834384,662.600982413,0,0,47.77621876258908,55.80915818417803,55.628675918590034,55.692029135454504,57.495920614359704,55.21357520289642,696.396,683.712,530.609,302.514,528.262,543.854,292.128,514.812
streamweave,1783607706.5826337,677.400177718,,,,,,,,,,,,,,,,
streamweave,1783607706.7831447,677.600688747,92.04034029308158,84.08598141139522,73.64552156376813,75.04633596230673,72.87931079286606,74.89183078984445,72.62811747508621,72.65841814334746,901.978,884.833,641.725,649.84,663.808,670.418,646.418,661.019
streamweave,1783607721.5822542,692.399798195,,,,,,,,,,,,,,,,
streamweave,1783607721.782806,692.600349931,88.91919906736031,90.2155636001523,73.06643027334432,74.29757082175374,72.24459098657631,72.31522031149588,73.00242816078963,71.88029427690064,893.186,872.394,645.556,659.987,657.805,671.975,656.754,652.89
streamweave,1783607736.5827417,707.400285755,,,,,,,,,,,,,,,,
streamweave,1783607736.7832484,707.600792403,0,0,72.03721646353527,75.8265595938077,73.00049355306568,70.00262532223599,74.19697764526933,72.20516502792333,608.866,623.243,648.721,653.28,673.159,664.814,662.543,672.103
streamweave,1783607751.581973,722.39951701,,,,,,,,,,,,,,,,
streamweave,1783607751.782368,722.599912001,0,0,0,0,0,0,0,0,746.41,737.912,501.584,533.137,512.496,466.366,461.72,472.987
streamweave,1783607766.5825374,737.400081325,,,,,,,,,,,,,,,,
streamweave,1783607766.7828922,737.600436206,0,0,73.0897874502284,74.72522863549848,72.77467642009871,70.81448170643638,67.85221318214109,71.63045664692171,246.873,243.602,731.158,745.242,704.749,682.185,655.413,733.918
streamweave,1783607781.5827942,752.400338108,,,,,,,,,,,,,,,,
streamweave,1783607781.783004,752.600548082,0,0,70.21333025687969,73.1135513880305,74.08509765930657,77.68030316224552,71.13835950970372,71.1563789350974,245.957,242.627,683.624,706.381,731.529,704.139,693.691,703.518
streamweave,1783607796.5820808,767.399624903,,,,,,,,,,,,,,,,
streamweave,1783607796.782542,767.600086065,0,0,65.85586967627752,66.7912734308732,69.10604562823316,73.05052475961493,68.89507116698012,64.46540133789385,245.524,242.21,688.665,694.162,724.314,743.937,717.712,691.002
streamweave,1783607811.5829813,782.400525423,,,,,,,,,,,,,,,,
streamweave,1783607811.7871962,782.604740156,0,0,0,63.48217631088874,66.64884989751356,0,64.75016002549133,79.94295124069372,245.373,242.064,624.649,703.784,728.522,243.54,710.388,778.244
streamweave,1783607826.5825572,797.400101127,,,,,,,,,,,,,,,,
streamweave,1783607826.782888,797.600431868,0,0,76.18974685066307,79.37430239701038,81.31479692144393,81.01493386895994,81.33382794980724,80.4617085564596,245.286,241.982,785.898,775.236,781.987,776.618,770.478,803.621
streamweave,1783607841.5825374,812.400081356,,,,,,,,,,,,,,,,
streamweave,1783607841.7829046,812.600448603,0,0,82.94060894836868,81.8903143467097,80.05415571429643,83.18578354314403,79.46873249552915,80.24077234081209,245.083,241.673,769.589,758.729,755.809,761.701,744.997,755.982
streamweave,1783607856.5827358,827.400279811,,,,,,,,,,,,,,,,
streamweave,1783607856.7830493,827.600593446,0,0,82.82382424940405,82.90303138735152,74.53073895758345,84.65835022184504,74.25896387844176,82.44291791396134,245.043,241.499,802.846,804.822,767.791,825.018,755.364,797.795
streamweave,1783607871.582685,842.40022893,,,,,,,,,,,,,,,,
streamweave,1783607871.785192,842.602735902,0,0,83.28229525921978,75.97677936009947,71.24876015379932,84.49069233305586,71.89576808606071,74.46667438894805,245.045,241.485,828.106,793.731,759.99,839.04,764.917,799.754
streamweave,1783607886.5828097,857.400353762,,,,,,,,,,,,,,,,
streamweave,1783607886.7832158,857.600759725,0,0,0,0,0,0,0,0,244.983,241.708,240.978,241.445,246.114,245.78,241.279,243.013
streamweave,1783607901.5820735,872.399617464,,,,,,,,,,,,,,,,
streamweave,1783607901.7825453,872.600089276,0,0,83.41951941278822,83.62629897477098,80.25651175540085,83.99553065943935,83.48355307462478,85.2910038886416,245.051,241.671,813.911,799.886,771.984,816.005,809.312,820.601
streamweave,1783607916.5827184,887.400262279,,,,,,,,,,,,,,,,
streamweave,1783607916.78291,887.600454187,0,0,70.17399724567022,70.98350335406008,72.9111303867312,71.8148848976319,74.65487004481054,71.05619251898332,244.779,241.564,693.129,688.468,722.303,715.251,731.377,710.064
streamweave,1783607931.5820222,902.399566198,,,,,,,,,,,,,,,,
streamweave,1783607931.782328,902.599871845,0,0,65.02030710794395,65.5460797151601,72.13862628191886,68.6985250759565,71.787684154312,67.6064017235749,244.81,241.55,690.271,693.322,751.714,734.039,743.479,714.978
streamweave,1783607946.5825472,917.400091136,,,,,,,,,,,,,,,,
streamweave,1783607946.78293,917.600473799,0,0,81.31459517486857,83.11271145227144,70.56436357569345,66.29129711163365,68.75325068458473,64.7790454266137,244.876,241.509,772.883,788.903,766.263,734.1,756.247,726.051
streamweave,1783607961.5820575,932.399601464,,,,,,,,,,,,,,,,
streamweave,1783607961.7823622,932.59990634,0,0,0,56.694909713307354,56.306327276181655,0,56.88320968421603,0,244.852,241.523,240.114,512.594,518.552,243.936,512.638,242.819
streamweave,1783607976.5826926,947.400236617,,,,,,,,,,,,,,,,
streamweave,1783607976.7829611,947.600505229,0,0,0,0,0,0,0,0,244.958,241.524,239.075,240.828,245.535,242.557,241.063,241.805
streamweave,1783607991.5820174,962.399561338,,,,,,,,,,,,,,,,
streamweave,1783607991.782364,962.599907913,0,0,0,0,0,0,0,0,244.834,241.567,238.827,239.554,243.881,242.047,239.75,241.383
streamweave,1783608006.5827293,977.400273429,,,,,,,,,,,,,,,,
streamweave,1783608006.7830493,977.600593464,0,0,0,0,0,0,0,0,244.801,241.322,238.514,239.069,243.314,241.794,239.134,241.166
streamweave,1783608021.582198,992.399741954,,,,,,,,,,,,,,,,
streamweave,1783608021.782594,992.600138003,54.196401254847835,74.83979108001503,71.25390899448497,75.21367410693972,74.1021752115834,69.52713471535709,74.42999686762988,75.51256312041691,824.084,826.145,650.634,664.587,670.159,654.937,655.417,652.425
streamweave,1783608036.58265,1007.400194064,,,,,,,,,,,,,,,,
streamweave,1783608036.783102,1007.600645938,90.63729166714003,88.09243713237687,74.10550660550193,74.14912893337603,74.22939189513788,73.8838243202208,73.43876577571707,74.96059787397665,910.622,882.584,653.85,656.805,659.994,677.022,679.89,666.356
streamweave,1783608051.5829418,1022.400485738,,,,,,,,,,,,,,,,
streamweave,1783608051.7833037,1022.600847794,80.70876424337052,53.20005593259237,76.3017488203665,76.51510430432073,77.15022756597314,75.81909049041809,74.29502868978946,76.6567625389311,424.477,413.131,657.131,671.618,683.997,678.645,672.772,677.563
streamweave,1783608066.582015,1037.399559052,,,,,,,,,,,,,,,,
streamweave,1783608066.7824216,1037.599965524,86.45839368911534,86.17379926205436,55.704004048234104,53.74360585730372,53.02338259433979,57.28891833169616,51.47215028264785,56.49838577109768,356.876,343.649,520.04,530.579,548.605,541.958,537.828,524.948
streamweave,1783608081.5827823,1052.400326351,,,,,,,,,,,,,,,,
streamweave,1783608081.7832015,1052.600745542,91.38459877289952,90.17179789562638,72.61190969609234,73.19646617826035,72.09515150667576,72.7723342462405,68.34159714709358,69.43687244643247,913.139,906.295,633.122,633.83,643.123,657.162,580.546,617.978
streamweave,1783608096.582589,1067.400133009,,,,,,,,,,,,,,,,
streamweave,1783608096.7828693,1067.600413452,86.58849601680988,86.61655669895126,68.01397645868457,64.3628121274387,64.5661962152889,59.52511840229576,65.94816581936486,63.801600751843765,909.435,907.408,543.057,556.851,561.645,531.774,513.259,537.538
streamweave,1783608111.5826445,1082.400188432,,,,,,,,,,,,,,,,
streamweave,1783608111.8073807,1082.624924578,16.797320333121743,0,69.54790677300122,68.92158240498577,66.9619365194448,65.83290416005386,68.60161316007259,68.96035438166899,882.666,806.39,647.44,643.434,657.786,643.447,652.992,654.433
streamweave,1783608126.582221,1097.399764966,,,,,,,,,,,,,,,,
streamweave,1783608126.7826107,1097.600154538,0.015416844144785127,14.600008420750946,55.09104656966183,42.94385670197997,58.75745804227245,55.10486678958399,56.649961434741456,57.8179486444912,250.52,247.067,561.686,551.033,569.944,573.564,582.48,566.096
streamweave,1783608141.5826252,1112.40016907,,,,,,,,,,,,,,,,
streamweave,1783608141.7841158,1112.601659835,82.41381529940438,89.59854382859844,69.77405762794714,71.66400182415951,69.73814923386482,70.50626320256939,70.59245210331278,69.96522198124269,907.031,903.255,615.925,613.291,615.635,619.147,623.114,618.516
streamweave,1783608156.5820482,1127.399592074,,,,,,,,,,,,,,,,
streamweave,1783608156.7824385,1127.599982597,80.0764153047877,84.82371646467891,72.43648088965263,74.12049222219639,73.05977167946412,72.72582096462993,74.381588326543,73.43737872668989,889.23,877.643,642.067,664.121,660.358,643.305,669.82,667.167
streamweave,1783608171.5827186,1142.400262548,,,,,,,,,,,,,,,,
streamweave,1783608171.7830563,1142.600600272,83.77064063399958,81.3523251880309,66.03147957894778,66.58541763604275,66.51164613620546,66.15765126977476,66.72370795145595,67.1767348989216,885.833,894.57,541.805,546.061,568.135,555.855,548.401,560.971
streamweave,1783608186.5828788,1157.400422762,,,,,,,,,,,,,,,,
streamweave,1783608186.7832355,1157.600779565,0,0,43.76488712141386,58.98601076863369,58.45392027152483,34.6891974390068,61.889832229550294,64.51518692170234,282.253,260.13,602.275,641.672,643.178,637.208,627.59,655.523
streamweave,1783608201.5820415,1172.399585419,,,,,,,,,,,,,,,,
streamweave,1783608201.7824295,1172.599973379,90.72989867693423,93.1542032078718,73.68100423346327,73.869612774307,72.16020730275167,74.84251276355445,72.79699049754828,73.82135577430911,917.386,907.441,652.354,669.375,647.929,691.373,675.487,670.953
streamweave,1783608216.581841,1187.399384941,,,,,,,,,,,,,,,,
streamweave,1783608216.7868226,1187.60436657,90.8808002034465,89.29783258052086,72.78946309007156,71.78105457082042,72.79810306433609,73.8442033618413,72.87008668424984,72.11327399844824,899.006,888.222,659.88,673.011,679.936,695.641,669.058,684.333
streamweave,1783608231.5822508,1202.399794918,,,,,,,,,,,,,,,,
streamweave,1783608231.7825854,1202.600129378,92.51211174235708,89.4402805277512,73.34460126061877,75.68873861388873,75.44075443834795,71.80837144153868,74.58509107812526,72.82124379432994,896.186,882.185,669.296,659.181,672.757,673.271,666.55,673.644
streamweave,1783608246.5826464,1217.400190317,,,,,,,,,,,,,,,,
streamweave,1783608246.7830796,1217.60062368,69.7489101927706,52.161573513226664,43.92886475530112,65.27280111170161,63.37056992131112,63.38654092567292,54.662202776431045,69.98017891042333,933.095,886.445,612.248,597.553,602.693,612.813,614.417,632.542
streamweave,1783608261.5821407,1232.399684675,,,,,,,,,,,,,,,,
streamweave,1783608261.7826142,1232.600158141,91.4879234311444,85.84108811375458,75.62337013544771,76.30021245013637,76.09659280278711,76.6791529255317,75.88230487912504,75.54443176200665,918.024,905.878,676.37,672.358,690.07,684.132,677.269,682.357
streamweave,1783608276.5825317,1247.400075771,,,,,,,,,,,,,,,,
streamweave,1783608276.7828565,1247.600400524,0.0023270407044206293,1.569462277443212,65.75287379573655,58.96532958157788,61.76268248225085,62.78464540287838,58.57342888675975,60.35087979482261,405.555,385.119,550.513,554.44,555.494,550.83,561.866,549.58
streamweave,1783608291.5829265,1262.400470402,,,,,,,,,,,,,,,,
streamweave,1783608291.7940063,1262.611550449,0,0,70.39152023876932,69.96888324499683,69.289795557795,69.43083456187246,69.78294168156523,69.23785828775472,454.819,438.16,608.132,601.627,607.066,617.313,640.469,622.675
streamweave,1783608306.5820136,1277.399557584,,,,,,,,,,,,,,,,
streamweave,1783608306.782255,1277.599798886,92.32721982228801,90.7726539356431,73.21348177431565,74.35591800948826,74.03293638973311,74.55858991177111,73.8031720083764,73.79918351384292,825.7,837.34,656.471,660.501,662.973,671.287,660.332,662.243
streamweave,1783608321.5820866,1292.399630505,,,,,,,,,,,,,,,,
streamweave,1783608321.7825255,1292.600069614,90.47654458505376,89.12569436740745,74.02992515850995,73.29988233363468,74.50126287987898,69.61617740362465,73.24592347036828,72.8493303099642,872.92,895.078,650.535,662.71,657.28,641.706,658.542,665.983
streamweave,1783608336.5819802,1307.399524177,,,,,,,,,,,,,,,,
streamweave,1783608336.8579469,1307.67549095,0,0,0,0,0,0,0,0,252.138,248.87,244.144,245.361,250.225,248.692,245.958,247.484
streamweave,1783608351.5826633,1322.400207224,,,,,,,,,,,,,,,,
streamweave,1783608351.7831342,1322.600678131,55.38066992248956,45.59129375277035,73.1972330217263,76.94243385275648,76.92098349841913,70.0331284180009,68.84961665299917,70.83635909009618,918.374,887.163,657.2,661.369,683.317,647.24,640.246,655.814
streamweave,1783608366.5824363,1337.399980305,,,,,,,,,,,,,,,,
streamweave,1783608366.8015509,1337.619094937,83.8278915933585,87.01266231241162,51.73295742247363,58.613725163224764,52.81134020529785,55.26646767354409,56.1782197219977,53.03159888458065,895.758,890.475,580.084,584.977,587.003,568.632,583.429,581.141
streamweave,1783608381.5827675,1352.400311577,,,,,,,,,,,,,,,,
streamweave,1783608381.7832375,1352.600781369,92.1928149508167,88.20730887508388,72.56839510806738,69.16834247347133,70.67378444729198,70.02204133897494,73.38656037498367,70.77205793464684,768.296,768.304,658.106,594.984,640.907,624.732,653.401,630.902
streamweave,1783608396.5821316,1367.399675541,,,,,,,,,,,,,,,,
streamweave,1783608396.7825623,1367.600106365,81.28205804023612,80.76298905470696,66.06042459808026,0,62.51736109930736,67.52714300436917,66.78961226793672,67.18263756251451,911.42,878.615,541.689,242.39,549.327,582.648,571.11,570.227
streamweave,1783608411.5822463,1382.399790369,,,,,,,,,,,,,,,,
streamweave,1783608411.7827501,1382.60029424,90.33177331032681,90.6413785655714,74.28762525514084,73.66769204877671,0,74.54749014361313,76.46425231623265,74.24500994260032,776.467,848.682,658.985,657.764,502.664,681.969,665.622,666.024
streamweave,1783608426.5825264,1397.400070468,,,,,,,,,,,,,,,,
streamweave,1783608426.789843,1397.607387117,0,0,0,0,0,0,0,0,253.034,249.669,241.796,242.797,247.293,245.989,242.797,244.523
streamweave,1783608441.5831056,1412.400649613,,,,,,,,,,,,,,,,
streamweave,1783608441.783088,1412.600631974,0,0,75.53031674888213,76.30898609154045,73.82983556622106,70.47855735169148,77.73741929805492,74.7995754691957,246.645,243.322,735.147,729.465,735.389,710.332,738.369,727.654
streamweave,1783608456.582776,1427.400320134,,,,,,,,,,,,,,,,
streamweave,1783608456.7829852,1427.600529225,0,0,76.79690099908217,76.943490477139,75.95330015846486,76.39891230721403,71.27690526914905,75.89457150868466,245.977,242.533,718.259,721.578,725.103,726.38,696.68,727.731
streamweave,1783608471.582709,1442.400253129,,,,,,,,,,,,,,,,
streamweave,1783608471.783044,1442.600587997,0,0,76.38336898860909,72.99600998143174,71.64569770930173,74.16089295983949,76.39979495757078,75.71631391285561,245.566,242.209,695.542,673.89,674.299,688.257,719.452,726.339
streamweave,1783608486.5826936,1457.40023753,,,,,,,,,,,,,,,,
streamweave,1783608486.782986,1457.600529825,0,0,81.03940281453342,82.42424104253836,82.25544046198412,75.22215977190363,82.2382123881443,82.66999556498038,245.242,242.138,799.23,811.75,821.422,763.646,811.144,820.689
streamweave,1783608501.582243,1472.399787056,,,,,,,,,,,,,,,,
streamweave,1783608501.782542,1472.600086096,0,0,72.84608772290603,73.83378257805681,73.41351614866961,72.43021472902318,73.48139716541512,73.81153084823696,245.246,241.914,633.436,636.569,643.774,641.043,633.696,635.92
streamweave,1783608516.5825677,1487.400111724,,,,,,,,,,,,,,,,
streamweave,1783608516.7829597,1487.600503633,0,0,71.81843639280564,73.47132046844682,72.25031281667805,72.67557206914755,72.43465519455903,71.36995806565426,245.16,241.734,651.724,662.001,661.287,678.296,661.365,674.871
streamweave,1783608531.5820532,1502.399597265,,,,,,,,,,,,,,,,
streamweave,1783608531.782404,1502.599947942,0,0,80.12976483770821,80.8065170385598,80.25997801827094,80.22150714586822,80.30175758719322,0,245.059,241.638,783.942,794.402,812.415,809.804,800.056,692.581
streamweave,1783608546.5827084,1517.400252388,,,,,,,,,,,,,,,,
streamweave,1783608546.7830787,1517.600622594,0,0,79.30112554296187,79.27127927617322,80.22462743928475,73.32782492271586,74.12411251134091,81.8429581291002,244.935,241.584,710.384,732.258,737.849,695.227,697.377,738.777
streamweave,1783608561.5826807,1532.400224798,,,,,,,,,,,,,,,,
streamweave,1783608561.7830493,1532.60059344,0,0,71.31948715894498,73.0265940631296,77.19440157818939,72.20325913100339,71.92314967318502,73.19956774164004,244.901,241.589,695.902,707.848,746.927,714.011,699.16,718.804
streamweave,1783608576.5820405,1547.399584511,,,,,,,,,,,,,,,,
streamweave,1783608576.7824664,1547.600010488,0,0,3.29874090454542,81.16040874726441,75.61440799027623,0,0,72.71661753931666,244.761,241.394,661.874,766.835,772.967,247.386,476.468,750.594
streamweave,1783608591.5821037,1562.399647841,,,,,,,,,,,,,,,,
streamweave,1783608591.7825189,1562.600062962,0,0,57.1736214121961,0,0,0,0,0,244.897,241.573,511.218,241.218,245.39,243.476,240.621,321.613
streamweave,1783608606.5826092,1577.400153058,,,,,,,,,,,,,,,,
streamweave,1783608606.7829354,1577.600479439,0,0,0,0,0,0,0,0,244.926,241.554,240.195,239.606,243.933,242.3,239.716,241.869
streamweave,1783608621.582492,1592.400036098,,,,,,,,,,,,,,,,
streamweave,1783608621.7829497,1592.600493596,0,0,0,0,0,0,0,0,244.83,241.485,239.1,239.236,243.371,241.848,239.185,241.382
streamweave,1783608636.5823712,1607.399915125,,,,,,,,,,,,,,,,
streamweave,1783608636.7826211,1607.600165237,0.11127093541047665,0.21017830068899385,0,0,0,0,0,0,248.661,246.089,238.762,238.905,243.106,241.693,239.126,241.138
streamweave,1783608651.582293,1622.399837061,,,,,,,,,,,,,,,,
streamweave,1783608651.7826042,1622.600148295,81.7789461184191,85.37572009861155,0,0,0,0,0,0,869.946,874.641,238.576,238.703,242.958,241.496,238.826,241.115
streamweave,1783608666.5825846,1637.400128714,,,,,,,,,,,,,,,,
streamweave,1783608666.7828808,1637.600424668,92.87626676355609,86.53685994154269,76.82383198313072,76.5655443370876,75.68439692698152,76.36281657045316,74.65226853814319,73.91932696908101,935.288,889.931,665.028,665.681,679.678,674.965,670.151,671.099
streamweave,1783608681.5820699,1652.399613772,,,,,,,,,,,,,,,,
streamweave,1783608681.7825038,1652.600047763,90.96001249440435,89.91451387252356,70.54773684580165,69.19901837036642,71.29155224807145,68.09664350644053,70.61413684836228,69.46405498827835,886.654,866.562,644.592,657.866,652.726,656.141,630.526,646.195
streamweave,1783608696.582686,1667.400229889,,,,,,,,,,,,,,,,
streamweave,1783608696.7830706,1667.60061457,86.89438901346746,84.43855634016373,48.1189090301234,54.28745801193823,56.27515062739701,54.48917246544184,55.95606308451614,56.77501000041849,655.286,651.879,558.869,568.378,578.405,549.232,560.128,548.023
streamweave,1783608711.5820484,1682.399592499,,,,,,,,,,,,,,,,
streamweave,1783608711.7824872,1682.600031241,92.5934849401973,91.98089489284075,69.25228353566838,70.98230169337269,70.83226136631188,66.59236298155842,69.48559146883937,69.7110889793032,905.894,910.251,602.604,637.212,635.475,570.5,615.669,627.696
streamweave,1783608726.5820122,1697.399556221,,,,,,,,,,,,,,,,
streamweave,1783608726.7825105,1697.600054502,59.91691357675184,72.54128844543477,58.762573344417824,55.55135817953506,0,56.23383727358864,60.67761107155712,56.89464256270743,270.169,258.946,514.392,520.04,467.482,362.221,359.039,535.858
streamweave,1783608741.5828867,1712.400430659,,,,,,,,,,,,,,,,
streamweave,1783608741.7833474,1712.600891413,0,0,0,0,0,0,0,0,545.574,502.563,385.048,348.991,385.235,357.155,383.745,394.339
streamweave,1783608756.5828803,1727.400424162,,,,,,,,,,,,,,,,
streamweave,1783608756.8038936,1727.62143758,89.52839671880658,87.62751680500345,71.87771921706944,74.27626609371788,72.26645760455192,73.53891536591432,72.23618187143032,73.43407406975966,901.846,882.916,628.999,649.578,645.485,646.201,645.495,661.525
streamweave,1783608771.5826924,1742.400236352,,,,,,,,,,,,,,,,
streamweave,1783608771.78314,1742.600683867,92.09103871937685,88.74471810336355,74.38449416821253,76.25079113672079,73.50347549542118,74.38160883170752,76.26686646263336,74.48617911887422,893.757,905.185,654.249,669.316,660.933,663.041,672.825,678.256
streamweave,1783608786.5820677,1757.399611716,,,,,,,,,,,,,,,,
streamweave,1783608786.7824664,1757.600010488,92.23646078529697,87.97155339492276,72.44454307128886,73.63680601071208,69.24536907009148,70.55799227378758,68.82885008197186,71.23644808524601,904.265,895.727,638.699,621.652,609.785,627.928,600.552,632.665
streamweave,1783608801.5821052,1772.399649054,,,,,,,,,,,,,,,,
streamweave,1783608801.7825499,1772.600093744,0,0,67.3152264623349,65.13009354459858,66.56297099754434,62.12914849078817,61.38924259459589,66.39776264566115,581.435,573.205,559.252,538.409,561.924,526.563,517.962,556.494
streamweave,1783608816.5827317,1787.400275835,,,,,,,,,,,,,,,,
streamweave,1783608816.783169,1787.600713044,89.6269593014535,88.14187890832096,74.59795073729808,74.7144273667514,73.1601283711822,74.35779774511597,74.26975102569303,75.46541435745743,901.684,892.869,655.869,655.027,642.416,661.548,656.869,670.086
streamweave,1783608831.582123,1802.399666974,,,,,,,,,,,,,,,,
streamweave,1783608831.7824633,1802.60000723,90.93482270082333,91.02200326127968,67.0222775315995,67.13948374754372,66.99241773588687,66.64203213998985,66.19055693821963,67.28245696629483,877.964,869.978,547.192,567.099,562.184,567.871,564.35,563.578
streamweave,1783608846.582077,1817.399621058,,,,,,,,,,,,,,,,
streamweave,1783608846.7825072,1817.600051109,91.97698364531828,90.18041404873122,75.31926515260469,75.10673299246933,75.13233039517483,72.58348737669051,73.47957865756796,73.83569958777727,898.185,886.02,665.283,668.676,674.561,689.851,685.722,683.286
streamweave,1783608861.5820127,1832.399556575,,,,,,,,,,,,,,,,
streamweave,1783608861.782538,1832.600082048,87.24122536335494,87.7726711221701,69.76450577924273,73.7315044571891,69.92049462532385,71.35128584165955,69.47560432709136,67.510554309567,372.027,367.095,648.693,664.487,656.671,655.58,650.452,660.007
streamweave,1783608876.5825734,1847.400117489,,,,,,,,,,,,,,,,
streamweave,1783608876.7829947,1847.600538756,92.14710848687272,89.06982543645235,69.84863290444908,70.1681507333049,69.51787838504379,68.94487680813704,68.75827475205075,70.38803294234748,908.222,885.694,613.292,619.187,611.363,597.719,591.102,633.367
streamweave,1783608891.582192,1862.399735855,,,,,,,,,,,,,,,,
streamweave,1783608891.782645,1862.600188912,90.0499684381718,89.24867904376484,67.96743638214245,72.63907878939554,76.80042196701766,72.08575479911413,74.38562544451923,68.45799616877014,849.689,827.22,600.583,641.256,675.462,649.308,644.549,639.21
streamweave,1783608906.5826652,1877.400209189,,,,,,,,,,,,,,,,
streamweave,1783608906.7830532,1877.600597079,89.23480291222519,87.76528078672845,71.83957029610421,73.99962982487118,72.94407562426375,73.21690982260006,73.69222579048244,73.81746563244866,913.295,916.289,630.028,658.711,670.843,665.298,645.177,664.398
streamweave,1783608921.5828598,1892.400403856,,,,,,,,,,,,,,,,
streamweave,1783608921.7833014,1892.600845397,0,0,71.0007893437682,67.95960730782922,69.94557972633905,84.74312694845001,81.1707109548499,87.17746176616386,261.669,254.4,553.421,519.552,581.784,570.687,565.305,590.238
streamweave,1783608936.581943,1907.399487097,,,,,,,,,,,,,,,,
streamweave,1783608936.7834399,1907.600983869,89.29872468271827,89.02008290654098,72.8682850319663,71.95438826833286,74.53041563206313,73.79324676209764,73.3668886339707,75.06385172076664,920.878,897.288,678.228,676.106,696.727,699.347,681.841,699.614
streamweave,1783608951.5827992,1922.400343183,,,,,,,,,,,,,,,,
streamweave,1783608951.7832055,1922.600749509,92.73683209471609,90.963906113432,75.01529417650224,74.04963719974205,75.26395501667716,74.65858987951009,74.44649208670813,75.26646909322939,841.243,833.264,674.036,685.186,686.001,674.003,673.348,673.185
streamweave,1783608966.5825634,1937.400107332,,,,,,,,,,,,,,,,
streamweave,1783608966.782917,1937.600460909,90.44871032009814,91.55072004283836,73.56391717428686,75.8454604012446,75.33894824377391,73.52267973344809,75.71114549029824,74.12304106165095,866.125,844.869,673.029,700.226,706.364,687.222,699.339,682.788
streamweave,1783608981.582663,1952.400207005,,,,,,,,,,,,,,,,
streamweave,1783608981.783067,1952.600610978,92.94393485276585,90.76083597889485,76.53879693410546,76.17108369981761,71.29785202266248,74.32274326210006,72.65032896012985,71.07900672079549,874.801,831.261,666.35,651.869,682.469,672.563,657.455,650.566
streamweave,1783608996.582187,1967.399730935,,,,,,,,,,,,,,,,
streamweave,1783608996.7827833,1967.600327377,0.05194942790674034,0,69.78058801694385,71.75837846493684,71.64360211272002,70.55023895412127,70.01887355176358,69.51035315434537,252.013,248.688,615.836,628.164,640.884,629.304,610.339,606.019
streamweave,1783609011.5821373,1982.399681335,,,,,,,,,,,,,,,,
streamweave,1783609011.7853436,1982.602887729,91.50431070278616,89.242728731363,73.10335416355962,74.678624329527,73.78233497466444,73.96379379679416,73.20838387276541,74.29955886868771,861.302,865.085,673.376,668.395,689.952,672.364,680.534,690.634
streamweave,1783609026.582882,1997.400426044,,,,,,,,,,,,,,,,
streamweave,1783609026.7833195,1997.600863562,31.562361997602157,66.10238846273928,70.09075782615881,70.37625421335193,74.36075242712056,71.47358970718376,73.23806278907146,69.90809250512977,884.608,890.79,631.201,615.77,706.654,652.756,667.834,631.683
streamweave,1783609041.582721,2012.400265017,,,,,,,,,,,,,,,,
streamweave,1783609041.7983737,2012.615917793,87.51499392759028,90.24670381620197,74.68375937824005,76.43567128527064,74.35307521483261,74.39497201833906,73.86428792305804,74.7766616740507,894.696,880.983,672.457,689.737,686.788,684.864,684.014,692.213
streamweave,1783609056.5824814,2027.400025433,,,,,,,,,,,,,,,,
streamweave,1783609056.7827864,2027.600330271,89.96346187918304,88.36181905504574,66.1844004977924,67.24568308324112,66.89182683150227,66.949070570984,67.54569169879572,67.46938092426542,378.827,386.574,539.694,575.823,559.301,567.164,562.796,570.877
streamweave,1783609071.5818665,2042.399410385,,,,,,,,,,,,,,,,
streamweave,1783609071.8183353,2042.635879254,92.87306525019207,91.35426631462448,72.92470718862194,74.25582471542448,72.38262309441905,74.02385845154679,73.0175599062281,73.70448496097248,901.457,890.79,641.553,650.911,639.308,663.536,646.885,661.048
streamweave,1783609086.582772,2057.400315995,,,,,,,,,,,,,,,,
streamweave,1783609086.7831297,2057.600673769,88.61789401753019,89.00023270485997,67.21991651185265,67.6784867268691,66.31953963080467,67.86893572347215,66.25279236730908,70.99272640967122,880.243,848.027,596.732,583.579,594.534,591.942,592.444,630.302
streamweave,1783609101.5820448,2072.399588945,,,,,,,,,,,,,,,,
streamweave,1783609101.7823825,2072.599926438,90.9972660181337,90.11395158479395,70.39741783264026,74.06228169487463,73.650439792946,70.7898932384008,70.07252988786269,68.4349152547677,925.922,885.284,603.995,634.805,644.012,632.867,607.607,585.388
streamweave,1783609116.5827594,2087.400303366,,,,,,,,,,,,,,,,
streamweave,1783609116.7832577,2087.600801771,92.64662568124929,93.52824963250708,73.83741807833864,72.93862893859348,73.74929815854999,73.56682586422363,74.27171583573666,74.83104226819952,866.367,849.523,654.742,664.47,672.172,666.652,654.717,654.33
streamweave,1783609131.582253,2102.399796916,,,,,,,,,,,,,,,,
streamweave,1783609131.782504,2102.600048171,0,0,0,0,0,0,0,0,540.765,504.408,358.536,378.568,377.591,378.009,364.837,368.801
streamweave,1783609146.582816,2117.40035978,,,,,,,,,,,,,,,,
streamweave,1783609146.7945185,2117.612062534,0,0,70.61043111192733,72.09319059499829,68.51138511073943,70.24531802289286,67.12009610505105,67.11180223419024,246.915,243.484,706.664,724.461,704.515,721.873,703.033,689.402
streamweave,1783609161.582471,2132.400014782,,,,,,,,,,,,,,,,
streamweave,1783609161.7922149,2132.60975892,0,0,69.89701916992253,70.07040471990186,71.4375993236392,69.54937044846916,70.13612700155917,69.46067856680192,246.013,242.729,610.799,610.361,623.05,615.499,612.516,606.471
streamweave,1783609176.582743,2147.40028689,,,,,,,,,,,,,,,,
streamweave,1783609176.7831523,2147.600696282,0,0,0,0,0,0,0,0,245.482,242.391,240.969,241.777,247.526,244.541,241.833,243.131
streamweave,1783609191.5827026,2162.40024653,,,,,,,,,,,,,,,,
streamweave,1783609191.7830396,2162.600583483,0,0,88.04942284041101,85.54263743023388,0,0,88.27380961345095,82.2531845937844,245.419,242.023,812.443,810.315,625.08,487.871,809.5,809.491
streamweave,1783609206.5828059,2177.400349974,,,,,,,,,,,,,,,,
streamweave,1783609206.783275,2177.600818906,0,0,70.7699755172992,70.244585429064,70.25612945117996,74.63314495330332,69.60571247255409,69.27946604065652,245.267,241.948,620.611,609.352,634.943,653.219,600.125,603.617
streamweave,1783609221.5821455,2192.399689406,,,,,,,,,,,,,,,,
streamweave,1783609221.7949257,2192.612469743,0,0,0,0,68.82537453591473,70.50440502507776,0,0,245.206,241.82,259.718,241.628,628.023,645.489,242.346,243.498
streamweave,1783609236.5827765,2207.400320448,,,,,,,,,,,,,,,,
streamweave,1783609236.7831633,2207.600707301,0,0,81.09657071866998,80.93981116549809,81.88055118453902,79.94477527249462,80.89283816694204,80.9625732140629,245.01,241.781,770.518,773.825,788.676,779.054,773.483,799.702
streamweave,1783609251.5821486,2222.399692531,,,,,,,,,,,,,,,,
streamweave,1783609251.782533,2222.60007701,0,0,73.00585530036331,72.55928282774317,73.32435783063377,74.5730853231541,73.85296374094355,72.28914285428267,244.918,241.752,674.863,673.262,693.112,694.0,663.152,674.529
streamweave,1783609266.582739,2237.400283051,,,,,,,,,,,,,,,,
streamweave,1783609266.783066,2237.600610145,0,0,71.14412785007981,73.11382206910308,73.24775648508151,71.78744594084634,72.59733847437893,71.25968948052981,244.906,241.64,659.521,649.744,674.932,666.455,652.587,637.731
streamweave,1783609281.582573,2252.400116981,,,,,,,,,,,,,,,,
streamweave,1783609281.7828534,2252.60039738,0,0,0,56.82372378479668,0,56.40335296682451,58.569287888830615,0,244.922,241.638,413.605,510.683,268.177,519.281,510.144,243.281
streamweave,1783609296.5829034,2267.400447439,,,,,,,,,,,,,,,,
streamweave,1783609296.7831402,2267.600684073,0,0,0,0,0,0.23320033918380542,58.22425561320838,0,244.884,241.682,239.178,239.662,244.021,495.738,516.271,241.801
streamweave,1783609311.5828183,2282.400362264,,,,,,,,,,,,,,,,
streamweave,1783609311.783307,2282.600851086,0,0,0,0,0,0,0,0,244.87,241.59,238.897,239.172,243.495,242.517,239.759,241.249
streamweave,1783609326.5826857,2297.400229687,,,,,,,,,,,,,,,,
streamweave,1783609326.7830517,2297.600595785,0,0,0,0,0,0,0,0,244.83,241.621,238.529,238.943,243.162,241.955,239.153,241.225
streamweave,1783609341.5819626,2312.399506593,,,,,,,,,,,,,,,,
streamweave,1783609341.7824762,2312.60002022,90.32111251163757,88.315161908463,75.55688727089903,73.70611303997384,76.95425062543701,75.6329593536502,75.75416061789876,75.00492968307776,904.663,891.153,662.396,664.037,674.66,672.028,664.658,671.616
streamweave,1783609356.5821884,2327.399732359,,,,,,,,,,,,,,,,
streamweave,1783609356.7826326,2327.600176601,90.33311315041689,85.89007845385024,70.60180411463452,72.73969165360397,70.51878792839837,69.34105159505192,69.52544151039783,70.07879874475265,847.708,853.442,609.745,632.423,625.772,604.351,609.897,613.331
streamweave,1783609371.5828815,2342.400425375,,,,,,,,,,,,,,,,
streamweave,1783609371.784272,2342.601815856,86.5632652492337,79.95889961632503,67.13031926521454,67.37776058188663,67.759005308255,72.34165056059844,62.79927458455623,64.54007240583728,880.509,899.112,622.198,626.595,651.86,650.587,623.961,629.674
streamweave,1783609386.581975,2357.399518973,,,,,,,,,,,,,,,,
streamweave,1783609386.7824583,2357.600002284,87.63716232848341,90.75347384754474,69.1342210396277,69.57535602633578,65.90875611153115,66.36129220007977,68.88828431079303,69.10741201310258,900.329,882.581,588.643,603.533,551.96,581.255,585.213,596.463
streamweave,1783609401.582823,2372.400367014,,,,,,,,,,,,,,,,
streamweave,1783609401.7833216,2372.600865537,91.08102560979245,89.18136472237899,73.25213923131344,71.6191836356538,66.6569168340888,69.82178131501355,70.87149002550144,69.55847444032557,898.076,878.409,653.262,625.702,586.82,624.634,630.216,623.849
streamweave,1783609416.5826213,2387.400165424,,,,,,,,,,,,,,,,
streamweave,1783609416.782959,2387.600503055,84.83838907276582,86.90040317812904,66.51752067870828,67.01347665001181,66.53471663306709,66.8211536736458,65.58283948108348,66.1622036524755,892.717,872.839,541.229,559.505,556.086,560.747,540.56,554.78
streamweave,1783609431.5821037,2402.39964769,,,,,,,,,,,,,,,,
streamweave,1783609431.7824495,2402.599993453,0,0,69.29026776873654,87.68953326584375,88.44902656139601,89.35729763440943,89.30286339132073,80.94325182015079,263.203,260.141,287.472,320.319,334.292,370.863,380.707,357.427
streamweave,1783609446.5828133,2417.400357296,,,,,,,,,,,,,,,,
streamweave,1783609446.7831292,2417.600673274,93.85975932442595,92.94574893713626,75.45081568795852,76.22402913741242,75.1914373385718,75.82207473351752,74.76258072995276,75.75045257051859,927.801,891.646,677.487,686.764,683.274,680.178,677.225,693.003
streamweave,1783609461.5826037,2432.400147663,,,,,,,,,,,,,,,,
streamweave,1783609461.7828765,2432.600420537,91.75750957701707,91.90799911523413,73.80084231378203,76.59319893816168,74.29345600088072,74.68898844820163,74.27394516001972,75.113676106231,936.235,878.095,688.263,707.627,701.948,695.875,680.394,708.139
streamweave,1783609476.5821738,2447.399717904,,,,,,,,,,,,,,,,
streamweave,1783609476.7826836,2447.6002277,91.87922298931878,88.88011180231673,62.15990566384101,59.779864528231606,64.91480099819127,60.31898526135695,69.31878381675894,59.23958768299452,853.811,848.331,649.163,603.798,638.887,613.082,656.34,612.22
streamweave,1783609491.5821514,2462.399695351,,,,,,,,,,,,,,,,
streamweave,1783609491.7826307,2462.600174712,85.59285109555654,85.79146755200276,69.7269965458996,70.01364113256615,69.53154284767011,67.41162097690875,69.2228709734208,65.65705822019046,412.86,404.459,599.294,597.823,615.843,576.807,601.853,574.24
streamweave,1783609506.582305,2477.399848862,,,,,,,,,,,,,,,,
streamweave,1783609506.7826347,2477.600178749,93.12379257189524,91.59444181704062,69.71820495474475,65.4297640934793,63.60838082145811,72.07567525176678,68.7218495309528,68.88257053892545,895.774,886.045,623.127,642.229,617.377,658.003,636.237,638.904
streamweave,1783609521.5828083,2492.400352138,,,,,,,,,,,,,,,,
streamweave,1783609521.7832744,2492.600818328,87.2326675697086,91.18428738892995,65.71799586287135,67.40093290206276,63.340582869222516,66.63077676831995,65.68238693648235,73.3491653953291,891.331,880.654,618.129,632.591,619.952,630.937,627.269,656.976
streamweave,1783609536.5824885,2507.400032496,,,,,,,,,,,,,,,,
streamweave,1783609536.7828183,2507.60036231,90.29061105471408,88.95294947694235,74.8138699094375,75.95839775835606,74.81530478880963,75.47678435879614,75.21131126441352,74.56186967348395,899.134,884.834,688.9,692.013,698.013,708.985,694.107,675.312
streamweave,1783609551.5827568,2522.400300659,,,,,,,,,,,,,,,,
streamweave,1783609551.7831593,2522.600703162,91.45191636294273,83.28351840590969,61.19706844863029,69.13543584548607,66.76935569581062,60.63735179886832,67.84756699151748,59.614788972550414,903.032,871.033,602.585,638.725,635.46,610.121,643.513,607.446
streamweave,1783609566.5821736,2537.399717515,,,,,,,,,,,,,,,,
streamweave,1783609566.7826226,2537.600166627,93.3189521536649,92.06704682883341,74.56463724261067,74.75524321326874,73.7509176876602,73.79246304585486,73.54634403975331,74.9000637456238,680.459,700.573,705.042,687.256,689.865,711.621,695.848,699.667
streamweave,1783609581.5827951,2552.400339138,,,,,,,,,,,,,,,,
streamweave,1783609581.7831585,2552.600702472,0,0,70.05877295013289,70.56348382851442,70.20568596524912,71.34028608777977,74.23625561571157,70.1925839941639,498.488,456.655,616.612,625.482,641.691,643.766,673.853,637.354
streamweave,1783609596.5821452,2567.399689288,,,,,,,,,,,,,,,,
streamweave,1783609596.7825773,2567.600121335,93.07634614388964,91.9557854005313,72.38517622725979,74.9705394461195,74.67897312284468,73.0417468172454,77.33483220544012,72.30808099371228,887.462,874.117,665.38,675.38,681.896,679.858,691.325,672.87
streamweave,1783609611.5822752,2582.399819266,,,,,,,,,,,,,,,,
streamweave,1783609611.783571,2582.601114948,0,5.996380648902611,74.47099127586308,75.44289667896938,71.01178305259359,71.08789298629719,69.40527924293195,69.64895020361816,891.385,889.31,654.962,656.981,641.636,640.971,611.043,619.269
streamweave,1783609626.5827684,2597.400312398,,,,,,,,,,,,,,,,
streamweave,1783609626.7831168,2597.600660839,93.37315125381079,91.06666545227611,51.238702614329156,61.443056868707934,66.58563253124767,66.3851168399608,69.69433399277011,72.55602910690673,823.497,817.505,625.317,623.459,628.801,621.718,640.964,675.75
streamweave,1783609641.5819814,2612.3995255,,,,,,,,,,,,,,,,
streamweave,1783609641.7823822,2612.59992623,92.79988773716568,90.8593320620065,69.22263730779208,70.20599782363749,70.71722719112684,70.99368683290143,73.95967470284333,73.12635244684566,876.646,863.73,573.453,600.363,633.477,631.709,653.826,653.82
streamweave,1783609656.5822706,2627.399814576,,,,,,,,,,,,,,,,
streamweave,1783609656.7827132,2627.600257219,85.35411383919462,89.61715732038442,68.60032013863413,69.12717658593428,61.94503209822073,61.35975735091489,63.95237048517121,58.008736171245225,798.246,731.395,650.861,633.483,629.211,614.78,632.692,625.311
streamweave,1783609671.5826416,2642.400185692,,,,,,,,,,,,,,,,
streamweave,1783609671.782931,2642.600475203,91.65029349340894,89.67295972034938,72.94417457335142,75.47437034712702,74.53508896097065,71.34041353300418,71.21768663958072,72.43000995621131,923.744,920.648,656.857,682.954,652.689,625.091,619.165,643.366
streamweave,1783609686.582693,2657.400237132,,,,,,,,,,,,,,,,
streamweave,1783609686.7831044,2657.600648497,91.56430699122447,86.22043475076805,71.68531846596574,65.76024439579707,72.35403060857749,71.50367379354053,72.93418763153599,74.14301067953319,473.394,521.487,663.054,650.946,682.17,677.972,675.423,673.177
streamweave,1783609701.5828917,2672.400435603,,,,,,,,,,,,,,,,
streamweave,1783609701.7832947,2672.600838695,91.38347384257284,89.62231886234021,74.21157064801322,74.9593935208308,76.00043542709219,71.42331979626401,71.72570956981102,73.74369251015378,890.378,866.642,672.993,713.718,720.685,648.625,652.64,704.598
streamweave,1783609716.5828593,2687.400403245,,,,,,,,,,,,,,,,
streamweave,1783609716.7932076,2687.61075169,86.96879748642694,87.21273972350674,58.85886851012687,70.5244537987444,60.44207996101542,59.396635308577316,62.20206095421749,60.11977450909319,879.656,867.022,599.289,664.104,613.396,605.953,615.748,621.929
streamweave,1783609731.582563,2702.40010693,,,,,,,,,,,,,,,,
streamweave,1783609731.7829597,2702.600503636,0,0,74.17156105579866,74.05231134787859,72.93638771224714,72.57307456759702,72.6859092916802,73.91755936595187,675.472,685.102,658.903,647.274,647.34,656.697,636.54,655.111
streamweave,1783609746.5824003,2717.399944432,,,,,,,,,,,,,,,,
streamweave,1783609746.7827413,2717.600285205,92.42754040456288,91.17797382985667,63.814193911677584,65.21539422733598,65.76632629269015,67.5065920276558,60.7676516591205,61.92858743480558,902.283,886.261,631.079,640.487,653.77,654.302,622.898,642.822
streamweave,1783609761.5825825,2732.400126402,,,,,,,,,,,,,,,,
streamweave,1783609761.7828693,2732.600413414,92.22731572903817,89.05248407939655,68.54751989597226,69.5955524119008,70.64100482167342,69.43461431824656,69.58021577338064,69.82647182710863,840.981,834.446,595.311,602.989,646.072,622.142,596.233,622.192
streamweave,1783609776.5824428,2747.399986789,,,,,,,,,,,,,,,,
streamweave,1783609776.7840078,2747.601551677,87.12017840296062,81.67493024289458,67.59049973043616,70.47059890810583,60.720285587868226,62.34175316108023,69.47208958900448,56.926483889764825,889.068,878.004,661.648,661.425,615.278,613.726,658.414,607.041
streamweave,1783609791.5827477,2762.400291807,,,,,,,,,,,,,,,,
streamweave,1783609791.783067,2762.600610996,92.30622883574735,89.61862938491066,73.21360774242079,72.87407109413701,73.04379929407139,74.2006868238991,73.60356442895727,73.5912334109737,925.559,893.568,652.933,633.546,655.398,658.492,660.631,652.961
streamweave,1783609806.5826075,2777.40015148,,,,,,,,,,,,,,,,
streamweave,1783609806.7830453,2777.600589407,33.78330284066976,86.27279247707702,75.85143001014436,76.26289407207878,73.4110647673014,73.2783883596369,72.54680022942712,71.38747910666343,667.112,621.421,676.334,679.307,692.562,684.206,671.995,683.701
streamweave,1783609821.5825965,2792.400140657,,,,,,,,,,,,,,,,
streamweave,1783609821.782993,2792.600537142,1.7776024242361779,8.153353160001894,66.38229190774216,67.22445937831414,67.5275790424782,68.45819210547445,66.17267305200059,65.81832892786541,252.375,249.124,554.958,552.515,598.047,564.947,547.112,546.091
streamweave,1783609836.582264,2807.399808031,,,,,,,,,,,,,,,,
streamweave,1783609836.7825477,2807.600091727,87.62976887972796,41.69159015350876,73.03714447851627,69.38881825972588,70.69012442211029,73.75985313510283,74.27972206654063,75.01446366226605,898.312,913.731,633.113,651.342,661.176,659.629,657.218,670.516
streamweave,1783609851.5826774,2822.40022136,,,,,,,,,,,,,,,,
streamweave,1783609851.783168,2822.600712031,89.65328198773743,82.70064707970681,70.24381136091463,71.84483533612813,70.41907772258243,70.77128319909437,73.18973447054687,66.62178381589978,876.574,870.141,608.61,629.207,635.655,637.831,632.58,623.903
streamweave,1783609866.5824049,2837.399948791,,,,,,,,,,,,,,,,
streamweave,1783609866.7826333,2837.600177409,91.27716983413818,90.09657847521675,66.5915210241367,66.54620924517035,69.59506444489512,65.57314192716923,66.50146834617921,66.23091417091292,909.822,901.93,563.904,580.148,622.18,570.847,563.745,555.743
streamweave,1783609881.5827625,2852.400306548,,,,,,,,,,,,,,,,
streamweave,1783609881.7831395,2852.600683369,0,0,74.63971926562034,74.75918748519813,77.12327460473608,77.75564950245905,76.1820124118584,77.73199410607143,587.129,548.993,608.509,646.126,636.255,638.739,633.757,632.835
streamweave,1783609896.5825758,2867.400119708,,,,,,,,,,,,,,,,
streamweave,1783609896.7829325,2867.600476529,16.624191541196502,43.10547216417155,66.3121839448256,69.95058761040438,65.53578724434676,66.0193205256828,70.03188692152199,65.09194725782989,402.26,372.9,570.388,609.055,582.574,581.879,608.295,567.95
streamweave,1783609911.582232,2882.399776104,,,,,,,,,,,,,,,,
streamweave,1783609911.782612,2882.6001561,0,0,64.17212584894015,70.76222360845837,68.67325384715183,61.09888934858327,67.02232992144963,41.917755122815095,249.172,245.965,666.169,691.504,629.232,637.152,671.769,648.362
streamweave,1783609926.5827105,2897.400254394,,,,,,,,,,,,,,,,
streamweave,1783609926.7831292,2897.600673203,0,0,73.61380708130912,74.11745138620547,78.54698076388803,56.18484368019546,79.01463134140013,73.01430338347507,246.743,243.366,655.257,688.603,694.092,626.856,668.86,703.178
streamweave,1783609941.5827725,2912.400316597,,,,,,,,,,,,,,,,
streamweave,1783609941.7830622,2912.600606253,0,0,66.87043006563056,67.90442914412107,66.77383693812286,67.28220975144507,66.64334106102831,66.65760086648852,245.97,242.636,550.825,578.224,598.036,606.289,598.42,595.632
streamweave,1783609956.5823104,2927.399854375,,,,,,,,,,,,,,,,
streamweave,1783609956.8121634,2927.629707295,0,0,80.99989807123292,80.29951874155581,0,80.26590729071104,80.10458050491751,80.70463973513982,245.672,242.29,801.37,781.906,395.515,806.261,785.393,806.678
streamweave,1783609971.5827527,2942.400296628,,,,,,,,,,,,,,,,
streamweave,1783609971.7831738,2942.600717761,0,0,72.44495433415156,73.81978328695251,72.1754326171179,72.36489368235351,69.49823049515646,71.92824550451472,245.408,242.103,636.901,645.641,656.459,649.877,612.95,642.104
streamweave,1783609986.5821426,2957.399686666,,,,,,,,,,,,,,,,
streamweave,1783609986.7825933,2957.600137328,0,0,70.09809461076058,68.56107382484359,67.85959453772159,67.62315306156742,67.389882058795,66.8706929406418,245.303,241.926,610.015,587.716,573.037,588.288,558.736,597.65
streamweave,1783610001.5821896,2972.399733456,,,,,,,,,,,,,,,,
streamweave,1783610001.782557,2972.600101083,0,0,82.70433780332942,78.93831195846074,81.67364111865403,73.67138860928057,82.96286416998606,80.32711536388209,245.079,241.844,809.72,815.023,826.269,778.211,818.173,821.116
streamweave,1783610016.582083,2987.399626936,,,,,,,,,,,,,,,,
streamweave,1783610016.7825928,2987.600136837,0,0,75.11500969689065,75.83340949891158,74.67525438547727,72.29430976697886,69.9336898646246,75.19483289494232,245.028,241.739,659.127,653.524,661.118,686.875,658.23,664.942
streamweave,1783610031.582704,3002.400248078,,,,,,,,,,,,,,,,
streamweave,1783610031.783251,3002.600794953,0,0,72.1046713284006,73.2008868846178,70.61090521998237,69.71388575609907,66.80247456812138,67.30528336016964,245.013,241.714,646.718,657.421,625.108,617.2,592.545,584.553
streamweave,1783610046.5823178,3017.399861778,,,,,,,,,,,,,,,,
streamweave,1783610046.7837307,3017.601274783,0,0,59.702444418305646,55.76087148888419,12.73699006306106,58.130464555000735,0,56.471439968669166,245.135,241.593,520.831,512.638,490.377,523.173,263.012,517.061
streamweave,1783610061.5821416,3032.399685564,,,,,,,,,,,,,,,,
streamweave,1783610061.7824204,3032.599964388,0,0,0,0,0,0,0,0,244.898,241.708,239.383,239.771,244.036,242.55,239.698,241.76
streamweave,1783610076.582891,3047.400435008,,,,,,,,,,,,,,,,
streamweave,1783610076.7833097,3047.600853671,0,0,0,0,0,0,0,0,244.908,241.603,238.956,239.316,243.523,241.982,239.142,241.41
streamweave,1783610091.5822093,3062.399753305,,,,,,,,,,,,,,,,
streamweave,1783610091.7826235,3062.600167542,0,0,77.45715546780292,77.94019924672132,77.35885882981742,77.75727577079437,77.45633956901533,77.43984214477614,245.068,241.656,603.332,598.23,600.348,612.538,602.365,601.953
streamweave,1783610106.5828464,3077.400390451,,,,,,,,,,,,,,,,
streamweave,1783610106.7835007,3077.601044737,92.38510031276785,92.3273477130044,72.33775482354893,74.44944937726518,71.3751386504354,72.966059652193,72.05073752954503,71.84937136516056,908.556,884.563,617.841,634.819,634.329,657.068,631.853,629.89
streamweave,1783610121.5828562,3092.400400146,,,,,,,,,,,,,,,,
streamweave,1783610121.7832434,3092.600787406,0,0,69.99222065506952,69.3637540808366,73.26376580091379,70.85861843515198,68.78842013619206,77.22211130033652,569.272,538.68,589.841,581.304,581.68,586.184,586.386,605.592
streamweave,1783610136.5826645,3107.400208456,,,,,,,,,,,,,,,,
streamweave,1783610136.9146955,3107.732239492,90.74766126139406,87.87970782434333,68.31641553217764,65.75837963077319,65.04902888066812,65.09743577150958,66.75638092769405,66.6675289840283,872.21,841.854,578.216,562.095,574.735,568.231,539.588,549.265
streamweave,1783610151.5827012,3122.400245189,,,,,,,,,,,,,,,,
streamweave,1783610151.783142,3122.600686049,88.38137117578347,88.35710295541475,72.91226190362885,74.40143788219147,74.3474592174847,74.42231873462151,74.69165440718584,73.81032662005904,903.998,879.259,669.988,663.574,670.319,664.08,664.105,661.04
streamweave,1783610166.5826538,3137.400197785,,,,,,,,,,,,,,,,
streamweave,1783610166.7828994,3137.600443483,0,0,74.18701107576003,73.5486121971033,73.13726638363545,72.84654389252802,71.56162354451514,76.00547585111454,755.972,705.907,665.78,658.968,666.775,673.98,658.121,677.736
streamweave,1783610181.582685,3152.4002291,,,,,,,,,,,,,,,,
streamweave,1783610181.7830763,3152.600620295,84.74124995688477,90.92360769263104,66.65245285672792,65.14029404269947,65.39828500229116,66.10583865618845,66.6996260089602,58.97052393332734,899.057,903.253,558.259,529.907,534.63,552.791,555.173,514.06
streamweave,1783610196.5821478,3167.399691932,,,,,,,,,,,,,,,,
streamweave,1783610196.782664,3167.600208135,86.33975247218889,80.39870629563242,73.41851032650631,69.083835395089,73.42026986053916,70.40125448794586,70.86459425841073,64.60857372572441,911.389,876.048,656.475,642.561,655.268,667.121,654.797,645.939
streamweave,1783610211.5827575,3182.400301513,,,,,,,,,,,,,,,,
streamweave,1783610211.7831533,3182.600697246,82.98983575784116,80.04416973154298,65.48543905900269,60.091783681470986,67.01003555321307,63.18027660121063,64.18168485178566,63.41113009729049,887.87,878.018,576.49,563.323,596.734,598.34,591.499,592.06
streamweave,1783610226.5828452,3197.400389122,,,,,,,,,,,,,,,,
streamweave,1783610226.7832117,3197.600755701,92.82935229365081,90.15209423592381,65.55041011185864,67.0685638515869,66.42623474225537,66.7557216120523,66.59760926155525,65.40344026955941,903.677,899.503,574.483,570.539,569.003,572.991,564.019,583.84
streamweave,1783610241.582139,3212.399682957,,,,,,,,,,,,,,,,
streamweave,1783610241.7825737,3212.600117717,91.87419400829756,90.03447825013386,75.19656060009592,74.66016233970578,74.91037748841995,74.97315901217367,75.46942400706797,74.96024812775174,844.204,832.527,668.613,668.134,676.166,679.985,669.731,680.271
streamweave,1783610256.5819716,3227.399515623,,,,,,,,,,,,,,,,
streamweave,1783610256.7823992,3227.599943132,83.96006914713334,83.77749246074048,67.51348636407623,0,65.04558862523649,66.77322975974671,67.05004595209316,66.71055510237728,874.969,834.648,551.291,240.868,543.73,553.367,537.964,560.003
streamweave,1783610271.5818722,3242.39941611,,,,,,,,,,,,,,,,
streamweave,1783610271.782499,3242.600042987,78.75532130896069,86.36562563755994,74.6732348204424,74.16247362998739,74.17676924301963,74.73879060106331,74.23822696182295,74.41040619583691,863.245,887.406,661.475,652.505,664.692,672.739,662.774,666.037
streamweave,1783610286.581953,3257.399496939,,,,,,,,,,,,,,,,
streamweave,1783610286.782451,3257.599994953,84.48876689891837,86.58359348205276,77.22912637036835,73.79435782334642,73.42865129460122,74.43814494002375,76.38402538455614,76.79498633805318,906.412,877.192,673.49,663.742,672.857,666.015,677.259,683.256
streamweave,1783610301.5826645,3272.400208461,,,,,,,,,,,,,,,,
streamweave,1783610301.7829611,3272.600505104,89.07933684656749,88.21749893167396,66.35585674183203,66.14711638903725,65.07752765711493,56.286004364257,65.85438053803901,55.83669922813015,915.886,913.851,548.149,545.141,540.846,513.643,553.232,519.539
streamweave,1783610316.5826485,3287.400192634,,,,,,,,,,,,,,,,
streamweave,1783610316.783115,3287.600659015,90.49068140608773,90.63860129975501,74.16216092854657,74.65404341123049,69.80816330890116,73.11705433452947,71.06215353152285,73.35597463043759,860.748,840.402,662.433,664.59,673.668,667.993,667.4,665.171
streamweave,1783610331.5826838,3302.400227777,,,,,,,,,,,,,,,,
streamweave,1783610331.7830734,3302.600617519,74.97608726492395,62.004845831127334,68.55407521653176,66.01007211210673,69.08066701959442,67.07411580611625,66.38717271403868,66.66290232530741,909.622,904.464,582.797,569.764,604.479,564.671,555.73,561.835
streamweave,1783610346.582023,3317.399566917,,,,,,,,,,,,,,,,
streamweave,1783610346.782394,3317.599938042,91.06410076553456,81.68632259539392,76.31511073093913,75.24351639728742,70.40500214941927,72.58418065090623,74.81683460894038,69.44094794635582,909.158,902.706,667.85,666.339,673.933,670.693,674.34,667.289
streamweave,1783610361.5826077,3332.400151676,,,,,,,,,,,,,,,,
streamweave,1783610361.783048,3332.600591914,91.86861805017172,89.7927602582652,72.37980124894413,74.49283787830213,72.47843114571815,70.64333495871995,73.97634661347965,73.21143205303792,913.578,887.261,629.569,648.852,661.386,629.283,638.394,652.407
streamweave,1783610376.5822337,3347.399777686,,,,,,,,,,,,,,,,
streamweave,1783610376.7826726,3347.600216631,41.013531672012896,37.39090217785996,66.12993804085968,67.32036665470615,67.21493523339515,63.41322215776967,65.19179445750048,67.82249765962682,250.12,245.902,534.995,557.632,559.66,532.615,536.625,567.75
streamweave,1783610391.5823853,3362.399929369,,,,,,,,,,,,,,,,
streamweave,1783610391.7827094,3362.600253251,93.15735213516666,90.35400475069173,69.79584697892722,70.97216372722164,72.90006174434673,71.6326124110909,72.41139986980009,72.5541576246507,916.171,912.04,656.048,661.633,664.516,668.604,664.257,675.637
streamweave,1783610406.5828247,3377.400368642,,,,,,,,,,,,,,,,
streamweave,1783610406.7830777,3377.600621719,90.84153223370845,88.8218862170175,75.15479962476005,76.802843569676,74.56666505600553,74.4894754579141,76.17963689244367,71.08264080414976,883.785,895.364,661.721,673.442,673.674,677.999,661.92,670.142
streamweave,1783610421.5826118,3392.400155839,,,,,,,,,,,,,,,,
streamweave,1783610421.7830088,3392.600552761,87.65802444163711,84.36474465434804,67.4690210704961,60.287469307012366,65.71156133483959,66.87535366264696,63.31961870454514,66.25453693803497,576.835,564.166,557.397,510.167,545.13,556.847,534.627,550.695
streamweave,1783610436.581872,3407.399415972,,,,,,,,,,,,,,,,
streamweave,1783610436.7821596,3407.599703491,0,0,0,0,0,0,0,0,665.254,644.674,240.322,240.382,245.082,243.431,240.339,242.524
streamweave,1783610451.5826807,3422.40022465,,,,,,,,,,,,,,,,
streamweave,1783610451.7829769,3422.600520812,91.2386543708596,89.15087166265799,70.50663953386304,71.37912459660865,70.36000620394938,70.52011137962292,70.44795323740773,74.87543427725906,899.073,882.091,640.36,657.967,663.752,663.717,656.289,662.233
streamweave,1783610466.5826714,3437.400215431,,,,,,,,,,,,,,,,
streamweave,1783610466.7831125,3437.600656491,92.41704162344149,90.73734998723975,76.05612249200146,76.61398388029207,76.17614313651703,75.04082230460156,76.25544855735372,75.05516582057146,582.007,585.988,672.138,674.583,686.034,679.262,683.787,668.205
streamweave,1783610481.582623,3452.400167014,,,,,,,,,,,,,,,,
streamweave,1783610481.7829726,3452.600516647,90.01532711039413,90.23368017559102,66.95088884142446,67.39607498846559,63.80859144932186,64.73976676529824,66.91717843031901,66.96888498680158,933.377,901.917,569.624,574.343,532.11,543.942,574.76,583.359
streamweave,1783610496.5824468,3467.399990756,,,,,,,,,,,,,,,,
streamweave,1783610496.7839527,3467.601496792,91.17919638087652,88.78840648824868,73.9122774967509,72.08944288296561,73.35334948528914,75.8989931557679,73.8819795551914,71.70543519481733,705.214,711.018,653.186,657.752,671.186,669.601,657.432,660.31
streamweave,1783610511.5825975,3482.400141424,,,,,,,,,,,,,,,,
streamweave,1783610511.7830045,3482.600548562,85.11979497707067,88.83583391358705,38.951153156210864,56.08971887584325,55.42283276510152,57.01298544088177,58.08051773329337,55.24560573011497,897.484,884.297,519.381,533.025,535.67,547.396,534.225,538.943
streamweave,1783610526.5827997,3497.400343644,,,,,,,,,,,,,,,,
streamweave,1783610526.7831554,3497.600699495,88.72390934128852,88.96363836926812,65.44745906248764,67.14117432922886,66.54314244892821,66.3573410196935,65.81357647519555,65.46906675098325,900.291,876.779,570.16,563.073,572.947,573.148,572.21,565.865
streamweave,1783610541.5827935,3512.400337403,,,,,,,,,,,,,,,,
streamweave,1783610541.7831907,3512.600734696,31.297343871089556,35.14818113052294,74.13057598301144,75.8616793090728,74.46663045501477,75.69820182665012,75.26034233808511,75.24211964465405,906.86,909.545,660.48,670.831,675.85,676.641,670.271,676.594
streamweave,1783610556.5828335,3527.400377522,,,,,,,,,,,,,,,,
streamweave,1783610556.7830827,3527.600626703,51.214163995325215,54.110305765358966,66.73992340001888,64.94538934406118,65.29670730039895,66.21804080466984,64.54410069105643,56.018647680568975,862.981,851.562,552.978,531.229,543.961,549.918,530.29,514.664
streamweave,1783610571.5819802,3542.399524232,,,,,,,,,,,,,,,,
streamweave,1783610571.7824092,3542.599953089,0,0,73.04004272657643,67.54184889700608,69.56950994425618,72.7622740946234,71.38073059438241,72.11688102433506,247.392,244.14,703.96,712.609,718.587,725.297,712.666,722.388
streamweave,1783610586.5824883,3557.400032286,,,,,,,,,,,,,,,,
streamweave,1783610586.7827806,3557.600324759,0,0,65.85533338340333,69.7061363440081,70.356043606058,68.32012751622095,67.7144365767326,70.55269306643014,246.168,242.855,574.311,587.491,613.283,567.748,568.538,621.37
streamweave,1783610601.5828338,3572.400377857,,,,,,,,,,,,,,,,
streamweave,1783610601.783243,3572.600787005,0,0,0,68.94083554867494,67.35740651507965,0,0,68.38609303767436,245.82,242.474,367.803,590.984,588.408,244.493,242.385,598.895
streamweave,1783610616.5820105,3587.399554473,,,,,,,,,,,,,,,,
streamweave,1783610616.80186,3587.619404126,0,0,88.1373482396837,87.58907423115899,87.08014388445905,87.53585690968052,87.28354004806198,88.83391858758952,245.578,242.146,605.681,809.935,830.372,821.226,797.942,834.762
streamweave,1783610631.5826101,3602.4001541,,,,,,,,,,,,,,,,
streamweave,1783610631.7829833,3602.600527315,0,0,67.67704236306513,71.66310731443684,67.13773082130076,67.6918717200963,66.21798609565276,67.14503870100921,245.219,241.897,560.859,597.107,598.747,578.798,572.536,561.095
streamweave,1783610646.582613,3617.400157094,,,,,,,,,,,,,,,,
streamweave,1783610646.7830822,3617.600626184,0,0,0,0,0,0,0,0,245.179,241.875,240.537,241.679,246.564,243.946,241.322,242.707
streamweave,1783610661.5820787,3632.399622593,,,,,,,,,,,,,,,,
streamweave,1783610661.7825277,3632.600071672,0,0,83.99634658513028,83.89640044405179,82.18580647963363,86.45090878802365,82.87001065459361,87.26420365623436,245.053,241.614,792.321,829.289,804.825,830.676,828.136,849.696
streamweave,1783610676.5819204,3647.399464346,,,,,,,,,,,,,,,,
streamweave,1783610676.782328,3647.599871803,0,0,70.00173686013916,70.34724300458173,73.77189586874137,70.82011404587372,70.4842918611227,69.46687519641782,244.97,241.624,606.02,621.0,673.807,635.025,621.06,623.186
streamweave,1783610691.5825262,3662.400070254,,,,,,,,,,,,,,,,
streamweave,1783610691.7827597,3662.600303728,0,0,0,0,71.57338526020021,25.60914494292006,0,0,244.946,241.76,241.061,242.876,670.726,620.279,241.974,243.785
streamweave,1783610706.5822198,3677.399763786,,,,,,,,,,,,,,,,
streamweave,1783610706.7825384,3677.600082407,0,0,0,0,0,0,0,0,244.906,241.722,239.734,240.555,244.997,243.251,239.973,242.325
streamweave,1783610721.5819924,3692.39953648,,,,,,,,,,,,,,,,
streamweave,1783610721.782172,3692.599715846,0,0,0,0,0,0,0,0,244.896,241.696,239.033,239.541,243.801,242.223,239.273,241.686
streamweave,1783610736.5827289,3707.40027289,,,,,,,,,,,,,,,,
streamweave,1783610736.7831454,3707.600689432,59.79225137911918,26.14091559771996,0,0,0,0,0,0,245.029,241.719,238.559,239.112,243.28,241.793,239.099,241.252
streamweave,1783610751.582676,3722.400219965,,,,,,,,,,,,,,,,
streamweave,1783610751.7832222,3722.600766122,91.40507064214299,90.71842232265371,68.57546205029462,73.31465856900475,68.7008757525594,67.11087778578421,68.75624402323832,71.77408835739085,891.666,890.513,636.278,657.834,644.603,654.403,639.529,650.972
streamweave,1783610766.5818753,3737.399419232,,,,,,,,,,,,,,,,
streamweave,1783610766.833544,3737.651087953,93.47109529996743,90.19808984688883,76.27526959383866,72.56573160149549,73.68823989576015,75.80828697862307,73.57550180113847,75.68801981725146,896.184,899.287,669.159,653.09,670.475,669.068,655.33,680.994
streamweave,1783610781.5824895,3752.400033554,,,,,,,,,,,,,,,,
streamweave,1783610781.8293421,3752.646886117,0,0,66.68515481137874,60.45032608603857,66.40277798375443,65.98656005525343,66.30593413679186,67.11000284614089,365.557,349.126,550.86,525.224,566.258,552.058,560.981,557.721
streamweave,1783610796.5821316,3767.399675578,,,,,,,,,,,,,,,,
streamweave,1783610796.7825801,3767.600124058,91.60421318765121,91.8340494751218,64.88568849788126,66.77876231243913,69.1362302526567,66.49680607786743,66.13472588794076,68.18855977458075,890.375,887.02,537.3,555.641,604.84,551.415,562.273,594.52
streamweave,1783610811.5828247,3782.400368799,,,,,,,,,,,,,,,,
streamweave,1783610811.7895596,3782.607103633,89.77175422450115,92.3109176237024,69.81398455808421,71.07931588587319,72.18382898836056,72.60150619243207,68.20853792578784,69.3387212708472,904.903,870.66,650.158,654.818,672.6,684.73,632.035,663.718
streamweave,1783610826.5821843,3797.399728407,,,,,,,,,,,,,,,,
streamweave,1783610826.7826157,3797.600159739,68.56697916927747,34.99382389840625,75.72882664414574,71.57031258022691,72.85788862983254,73.92798804292396,71.75657375687582,65.78304291095313,250.847,270.906,650.748,644.161,647.831,668.526,651.611,631.918
streamweave,1783610841.5821338,3812.399677689,,,,,,,,,,,,,,,,
streamweave,1783610841.8114228,3812.628966729,0,0,67.61140996268834,66.574162279606,61.99156961037602,66.39683047746196,66.7497959784892,65.14791413790674,349.952,322.858,556.635,627.057,522.64,555.615,570.227,544.862
streamweave,1783610856.582294,3827.399838089,,,,,,,,,,,,,,,,
streamweave,1783610856.7827878,3827.600331825,92.52300287320261,94.2006237144852,72.28962088027887,74.75205403496453,72.36751600726872,73.9163881980796,73.05560994116328,72.31399991861764,908.221,900.901,636.997,648.53,650.182,648.908,651.029,647.112
streamweave,1783610871.582263,3842.399806892,,,,,,,,,,,,,,,,
streamweave,1783610871.7825475,3842.600091564,3.814415379167096,18.551468061173836,66.68087382553885,66.27866715557967,64.62424862313289,65.40396982460356,61.10636212071019,64.74138451724608,503.944,488.961,548.378,547.636,537.778,543.825,515.786,534.933
streamweave,1783610886.5827,3857.400244011,,,,,,,,,,,,,,,,
streamweave,1783610886.7830873,3857.600631189,86.93169721180729,88.62497703051979,73.9640323817086,72.3349345342521,73.38763705505144,72.82869780966287,73.10930711968683,73.35894485898652,538.397,525.401,652.567,648.318,657.56,656.496,658.134,662.766
streamweave,1783610901.5820024,3872.399546412,,,,,,,,,,,,,,,,
streamweave,1783610901.7824612,3872.600005167,91.97357119391441,87.92919882387501,67.3854519373541,66.49268852049318,66.24056140965706,66.25558486441128,66.39998997343358,66.74454810332516,892.832,888.773,554.545,578.656,552.946,553.876,558.101,552.583
streamweave,1783610916.5820851,3887.399629213,,,,,,,,,,,,,,,,
streamweave,1783610916.7823985,3887.59994238,0,0,77.13090275564909,69.10702158980236,74.4079981315073,77.3242579750072,68.60429039950961,72.61194221195466,573.245,527.661,658.638,582.641,667.08,675.441,632.592,647.094
streamweave,1783610931.5827456,3902.40028961,,,,,,,,,,,,,,,,
streamweave,1783610931.7831414,3902.600685471,0,0,65.89864842605868,66.4325401481325,65.2366669615302,68.60363245619638,66.57032684338279,65.9644811077187,272.781,253.317,568.305,569.621,573.59,593.552,561.121,568.025
streamweave,1783610946.5820282,3917.399572032,,,,,,,,,,,,,,,,
streamweave,1783610946.7823713,3917.599915374,92.34195656710497,88.99174228827769,68.68096036478832,69.14123550379026,70.04527259239745,69.02857529356278,68.92049344269834,68.88720010844558,893.165,873.539,597.666,600.979,625.443,619.329,596.476,597.535
streamweave,1783610961.5826054,3932.400149251,,,,,,,,,,,,,,,,
streamweave,1783610961.783042,3932.600585842,88.77251026997884,86.34683010208542,64.60073297680255,73.97921006999714,71.06102882641929,72.1889402754828,70.94591446399076,72.88916581238276,908.441,878.751,650.328,666.268,668.622,662.783,661.433,667.376
streamweave,1783610976.5824568,3947.400000866,,,,,,,,,,,,,,,,
streamweave,1783610976.7839646,3947.601508614,83.56882686123618,88.97944277093511,68.80285590622009,66.57598575718856,62.61349873071418,66.8310825347281,66.78219051799016,65.94071103051787,933.652,903.988,592.274,547.946,532.601,569.934,565.279,545.482
streamweave,1783610991.5820467,3962.399590715,,,,,,,,,,,,,,,,
streamweave,1783610991.7824905,3962.600034517,92.58277441990678,91.04618825926943,63.14432084591051,71.77938189360566,71.16063165073992,68.64630329170932,72.41188769834702,73.04585646695682,906.13,895.005,614.902,655.862,660.074,669.971,660.591,662.804
streamweave,1783611006.582232,3977.399776,,,,,,,,,,,,,,,,
streamweave,1783611006.782524,3977.600068065,90.39390437374959,89.09601106557675,71.47420468866028,70.53989088728588,71.91391501909892,74.18136609021869,71.63769355720379,75.58301118307577,917.699,900.773,629.997,636.736,653.017,658.69,645.014,667.793
streamweave,1783611021.5826118,3992.400155901,,,,,,,,,,,,,,,,
streamweave,1783611021.7830584,3992.600602456,0,0,69.61277319517065,68.86875718971226,69.55916403652907,66.98900937307877,69.62142881732626,67.19655673208815,517.234,465.76,598.086,598.688,614.156,595.117,609.417,569.502
streamweave,1783611036.5821326,4007.399676676,,,,,,,,,,,,,,,,
streamweave,1783611036.7835944,4007.601138267,91.248352401421,89.14151319332592,72.90585709675089,72.47447827312574,72.55519605321027,74.50633132817121,73.19928199698249,72.63131535981198,892.135,893.686,633.223,652.872,664.883,674.249,650.933,653.94
streamweave,1783611051.5824142,4022.399958218,,,,,,,,,,,,,,,,
streamweave,1783611051.7828603,4022.600404184,0,0,67.04086182282731,75.25965734029214,68.81744284594578,71.12345218363855,73.18493730169516,66.9618886326808,251.548,248.246,650.977,665.474,657.578,675.495,669.069,667.774
streamweave,1783611066.582649,4037.400193109,,,,,,,,,,,,,,,,
streamweave,1783611066.7830296,4037.600573456,92.1890821671553,87.14090611032,67.4235799487858,66.23789885790153,66.78425824541547,66.96634377804149,65.60039251400887,65.84377923476326,876.726,866.704,548.685,578.326,579.063,579.491,580.403,583.908
streamweave,1783611081.582599,4052.400142973,,,,,,,,,,,,,,,,
streamweave,1783611081.7830248,4052.600568878,92.54305578098474,89.68602733682987,71.14350980572698,71.29390950758172,71.40067497015636,71.45350996155271,74.31057792738177,71.82707451095402,909.886,907.572,648.28,629.281,668.229,663.503,661.399,667.595
streamweave,1783611096.5822768,4067.399820888,,,,,,,,,,,,,,,,
streamweave,1783611096.7827325,4067.600276488,0,0,68.70495130211626,68.9961420003091,66.3637897180811,68.38766749376953,66.9086088787257,69.38071695713532,249.905,246.759,691.409,670.138,601.981,685.028,626.682,649.508
streamweave,1783611111.5826135,4082.40015746,,,,,,,,,,,,,,,,
streamweave,1783611111.7831404,4082.600684316,70.25538150965306,88.18127660089047,68.58625947934152,66.91171520520197,70.21429071803618,67.1162199450306,65.80935428597185,66.30462104346468,929.34,885.398,653.926,647.841,658.777,643.527,646.615,659.971
streamweave,1783611126.5825715,4097.400115574,,,,,,,,,,,,,,,,
streamweave,1783611126.7830603,4097.600604423,91.05509695025073,87.50178150770849,75.35117144585755,73.41692532449525,72.65666331406733,72.95682821195254,74.14545822148493,74.61152824233584,901.679,897.26,664.118,649.58,657.145,655.275,661.543,680.647
streamweave,1783611141.5823398,4112.399883725,,,,,,,,,,,,,,,,
streamweave,1783611141.7827346,4112.600278663,91.2944861488947,88.65649347062916,67.05417697343539,67.10558803495191,67.31839543162597,66.82773072607198,69.73429089974698,69.8013158292718,926.201,907.726,591.876,596.119,584.151,599.786,610.158,616.002
streamweave,1783611156.5825052,4127.400049194,,,,,,,,,,,,,,,,
streamweave,1783611156.782891,4127.600435136,92.30907083975153,83.43383799475579,73.53589039115107,75.37798342864679,73.36276778915672,72.82214078122564,73.26374618676658,72.3791537787299,859.152,819.158,638.634,620.598,651.706,646.955,640.277,646.761
streamweave,1783611171.5828333,4142.400377254,,,,,,,,,,,,,,,,
streamweave,1783611171.7833278,4142.600871838,92.01565405643304,89.90575472469156,73.85515517908344,75.48863602058358,75.85812674755941,75.07823779927342,75.99543276283333,75.61017680110831,930.565,873.985,678.357,683.853,691.396,690.119,692.31,695.64
streamweave,1783611186.5828743,4157.400418243,,,,,,,,,,,,,,,,
streamweave,1783611186.7831445,4157.600688432,0,0,0,0,0,0,0,0,725.97,687.455,434.454,479.423,461.15,457.295,472.098,448.636
streamweave,1783611201.5832362,4172.400780154,,,,,,,,,,,,,,,,
streamweave,1783611201.7829955,4172.600539487,0,0,67.45775472529806,71.32937911673977,71.10114227378949,70.32627417640474,72.43407558131612,70.49528689142437,246.773,243.867,688.81,722.123,730.662,731.593,728.883,718.781
streamweave,1783611216.5825224,4187.400066438,,,,,,,,,,,,,,,,
streamweave,1783611216.7828631,4187.600407161,0,0,67.44807347908068,72.71566022817477,69.76096464597322,66.40038529891194,69.77826423478142,71.06620982031002,246.171,242.921,567.317,662.541,606.349,586.079,614.701,646.935
streamweave,1783611231.582711,4202.400254946,,,,,,,,,,,,,,,,
streamweave,1783611231.7830358,4202.600579824,0,0,0,0,0,0,0,0,245.771,242.62,240.545,467.09,247.021,244.32,241.769,244.151
streamweave,1783611246.5827177,4217.400261548,,,,,,,,,,,,,,,,
streamweave,1783611246.7831607,4217.600704618,0,0,87.54342971861378,86.92819537058159,87.63000352066655,84.98287172576697,88.690631254514,88.60496375346753,245.53,242.228,837.31,857.084,863.097,786.803,815.854,822.936
streamweave,1783611261.5827074,4232.400251384,,,,,,,,,,,,,,,,
streamweave,1783611261.7839868,4232.601530917,0,0,69.58172112863845,68.59353823782565,67.47361209825891,70.69646295080962,69.03197853399055,66.25872809967092,245.373,242.225,597.35,599.292,579.184,627.799,594.456,584.902
streamweave,1783611276.5826595,4247.400203401,,,,,,,,,,,,,,,,
streamweave,1783611276.7827718,4247.600315806,0,0,0,0,0,0,0,0,245.414,242.231,240.943,241.432,245.682,411.496,241.375,243.719
streamweave,1783611291.5818958,4262.399439869,,,,,,,,,,,,,,,,
streamweave,1783611291.7962227,4262.613766736,0,0,88.02579113183648,87.87982381550155,87.91624449242966,88.49461594653081,86.71762298567113,86.83740309889868,245.294,241.946,811.567,814.822,825.744,823.171,810.338,828.867
streamweave,1783611306.5819619,4277.399505827,,,,,,,,,,,,,,,,
streamweave,1783611306.782485,4277.600029123,0,0,72.44431371562139,73.15507647007853,73.4982776301818,76.643891399618,74.31932826744723,71.88423995523283,245.148,241.948,656.685,687.373,694.081,688.882,700.327,665.853
streamweave,1783611321.5820804,4292.399624402,,,,,,,,,,,,,,,,
streamweave,1783611321.7825062,4292.600050261,0,0,68.02348793611374,68.3999282787844,67.46224179425874,70.47353837351042,66.97214446923651,68.77704458306357,245.248,241.969,585.359,598.692,609.212,632.988,607.274,578.099
streamweave,1783611336.5826223,4307.400166341,,,,,,,,,,,,,,,,
streamweave,1783611336.782869,4307.600412993,0,0,0,0,0,0,0,56.502537166450715,245.189,241.926,240.583,483.856,246.212,243.741,240.787,517.994
streamweave,1783611351.582166,4322.399709974,,,,,,,,,,,,,,,,
streamweave,1783611351.7824807,4322.600024598,0,0,0,0,0,0,0,0,245.143,241.773,239.248,239.886,244.216,242.594,239.736,243.123
streamweave,1783611366.5818956,4337.399439514,,,,,,,,,,,,,,,,
streamweave,1783611366.782312,4337.599855911,0,0,0,0,0,0,0,0,245.031,241.787,238.97,239.396,243.675,242.087,239.303,241.777
streamweave,1783611381.5825176,4352.400061733,,,,,,,,,,,,,,,,
streamweave,1783611381.782924,4352.600467954,1.281910480440676,0,0,0,0,0,0,0,245.036,241.739,238.711,239.048,243.327,241.843,239.112,241.563
streamweave,1783611396.5827448,4367.400288838,,,,,,,,,,,,,,,,
streamweave,1783611396.7832305,4367.600774459,91.54512489222792,80.72228110298612,76.54737805647791,68.56196652146329,74.21833391519108,77.96499465029109,76.80656162742844,76.06301731869203,865.614,869.271,655.129,651.971,665.091,662.833,662.951,663.183
streamweave,1783611411.58258,4382.400124186,,,,,,,,,,,,,,,,
streamweave,1783611411.7829907,4382.600534646,92.82147750363808,91.37042920309423,68.75148081968521,69.77027789369967,71.75690672435982,70.50637304685517,69.03395223919584,69.10260546995022,887.851,878.454,587.95,598.824,634.115,626.407,608.954,604.82
streamweave,1783611426.5825276,4397.400071699,,,,,,,,,,,,,,,,
streamweave,1783611426.7829566,4397.600500616,88.93736043601183,88.75271366844208,68.27040938817271,74.25943120102245,71.36351279431746,66.53954776892894,73.44207214658431,66.3455663271494,871.673,874.994,632.007,643.808,654.989,642.381,660.952,643.537
streamweave,1783611441.5825453,4412.400089297,,,,,,,,,,,,,,,,
streamweave,1783611441.7830603,4412.600604364,92.53270813883887,88.94629309172838,65.39883161229102,67.13123757195714,68.78091018755644,65.3577406716015,66.39766273914975,65.4522454438486,892.225,910.819,564.239,565.705,588.054,578.094,586.304,570.391
streamweave,1783611456.5821168,4427.399660733,,,,,,,,,,,,,,,,
streamweave,1783611456.7825558,4427.600099882,91.00402942963886,86.60752016836312,71.30338202735057,77.10978520116359,70.57058095029868,75.21317114053616,70.89524508098796,72.35492351512804,882.416,875.655,646.541,675.15,658.869,675.482,673.448,659.483
streamweave,1783611471.5826197,4442.400163766,,,,,,,,,,,,,,,,
streamweave,1783611471.7830975,4442.600641429,0,0,65.56453894828081,66.38979413004695,66.7494538864609,67.19439428790987,66.82501780829766,65.50737112751945,250.442,247.415,567.271,569.965,575.871,557.567,550.33,571.801
streamweave,1783611486.582617,4457.400160938,,,,,,,,,,,,,,,,
streamweave,1783611486.783085,4457.600629157,90.02463310537378,88.59366701391703,73.85635053951577,74.13496243708042,72.86572825735435,74.04486203409836,72.91167355640435,72.8368234259548,827.293,832.612,652.732,669.797,657.625,655.496,654.154,673.24
streamweave,1783611501.5826232,4472.400167293,,,,,,,,,,,,,,,,
streamweave,1783611501.783108,4472.600651947,81.8321834484561,82.23936775201615,74.49885708279528,72.64762066190823,69.7543494446206,72.57477633496967,69.65779809325534,73.12507408594968,904.369,858.105,652.1,658.609,613.557,636.214,617.82,658.111
streamweave,1783611516.5825021,4487.400046207,,,,,,,,,,,,,,,,
streamweave,1783611516.7829988,4487.600542859,80.57988627323392,83.76440073784583,70.51554426426645,65.09986053998877,74.167266936553,75.31486147848265,72.64123303011313,77.22158830131968,865.974,865.846,647.715,635.742,674.216,677.548,661.924,674.717
streamweave,1783611531.5825794,4502.400123449,,,,,,,,,,,,,,,,
streamweave,1783611531.783027,4502.600570987,88.36518828251097,84.19823358586126,66.80561228667801,66.73313837923645,66.60077925516987,66.73213614441399,65.56647407226083,66.84695828032461,918.413,899.514,551.434,558.843,563.327,579.298,574.982,567.435
streamweave,1783611546.5826435,4517.400187453,,,,,,,,,,,,,,,,
streamweave,1783611546.7829447,4517.600488579,91.86966003686126,89.2990312409825,73.85056857687205,74.43158509100829,76.18088840050852,77.55494934278214,73.80049891195932,75.28922417324809,916.06,896.269,668.018,663.355,676.374,679.427,670.862,674.015
streamweave,1783611561.58217,4532.399714001,,,,,,,,,,,,,,,,
streamweave,1783611561.7824736,4532.60001763,86.98105140508322,86.83164471678185,67.06129938774683,65.87518669583226,66.19739365971837,69.1560959422123,69.2011007674643,68.76541507503194,408.146,421.566,556.216,570.48,558.979,582.131,606.993,593.118
streamweave,1783611576.5823576,4547.399901589,,,,,,,,,,,,,,,,
streamweave,1783611576.7827675,4547.600311487,93.70330574954674,92.15656786740391,74.44684996240399,73.6128188190743,72.86093281648462,74.15820515671692,72.37286895366154,71.9258665304857,902.116,882.657,659.782,669.206,671.229,664.216,651.799,678.542
streamweave,1783611591.581952,4562.39949612,,,,,,,,,,,,,,,,
streamweave,1783611591.7823834,4562.59992735,0,0,62.458125672950835,67.501040482446,66.78593141806903,66.88099504685198,66.65710858441865,67.1544210751532,249.434,246.223,525.084,571.481,569.989,558.733,545.535,566.741
streamweave,1783611606.582382,4577.399926032,,,,,,,,,,,,,,,,
streamweave,1783611606.7828417,4577.60038566,90.59533390935151,90.80857109102281,74.50950881495818,73.71975051675047,70.08666580071537,73.35066624900325,73.17859497251698,73.56859310035728,898.313,889.794,645.033,641.682,656.678,653.406,650.568,659.685
streamweave,1783611621.582072,4592.399615926,,,,,,,,,,,,,,,,
streamweave,1783611621.7824361,4592.599980181,0,0,0,65.43376703793122,57.33394322198344,61.55228339044486,62.357720614083256,0,361.311,351.158,405.508,541.039,519.123,527.857,519.413,246.256
streamweave,1783611636.5822294,4607.399773461,,,,,,,,,,,,,,,,
streamweave,1783611636.7825463,4607.600090385,92.54078989251694,90.65944943753654,71.97786777165803,77.97588828936502,75.62056471765611,77.05979557515897,76.27503943762932,77.33743486489264,893.725,888.458,670.22,679.175,682.943,687.0,669.36,691.119
streamweave,1783611651.5828555,4622.400399419,,,,,,,,,,,,,,,,
streamweave,1783611651.7830043,4622.600548271,88.08632806607096,88.99671801019994,67.45607599722389,41.42525262425066,65.71900948352129,65.95581098533299,66.94479515854931,66.83119566094655,887.651,885.691,558.269,511.308,551.882,553.934,573.816,547.067
streamweave,1783611666.582632,4637.400175987,,,,,,,,,,,,,,,,
streamweave,1783611666.7830133,4637.600557392,91.40959802672684,88.41109553692276,72.9607665753376,72.46606826028118,69.9731688816263,65.81360214433502,66.03014345304355,72.52006913629518,890.468,872.62,624.448,630.13,621.715,580.36,582.543,639.275
streamweave,1783611681.5822058,4652.399749783,,,,,,,,,,,,,,,,
streamweave,1783611681.7823606,4652.599904578,0,0,0,0,0,0,0,61.547958686687444,250.58,247.413,450.967,414.066,297.828,243.422,240.303,528.369
streamweave,1783611696.5823536,4667.399897489,,,,,,,,,,,,,,,,
streamweave,1783611696.7827637,4667.600307807,91.67621693092471,90.85571791924923,74.23344877259512,75.44182279990984,75.05977053927715,74.77596881489839,75.25918830468322,73.97076575999981,886.949,863.958,670.32,674.545,687.451,675.582,687.817,685.329
streamweave,1783611711.5820637,4682.399607699,,,,,,,,,,,,,,,,
streamweave,1783611711.7823415,4682.599885568,86.79100764604819,57.126345801111675,67.13875145749974,67.31336415036014,66.04698612716375,67.90946586626433,69.09865722268368,65.5110669043211,261.366,274.707,564.507,569.087,594.891,598.499,587.789,587.908
streamweave,1783611726.5821779,4697.399721916,,,,,,,,,,,,,,,,
streamweave,1783611726.7826366,4697.600180587,88.57639114609364,87.82456145134698,73.15699727311075,70.91342652258733,69.77420597586385,69.47638311564629,71.88274514637851,70.86447292042364,883.867,883.531,640.845,609.791,621.189,617.755,635.482,629.072
streamweave,1783611741.5820882,4712.399632203,,,,,,,,,,,,,,,,
streamweave,1783611741.7824252,4712.599969126,3.4753874532248896,0,0,0,0,58.131217085324074,0,63.96673488748931,903.72,879.706,240.616,241.532,392.63,541.63,240.621,526.023
streamweave,1783611756.5826263,4727.400170454,,,,,,,,,,,,,,,,
streamweave,1783611756.7830157,4727.600559776,92.11408951682192,91.42519452095836,75.4414436824236,73.59412583046014,76.30353589514526,74.08216022580993,76.04736598041751,72.58094203208569,912.959,895.336,670.937,675.189,683.767,683.897,678.411,679.208
streamweave,1783611771.5826633,4742.400207276,,,,,,,,,,,,,,,,
streamweave,1783611771.7830117,4742.600555763,85.58538759080267,88.86633186189955,66.68704423706146,66.84238289084031,67.17559161350074,60.21806393715327,67.15451392775587,65.06757157386373,564.349,581.972,546.774,562.337,568.65,523.705,556.87,541.396
streamweave,1783611786.5826738,4757.400217719,,,,,,,,,,,,,,,,
streamweave,1783611786.7831097,4757.600653638,89.64700230156471,88.28926824522036,73.01400642918917,73.39705840835852,73.8027214684177,73.9708995867179,74.28276908038666,74.96198422373833,882.198,877.031,644.857,647.584,662.176,652.284,669.298,647.427
streamweave,1783611801.58298,4772.40052397,,,,,,,,,,,,,,,,
streamweave,1783611801.782738,4772.600281918,87.65954186916133,85.87596309364365,65.53799594840255,57.459420132397575,64.72405086887207,62.002914348871954,61.54815727867121,60.852447367656126,807.406,821.412,530.338,512.074,535.147,524.426,523.296,534.327
streamweave,1783611816.5823655,4787.399909599,,,,,,,,,,,,,,,,
streamweave,1783611816.7828498,4787.600393892,92.86689992204198,85.77935939417577,75.07821507439238,74.30790326570913,74.87290242933615,74.75420904787956,74.99571470685356,74.35418048940528,861.575,877.35,670.874,663.844,692.105,682.984,678.184,679.452
streamweave,1783611831.5819387,4802.399482638,,,,,,,,,,,,,,,,
streamweave,1783611831.7824135,4802.599957433,92.00960427473655,85.88135649816377,66.04046202088415,65.29924194545481,66.55546455042575,66.65476616524761,66.5442038539268,56.184877999380745,924.435,894.487,548.889,537.132,588.861,569.253,564.384,520.348
streamweave,1783611846.5822556,4817.399799673,,,,,,,,,,,,,,,,
streamweave,1783611846.7977152,4817.615259117,0,0,66.60687422247258,67.11547539373669,66.63005119235964,65.56166905890028,65.50378447349378,65.54912273950784,251.449,248.228,557.138,565.132,583.383,582.579,587.499,546.508
streamweave,1783611861.5828063,4832.400350332,,,,,,,,,,,,,,,,
streamweave,1783611861.7832885,4832.600832389,92.32898878949729,89.50493463278045,71.73580465971901,76.05157616538922,73.81624682488469,73.3639919331671,73.52669764165809,72.06094609941782,898.103,879.364,642.854,649.313,649.885,643.958,641.081,653.109
streamweave,1783611876.5825243,4847.400068212,,,,,,,,,,,,,,,,
streamweave,1783611876.7830513,4847.600595296,85.21233495391141,84.57888749185597,71.99698079520293,74.66130747279315,74.9658596224552,74.66118814424082,74.03579387940573,76.0486199210528,728.264,732.71,663.106,663.879,675.087,671.154,673.259,678.363
streamweave,1783611891.5827248,4862.400268816,,,,,,,,,,,,,,,,
streamweave,1783611891.7830384,4862.60058237,92.54562311368818,87.96620960167422,69.64581737718514,71.84071821472429,70.00967836590863,70.01242193086007,70.33469768067368,69.9295331141871,924.656,909.36,597.941,625.81,608.239,620.936,624.135,616.507
streamweave,1783611906.5825906,4877.400134627,,,,,,,,,,,,,,,,
streamweave,1783611906.7830815,4877.600625579,90.55460901118003,82.25195549035038,73.7142032524688,74.77223404718973,73.76825650187051,71.10081201110255,74.46865897974449,75.82924700097588,872.636,871.216,659.313,669.226,685.679,658.38,670.685,673.73
streamweave,1783611921.5825176,4892.400061525,,,,,,,,,,,,,,,,
streamweave,1783611921.7829568,4892.60050095,92.83173340140685,90.44126055938153,67.27072194613443,66.08394347355484,69.34876690306734,68.62386526463438,69.57238573035647,67.18499528298103,888.752,886.255,575.711,572.935,607.125,593.38,608.076,585.387
streamweave,1783611936.5823212,4907.399865152,,,,,,,,,,,,,,,,
streamweave,1783611936.7826824,4907.600226487,0,0,73.12076359170865,72.76189525021472,74.73855898742248,76.3735331730328,67.72643467084168,72.26197887734499,247.748,244.541,722.299,715.958,775.16,778.261,750.195,718.726
streamweave,1783611951.5826097,4922.40015354,,,,,,,,,,,,,,,,
streamweave,1783611951.7830358,4922.600579642,0,0,75.38726804473472,73.90889782857528,73.44758806502048,72.4291486230644,76.33517078777203,71.94319570586,246.351,243.118,660.561,654.105,662.846,669.428,681.049,660.817
streamweave,1783611966.5820348,4937.399578753,,,,,,,,,,,,,,,,
streamweave,1783611966.78218,4937.599724064,0,0,69.88479745854892,67.68097414482027,67.20013684931659,67.58278402733731,67.39264053925571,66.93026970492508,245.886,242.608,607.212,556.606,581.816,612.493,580.066,596.173
streamweave,1783611981.582805,4952.400349013,,,,,,,,,,,,,,,,
streamweave,1783611981.7832592,4952.600803188,0,0,82.52735502278591,81.86605623649946,82.57358213596868,82.31035094307254,82.09963988365104,81.69992107157987,245.608,242.382,806.708,807.899,824.817,807.423,800.05,809.224
streamweave,1783611996.5825849,4967.400128836,,,,,,,,,,,,,,,,
streamweave,1783611996.7829978,4967.600541891,0,0,73.83020155489247,73.81817002261465,72.09018636873174,72.48118505891966,72.0466701984147,70.71313410624863,245.427,242.215,627.592,661.119,666.275,674.927,658.523,622.375
streamweave,1783612011.5821466,4982.399690728,,,,,,,,,,,,,,,,
streamweave,1783612011.7825184,4982.600062502,0,0,67.30724052253841,67.54443540924191,67.1794486045849,68.37523183084838,67.03786621290016,67.13644288915499,245.371,242.066,575.705,557.082,589.57,575.245,578.034,564.565
streamweave,1783612026.5821211,4997.399665109,,,,,,,,,,,,,,,,
streamweave,1783612026.7824163,4997.599960247,0,0,81.89407379323114,83.16247985379749,82.8685518683711,79.76756560234452,82.7251898121896,82.54825462933722,245.294,242.076,811.792,819.588,828.229,824.18,807.754,832.248
streamweave,1783612041.5827858,5012.400329902,,,,,,,,,,,,,,,,
streamweave,1783612041.7831342,5012.600678281,0,0,80.892517241923,74.30061328139818,73.57590166122353,73.99646985180853,79.7851153542244,80.15082694210238,245.097,241.806,739.872,711.144,710.049,737.83,741.95,761.252
streamweave,1783612056.5825686,5027.400112661,,,,,,,,,,,,,,,,
streamweave,1783612056.7828887,5027.600432729,0,0,71.69418814763735,73.82305819110057,69.92189923063599,71.96989802155346,69.57109887908723,70.53412145340037,245.12,241.939,661.087,655.05,611.683,672.066,612.268,659.627
streamweave,1783612071.5821326,5042.399676687,,,,,,,,,,,,,,,,
streamweave,1783612071.7823672,5042.599911177,0,0,0,0,0,0,0,0,245.178,241.76,241.007,241.639,245.648,244.725,241.092,243.4
streamweave,1783612086.582185,5057.399728964,,,,,,,,,,,,,,,,
streamweave,1783612086.7894616,5057.607005525,0,0,0,0,0,0,57.68298125808623,0,245.158,241.76,239.726,240.255,244.553,243.165,516.004,242.289
streamweave,1783612101.582191,5072.399734919,,,,,,,,,,,,,,,,
streamweave,1783612101.7824206,5072.599964593,0,0,0,0,0,0,0,0,245.044,241.747,239.092,239.643,243.713,242.429,240.154,241.794
streamweave,1783612116.5822043,5087.39974823,,,,,,,,,,,,,,,,
streamweave,1783612116.7825413,5087.600085316,0,0,0,0,0,0,0,0,245.026,241.726,238.895,239.243,243.422,242.086,239.611,241.55
streamweave,1783612131.582655,5102.400198999,,,,,,,,,,,,,,,,
streamweave,1783612131.7827392,5102.600283179,0,19.901475225400013,0,0,0,0,0,0,247.269,244.013,238.592,238.982,243.133,241.835,239.135,241.218
streamweave,1783612146.5827463,5117.400290192,,,,,,,,,,,,,,,,
streamweave,1783612146.7831357,5117.600679751,0,0,74.16624272851638,74.78569177123467,73.07078864743315,74.30405341083758,73.41071758886912,74.54327295416695,250.038,246.752,645.134,640.276,653.298,656.212,646.56,645.432
streamweave,1783612161.5827382,5132.400282274,,,,,,,,,,,,,,,,
streamweave,1783612161.7832084,5132.600752413,90.07269258160402,88.80018119203793,75.27200359769301,72.4538882883285,73.59243017857794,74.62675411112669,75.1407829309515,73.53888893245077,902.053,892.844,642.189,642.676,653.86,658.986,642.107,650.822
streamweave,1783612176.582159,5147.39970299,,,,,,,,,,,,,,,,
streamweave,1783612176.782616,5147.600159879,89.27332341094646,89.10539358832898,61.097015707840185,66.73451359115111,65.3197817106011,66.26663914874233,66.474855999564,66.73716239360331,909.243,895.025,512.426,546.406,534.834,548.701,547.453,551.886
streamweave,1783612191.5827076,5162.400251574,,,,,,,,,,,,,,,,
streamweave,1783612191.802177,5162.619720958,91.48177641902957,93.58621900022362,70.7169754722168,73.47421199007744,73.84612860941975,72.12981946779216,68.94185766168339,73.76401466837103,872.25,854.124,646.764,649.917,669.641,662.902,656.647,662.107
streamweave,1783612206.5828123,5177.400356416,,,,,,,,,,,,,,,,
streamweave,1783612206.7833083,5177.600852367,0,0,72.22010242823623,72.49296898570071,72.09596013447998,72.89422557919069,74.08032410383836,74.31872544860107,410.454,429.361,648.391,643.378,652.417,661.998,661.721,657.233
streamweave,1783612221.5818295,5192.399373437,,,,,,,,,,,,,,,,
streamweave,1783612221.782152,5192.599695879,91.1741422356691,89.79741968654454,66.38406348273806,66.70080341511564,66.23819799612812,66.93409170853374,66.62862352776746,63.59515250687966,919.587,889.881,552.831,566.763,576.759,566.388,573.564,539.829
streamweave,1783612236.582063,5207.399606951,,,,,,,,,,,,,,,,
streamweave,1783612236.7824633,5207.60000728,90.8981404102074,90.31278937749423,75.62573702486979,74.24080882238772,76.48517527939413,75.57743706943802,73.89890359602617,75.74674921082679,900.457,884.432,666.379,662.11,670.415,677.445,659.203,680.522
streamweave,1783612251.5827944,5222.400338468,,,,,,,,,,,,,,,,
streamweave,1783612251.7831466,5222.600690535,87.47467577695274,86.66930651677667,70.48613478421399,71.51880077526586,70.49332034377484,68.50040811277738,69.56000166773829,69.79019401034721,890.394,895.858,605.454,617.245,634.692,596.551,582.935,621.955
streamweave,1783612266.5821977,5237.399741778,,,,,,,,,,,,,,,,
streamweave,1783612266.8344507,5237.651994681,86.69017194829914,88.9557919801167,75.58107314121092,75.38745790898986,73.92935800918814,75.18695116604435,73.62893595611504,74.51293288608751,871.291,864.086,670.992,660.466,655.004,671.644,656.138,661.127
streamweave,1783612281.5822093,5252.399753329,,,,,,,,,,,,,,,,
streamweave,1783612281.7825963,5252.600140439,76.90427499986386,80.61761807740459,72.25320760086427,74.19341304955111,73.65322112668025,73.86643469765971,73.73534401932618,73.33324081781512,927.509,888.137,640.183,645.642,650.598,647.347,642.881,657.047
streamweave,1783612296.5827627,5267.400306731,,,,,,,,,,,,,,,,
streamweave,1783612296.7831578,5267.600701753,0,0,56.95167174616949,56.68991909416475,66.63837710393463,66.35149231753527,65.93370470936857,61.35388588402474,251.929,248.595,509.251,510.737,560.638,548.219,544.079,520.443
streamweave,1783612311.5821457,5282.399689802,,,,,,,,,,,,,,,,
streamweave,1783612311.7826195,5282.600163502,88.01569489912383,89.4421638540016,74.17871571870955,74.72683212600202,71.91516216811381,72.59588211760806,74.69316929238774,71.53560257018911,894.177,876.347,662.87,667.816,667.782,658.566,656.289,670.835
streamweave,1783612326.582774,5297.400317808,,,,,,,,,,,,,,,,
streamweave,1783612326.7831974,5297.600741343,90.18757193434635,86.24473119610212,69.34289841654737,70.62718525446238,71.0689952752583,70.00291799318997,71.13860589305642,71.894262288158,333.292,290.917,647.8,650.556,662.291,660.755,656.673,658.951
streamweave,1783612341.5824559,5312.399999876,,,,,,,,,,,,,,,,
streamweave,1783612341.7828844,5312.600428388,90.96506309195587,89.7730810954906,69.43944084079293,69.76559402912478,70.53950969062029,68.40734942367526,68.73217540987876,69.02678445389486,909.663,898.528,607.764,598.801,631.379,600.708,592.945,595.0
streamweave,1783612356.58258,5327.400124027,,,,,,,,,,,,,,,,
streamweave,1783612356.8031673,5327.620711426,73.81702563838847,68.09042295972088,69.91043465395292,74.93895394426625,74.4287939824535,73.9315408935149,74.72989978263416,72.04638702255171,858.461,849.201,620.617,650.275,676.648,654.472,648.975,647.316
streamweave,1783612371.582614,5342.400158012,,,,,,,,,,,,,,,,
streamweave,1783612371.7830455,5342.600589619,81.95022956663985,84.37532752893974,66.6461318270236,61.670021190377156,64.8714833695939,66.86717446159443,65.87397387927291,66.66498238513282,873.843,869.058,543.408,517.672,537.706,556.354,546.03,558.107
streamweave,1783612386.5821097,5357.399653782,,,,,,,,,,,,,,,,
streamweave,1783612386.7825398,5357.600083801,87.87913935948065,88.4107407833876,75.08033885580866,74.29960523035008,74.5371162680501,75.41210173983008,74.53739043941144,74.80659261471749,900.423,899.179,661.986,663.459,684.046,691.874,668.363,673.327
streamweave,1783612401.5827167,5372.400260596,,,,,,,,,,,,,,,,
streamweave,1783612401.783227,5372.600770976,0,0,76.35497869625473,77.4025405162789,71.75848749063827,75.16293400281482,75.19758793378291,74.54380047287583,249.928,246.641,683.944,683.185,693.377,692.582,687.696,689.296
streamweave,1783612416.5822597,5387.399803635,,,,,,,,,,,,,,,,
streamweave,1783612416.7825747,5387.600118542,88.35332838206297,89.74159895302503,66.68957594394126,65.99430165364095,65.70437369912237,66.82484802884952,66.25072402457619,66.09321622216295,888.497,893.676,544.322,544.73,550.538,579.894,544.593,563.015
streamweave,1783612431.5827746,5402.40031875,,,,,,,,,,,,,,,,
streamweave,1783612431.7832537,5402.600797743,90.3799697411894,88.08582723577715,74.84920279297839,72.19891383986045,72.25848855880425,73.58096721251309,76.54875272749183,71.47433966186394,896.797,914.236,672.509,680.648,671.45,673.605,679.364,672.478
streamweave,1783612446.582504,5417.400048004,,,,,,,,,,,,,,,,
streamweave,1783612446.782875,5417.600419081,82.9188243631225,91.80512921836285,65.54407726812569,65.83028303884397,65.66161648806735,64.73228530836744,0,64.8721219395936,886.856,897.052,534.488,539.721,545.749,542.105,276.399,547.889
streamweave,1783612461.5826216,5432.400165651,,,,,,,,,,,,,,,,
streamweave,1783612461.7834218,5432.600965861,89.25435429606681,89.94420957519489,71.94840734031557,74.97489183525101,74.4401238291718,74.9714816523752,73.54655508897918,74.14226153523349,898.95,882.123,654.006,668.096,663.353,656.715,663.895,659.99
streamweave,1783612476.5826445,5447.400188505,,,,,,,,,,,,,,,,
streamweave,1783612476.7830102,5447.600554305,87.85354193347129,80.1813166767615,66.87524927775662,66.61278179628295,65.94168875099005,66.85790205740024,59.91116755140876,66.39094215324222,897.974,889.537,552.455,555.521,559.268,570.763,528.366,546.424
streamweave,1783612491.5821302,5462.399674164,,,,,,,,,,,,,,,,
streamweave,1783612491.782682,5462.600226013,85.55510202587661,84.01064441980566,71.79499622001315,71.33822629645906,74.16497395863728,69.0005952282882,71.15275801360248,69.87815360042457,894.729,889.82,644.6,656.275,673.108,659.068,664.263,663.572
streamweave,1783612506.5821736,5477.399717665,,,,,,,,,,,,,,,,
streamweave,1783612506.7825193,5477.600063421,88.81697442583906,86.42937258245784,76.6988993456176,76.4080366798051,76.450827461958,72.79442024919469,75.83752711965823,75.45671814410125,918.127,895.597,659.493,662.79,676.807,670.846,665.184,677.879
streamweave,1783612521.5821245,5492.399668588,,,,,,,,,,,,,,,,
streamweave,1783612521.7824364,5492.599980253,92.29137653498952,88.0389413330179,66.12232636659606,69.14328659422695,66.93240216405532,66.0012865809195,66.41787976551441,65.5130530691326,908.808,885.706,536.362,579.525,564.252,544.428,559.88,547.191
streamweave,1783612536.5824695,5507.400013381,,,,,,,,,,,,,,,,
streamweave,1783612536.782927,5507.600470935,0,0,78.01472805377657,76.64133791368856,75.48770479250368,76.22788852193064,75.7786647534906,76.42507233911613,677.998,626.278,665.409,670.135,670.397,677.035,667.626,678.965
streamweave,1783612551.5820765,5522.399620469,,,,,,,,,,,,,,,,
streamweave,1783612551.782399,5522.59994284,48.37832598499238,65.14261957483221,72.73136906562708,73.67366394150405,71.21525533049649,72.71052379161755,69.75619678478756,69.17693198189751,913.741,902.256,638.244,644.579,634.343,641.323,615.79,599.084
streamweave,1783612566.5825052,5537.400049248,,,,,,,,,,,,,,,,
streamweave,1783612566.7828033,5537.600347382,89.01102266949877,87.76452834331458,68.3918695156804,64.89260274047194,67.25765264913966,65.47650762693927,70.73650459136422,70.60422325274122,619.203,651.704,633.256,622.853,640.233,634.941,641.624,649.638
streamweave,1783612581.5835185,5552.401062467,,,,,,,,,,,,,,,,
streamweave,1783612581.788136,5552.605680111,88.10447211767465,89.22593750468913,65.34013710696479,66.34803745989028,69.01075413380077,65.30490119320856,69.4708013530051,68.44645777536513,924.488,877.157,570.132,569.888,591.348,581.672,583.066,592.749
streamweave,1783612596.5826936,5567.400237583,,,,,,,,,,,,,,,,
streamweave,1783612596.7831287,5567.600672759,90.22585853600738,88.62668425606864,75.40162903170815,75.25971842332157,74.60331544264301,75.21856217115513,75.15622446213453,75.40426012967725,852.476,843.706,670.902,669.116,677.564,682.765,668.799,675.64
streamweave,1783612611.582485,5582.400029012,,,,,,,,,,,,,,,,
streamweave,1783612611.7827613,5582.60030544,83.86461034250098,86.06277199334109,66.78538387001525,67.20000377892815,67.10112941666618,67.22643305173476,67.05873572812683,65.99974422865851,507.335,510.899,583.854,566.133,565.972,582.153,571.358,551.075
streamweave,1783612626.5821369,5597.399680913,,,,,,,,,,,,,,,,
streamweave,1783612626.7826247,5597.600168657,90.00600277880105,88.42497457353505,75.56775561918569,74.35816792399905,74.2222395898953,74.04407206002821,74.42768141137097,73.17804616662875,880.772,903.522,661.174,649.063,647.331,650.913,637.726,643.582
streamweave,1783612641.582673,5612.40021698,,,,,,,,,,,,,,,,
streamweave,1783612641.7831135,5612.600657596,0,0,78.52685155861705,77.62549712204601,78.62340517408583,78.56839965905245,82.74551877034321,79.08779938172812,247.569,244.376,775.583,792.497,777.921,792.86,793.893,786.376
streamweave,1783612656.5820248,5627.399568881,,,,,,,,,,,,,,,,
streamweave,1783612656.7823894,5627.599933424,0,0,74.4786123488565,75.18312633723058,73.36428575533355,73.07177146484631,71.00700524963395,74.4957911227196,246.441,243.145,672.364,675.116,686.51,682.362,638.815,663.593
streamweave,1783612671.5825574,5642.400101445,,,,,,,,,,,,,,,,
streamweave,1783612671.7839775,5642.60152159,0,0,71.79296057863955,72.74489055490127,72.21172706241174,71.90809027629086,67.30358411070799,68.34122919811372,245.926,242.784,659.175,665.674,665.019,683.021,575.644,622.92
streamweave,1783612686.5827396,5657.400283692,,,,,,,,,,,,,,,,
streamweave,1783612686.7830615,5657.600605591,0,0,81.94172096490006,82.18832913606626,81.85610677034882,80.74955574017758,81.57048022731566,81.36033372113948,245.598,242.259,801.926,807.644,802.905,799.193,801.033,805.288
streamweave,1783612701.5828044,5672.400348392,,,,,,,,,,,,,,,,
streamweave,1783612701.7832336,5672.600777696,0,0,79.51867027749135,78.00416016610102,76.5779936650571,79.6618911729559,78.70040278109732,79.01562255953448,245.452,242.116,744.334,721.582,763.048,746.264,726.235,745.138
streamweave,1783612716.5829456,5687.400489494,,,,,,,,,,,,,,,,
streamweave,1783612716.7831552,5687.600699168,0,0,77.20164994399101,73.66962523304299,73.7604511923388,74.65176954005331,75.84763859025279,77.50925166450759,245.363,242.144,695.519,706.257,712.902,698.396,698.426,713.906
streamweave,1783612731.5825431,5702.400087136,,,,,,,,,,,,,,,,
streamweave,1783612731.7829387,5702.600482708,0,0,0,0,71.82395181048841,0,0,0,245.36,242.073,242.991,308.29,710.228,245.872,243.145,304.633
streamweave,1783612746.5823083,5717.399852299,,,,,,,,,,,,,,,,
streamweave,1783612746.7826552,5717.600199178,0,0,82.12724908631132,81.12040497840908,82.47716762838981,81.72543745471363,82.32848679861648,81.55093429296409,245.153,242.08,793.812,789.668,791.384,804.573,790.169,780.925
streamweave,1783612761.5820885,5732.399632364,,,,,,,,,,,,,,,,
streamweave,1783612761.7825086,5732.600052704,0,0,73.09792018727464,78.09094792487497,78.21659502412108,77.2709043553462,77.40704600180344,68.55332462866318,245.096,241.964,682.342,679.286,687.031,681.515,677.475,660.377
streamweave,1783612776.5820408,5747.399584736,,,,,,,,,,,,,,,,
streamweave,1783612776.782422,5747.599966074,0,0,70.8857563615476,79.63051075771791,74.0570081242152,76.07014639624529,73.09737472104732,71.24368655131799,245.298,241.957,702.099,735.644,696.12,699.612,689.539,719.52
streamweave,1783612791.582581,5762.400125003,,,,,,,,,,,,,,,,
streamweave,1783612791.7829075,5762.600451439,0,0,0,0,0,0,0,0,245.166,241.76,241.364,241.575,245.768,244.041,241.136,243.567
streamweave,1783612806.5823016,5777.399845719,,,,,,,,,,,,,,,,
streamweave,1783612806.7827215,5777.600265455,0,0,0,0,0,0,0,0,245.129,241.76,239.944,240.334,244.763,243.605,240.137,242.416
streamweave,1783612821.5821037,5792.399647617,,,,,,,,,,,,,,,,
streamweave,1783612821.782406,5792.599950167,0,0,0,0,0,0,0,0,245.032,241.735,239.151,239.644,243.933,242.518,239.652,241.776
streamweave,1783612836.582002,5807.399546033,,,,,,,,,,,,,,,,
streamweave,1783612836.7921493,5807.609693244,0,0,0,0,0,0,0,0,245.178,241.926,239.079,239.425,243.599,242.199,239.231,241.698
streamweave,1783612851.5828412,5822.400385182,,,,,,,,,,,,,,,,
streamweave,1783612851.7833297,5822.600873628,88.88155526709383,86.90346948699434,69.64705320730756,71.79110365966336,71.5751779154799,71.99210157696886,69.5685557756526,69.55671749198203,531.801,528.079,649.682,645.424,659.377,651.176,640.743,649.723
streamweave,1783612866.582774,5837.40031801,,,,,,,,,,,,,,,,
streamweave,1783612866.7832282,5837.600772106,0,0,69.1843604228662,67.28544405530624,69.75976778952285,66.21290276156935,66.99706766018238,65.9599200545295,350.621,341.48,590.655,578.867,609.215,581.677,565.478,580.111
streamweave,1783612881.5825455,5852.4000896,,,,,,,,,,,,,,,,
streamweave,1783612881.7839744,5852.601518518,87.63454094589925,88.76759280528469,72.67154773043988,76.5764079396337,73.0308485223395,75.07289942776923,75.54680452518764,72.90841134796572,881.691,858.405,648.11,655.712,655.038,659.262,660.802,647.075
streamweave,1783612896.582644,5867.400188042,,,,,,,,,,,,,,,,
streamweave,1783612896.782956,5867.600499795,0,0,67.3574454748685,67.66214823480891,67.16701198258454,67.11630556298213,67.40767501262596,66.76893010320376,251.713,248.636,571.616,578.942,554.376,575.867,574.166,554.987
streamweave,1783612911.582541,5882.400085038,,,,,,,,,,,,,,,,
streamweave,1783612911.7830489,5882.600592856,92.8909542750199,89.61734718393029,70.90373329545429,75.38623449549516,72.83691198657037,72.37759808556572,73.68866845256531,73.48308936985508,860.034,846.377,662.48,669.698,668.349,663.315,649.399,670.99
streamweave,1783612926.5827107,5897.400254765,,,,,,,,,,,,,,,,
streamweave,1783612926.7831602,5897.600704185,80.50954510782773,79.23438516093246,66.35033631058582,67.14421207324342,66.55174323864902,66.2784907644801,65.98339438213918,66.56222325666006,913.202,890.139,580.27,586.53,606.236,583.749,601.278,588.08
streamweave,1783612941.5821097,5912.399653695,,,,,,,,,,,,,,,,
streamweave,1783612941.782635,5912.600178901,89.4189107361823,90.36686756823458,64.86131453348227,66.2410097197607,69.13858326027666,76.66624446031041,72.31035769600747,74.67698796660214,847.46,823.238,635.88,670.824,686.886,674.859,681.842,676.721
streamweave,1783612956.5827448,5927.400288955,,,,,,,,,,,,,,,,
streamweave,1783612956.7829814,5927.600525477,0,0,3.735588618046121,0.2832300265249899,1.5974558055490684,0.36362567559795855,0,1.8341554610597655,716.948,688.956,536.396,544.043,528.003,561.165,536.788,517.447
streamweave,1783612971.582133,5942.399676984,,,,,,,,,,,,,,,,
streamweave,1783612971.9176416,5942.735185686,89.96276962301056,87.42439772256178,65.41943299396242,69.15326517174942,70.15231957726289,71.95943830924965,70.30319608899994,66.83786327725207,899.038,894.053,652.578,651.855,670.846,662.285,653.193,659.054
streamweave,1783612986.5824473,5957.399991273,,,,,,,,,,,,,,,,
streamweave,1783612986.7917392,5957.609283173,90.55089431204078,86.96399241758267,0,55.3940429417806,56.10754754319797,63.35085327392404,62.88482418644522,56.6249638181481,908.74,889.012,240.592,499.355,524.004,531.912,525.259,515.259
streamweave,1783613001.5820248,5972.399568866,,,,,,,,,,,,,,,,
streamweave,1783613001.78245,5972.599993848,90.03443125268758,87.76304285648311,72.80122170788248,74.87595043752002,71.87389417192203,70.6351094861114,72.05331827877464,71.47689596821202,897.45,901.181,655.495,662.45,662.816,674.411,650.013,660.744
streamweave,1783613016.581806,5987.399349934,,,,,,,,,,,,,,,,
streamweave,1783613016.782156,5987.599699984,85.35458260268442,91.07332162882419,56.116040539378645,60.631273433034735,64.33945376011863,66.13960375611005,60.14379795699727,59.638223766085765,866.071,860.471,507.425,522.432,541.356,549.949,527.678,518.919
streamweave,1783613031.5820377,6002.399581671,,,,,,,,,,,,,,,,
streamweave,1783613031.7823603,6002.599904317,94.4935422346644,88.8726302085213,56.08137728037976,62.35898323673245,63.54227256620765,60.51376231232338,61.79058333340654,56.565956389843265,928.853,905.722,652.683,655.95,677.28,666.966,671.415,662.749
streamweave,1783613046.5827916,6017.400335548,,,,,,,,,,,,,,,,
streamweave,1783613046.7831228,6017.600666857,90.61181380214379,89.72960628851966,65.80927230727478,61.39772438451686,65.16722114374312,0,63.519008354292104,66.00771886625768,932.775,857.13,537.091,527.436,539.636,269.855,530.865,544.234
streamweave,1783613061.5821748,6032.39971866,,,,,,,,,,,,,,,,
streamweave,1783613061.7826898,6032.600233744,90.52865539114198,89.03586319401646,72.58812788436089,71.02967577077764,71.89693088852084,73.24139475274428,69.45454893072913,71.14264820760808,842.788,835.655,648.175,658.87,666.726,667.318,664.246,658.865
streamweave,1783613076.5822802,6047.399824145,,,,,,,,,,,,,,,,
streamweave,1783613076.7827797,6047.600323576,15.559586442171575,26.54026732827683,58.85805894709281,64.60788273375631,55.56476826259642,56.37123753980025,60.238636428416704,64.7403767772676,258.293,246.064,524.436,537.231,514.512,518.852,520.122,544.501
streamweave,1783613091.582077,6062.399621042,,,,,,,,,,,,,,,,
streamweave,1783613091.7825742,6062.600118195,84.51032228288548,83.50904040985584,73.15121691518821,72.35861926511384,71.90988072958204,72.92950061439036,72.78175612540781,70.98649276268553,880.079,893.729,645.399,645.724,662.272,650.773,645.039,667.04
streamweave,1783613106.5820749,6077.399618944,,,,,,,,,,,,,,,,
streamweave,1783613106.7825906,6077.600134525,0,0,78.20432117354493,77.53526946440238,77.52478536966149,77.56466455442356,77.24051975850237,78.28476700302781,250.084,246.829,669.291,668.873,681.955,673.141,674.446,674.042
streamweave,1783613121.582737,6092.400280972,,,,,,,,,,,,,,,,
streamweave,1783613121.783218,6092.600761821,92.2145830539015,90.64968653363582,55.829178593825915,55.40620271824005,0,0,0,55.2411157718691,864.232,851.105,506.55,507.989,318.684,279.69,242.919,513.657
streamweave,1783613136.5828469,6107.400390882,,,,,,,,,,,,,,,,
streamweave,1783613136.7833145,6107.600858521,93.83622769352881,89.5962500923147,74.8774515692369,73.50190361835064,74.34638881914746,75.03396136077495,75.23434876929002,74.23056401015553,857.238,857.203,668.611,668.868,681.369,669.307,658.104,671.867
streamweave,1783613151.5822027,6122.39974656,,,,,,,,,,,,,,,,
streamweave,1783613151.78257,6122.600113848,86.24011972094635,86.9419248154299,61.798196038671115,56.65690908490646,0,0,56.70159128553003,0,875.383,863.174,515.665,507.17,245.127,243.479,513.063,242.529
streamweave,1783613166.5827932,6137.40033732,,,,,,,,,,,,,,,,
streamweave,1783613166.7833536,6137.600897557,91.51372232608846,88.64787499452586,75.274921932582,76.22702340647429,75.47904603450888,75.99786773904891,76.76057643455039,75.82559854443878,918.047,883.934,655.779,654.385,673.407,666.272,670.046,671.146
streamweave,1783613181.5821347,6152.39967882,,,,,,,,,,,,,,,,
streamweave,1783613181.7824826,6152.600026519,95.24104037067018,92.3586542600653,73.13332168469066,75.20318591812297,72.26867293891162,73.14243947335505,74.26226885539816,73.90550698227491,904.115,897.532,626.047,642.235,644.487,644.891,640.492,649.633
streamweave,1783613196.582083,6167.399627029,,,,,,,,,,,,,,,,
streamweave,1783613196.7825997,6167.600143691,88.61086193507458,90.63571025502813,76.84091429392092,76.3204115865099,76.08034886654134,74.96477358070834,77.18171583655094,77.45085920420729,541.372,522.082,656.513,653.427,660.941,673.849,664.476,669.384
streamweave,1783613211.5823176,6182.399861545,,,,,,,,,,,,,,,,
streamweave,1783613211.783098,6182.600642024,90.2214302650213,69.6200791065898,66.42303597244026,65.40123225500518,64.86800709751974,66.17248707537998,65.87230426506072,66.0050165503926,880.725,915.327,563.938,564.509,570.642,557.904,549.047,549.332
streamweave,1783613226.5821376,6197.399681555,,,,,,,,,,,,,,,,
streamweave,1783613226.7825522,6197.600096126,90.67349448592991,87.00028306025581,76.19737407096885,77.45326840565203,75.96804102031285,76.26960709947602,76.154653732248,77.64083792399597,917.781,904.524,658.208,660.767,674.948,670.255,664.102,670.052
streamweave,1783613241.5827017,6212.400245723,,,,,,,,,,,,,,,,
streamweave,1783613241.7856083,6212.60315227,21.62175438363225,14.903484002689671,65.23373723560297,69.25010378158582,68.97971024615835,66.18393051124059,67.50120075643777,65.08715849933357,251.14,246.522,576.02,590.126,596.807,576.542,577.831,570.12
streamweave,1783613256.582754,6227.400297964,,,,,,,,,,,,,,,,
streamweave,1783613256.7831798,6227.600723821,84.21448325456129,87.31114906158649,57.464470028491775,58.58934425059553,59.47919873630197,64.52945881310256,0,59.31281545854383,910.154,896.354,527.46,523.973,525.924,545.118,431.469,533.731
streamweave,1783613271.5828185,6242.400362612,,,,,,,,,,,,,,,,
streamweave,1783613271.7833023,6242.600846207,0,0,69.66420906926287,69.92909319633746,71.47597087327343,70.97411803251724,68.23818479648803,68.98990643770246,250.927,247.515,644.851,638.731,655.643,652.759,650.278,649.622
streamweave,1783613286.5826151,6257.400159081,,,,,,,,,,,,,,,,
streamweave,1783613286.7829747,6257.600518793,88.87498421495901,87.46224293106063,56.455649832503894,58.32776275192939,0,0,0,0,897.652,891.947,509.101,520.05,246.214,244.175,241.678,243.183
streamweave,1783613301.5824263,6272.399970276,,,,,,,,,,,,,,,,
streamweave,1783613301.7828496,6272.600393533,90.69950142700536,88.10751684574531,75.24851067414127,75.14184410923524,75.62753325952548,75.77533665007262,74.76202754730869,75.05578867207768,922.048,896.362,664.405,641.575,665.396,659.237,657.287,661.495
streamweave,1783613316.5825496,6287.400093658,,,,,,,,,,,,,,,,
streamweave,1783613316.7829294,6287.60047349,0,0,78.19999561912847,76.72354267875757,77.71297110322837,76.66148233206383,77.32124445592164,76.40199647130093,252.027,273.106,668.357,662.664,679.966,679.295,668.66,670.746
streamweave,1783613331.5826883,6302.400232333,,,,,,,,,,,,,,,,
streamweave,1783613331.7831213,6302.600665285,0,0,60.914270670678796,0,0,0,0,0,533.126,484.302,515.231,241.49,245.602,489.499,241.331,243.222
streamweave,1783613346.5820599,6317.399603744,,,,,,,,,,,,,,,,
streamweave,1783613346.7825198,6317.600063851,89.59237540566136,87.24713240143205,75.84061593914669,75.54820101315556,75.13900576140881,76.15882965623723,75.50037542816376,75.59670051392817,898.492,876.378,655.471,652.341,666.469,666.011,654.841,657.876
streamweave,1783613361.5820568,6332.399600666,,,,,,,,,,,,,,,,
streamweave,1783613361.782492,6332.600035955,0,0,76.08167843802683,81.61107329578425,79.98828568944353,80.9718337296219,75.45067682734327,81.00835903835707,247.812,244.846,762.288,777.309,812.817,800.086,796.632,806.378
streamweave,1783613376.5826988,6347.400242887,,,,,,,,,,,,,,,,
streamweave,1783613376.7831173,6347.600661401,0,0,70.67607588587377,70.72223136062641,69.83434862791815,70.99195590207174,70.51689054273699,69.4160121378846,246.417,243.168,611.67,614.947,608.931,637.005,605.891,605.565
streamweave,1783613391.5825045,6362.400048452,,,,,,,,,,,,,,,,
streamweave,1783613391.7827773,6362.600321267,0,0,0,0,0,64.21459296151734,63.83503313804305,0,246.083,242.735,240.617,240.425,245.318,534.325,523.61,242.363
streamweave,1783613406.581952,6377.399496154,,,,,,,,,,,,,,,,
streamweave,1783613406.7822933,6377.599837296,0,0,87.28713015204552,88.32131797672986,88.90873842692145,88.90115850921899,88.65890093279367,88.67778408041359,245.572,242.281,805.795,826.886,847.608,833.832,833.596,835.036
streamweave,1783613421.5827806,6392.400324716,,,,,,,,,,,,,,,,
streamweave,1783613421.7831094,6392.600653367,0,0,63.607821319166746,60.16554962705645,57.14188704267386,0,0,60.14947577460708,245.502,242.199,529.137,530.702,520.435,245.56,475.95,526.229
streamweave,1783613436.5826778,6407.400221886,,,,,,,,,,,,,,,,
streamweave,1783613436.7830532,6407.600597197,0,0,60.29236743896803,76.33728675746966,79.43012018303352,77.15038134610201,77.1760595535059,71.0433978481752,245.37,242.115,472.178,473.561,475.327,504.48,477.396,488.768
streamweave,1783613451.582347,6422.399890995,,,,,,,,,,,,,,,,
streamweave,1783613451.782798,6422.600341949,0,0,86.6385016344659,83.02370446667105,85.15606516666439,83.4828916434332,85.82070624537423,83.74672741716296,245.258,241.882,809.088,790.425,827.34,818.318,802.64,815.69
streamweave,1783613466.5826652,6437.400209127,,,,,,,,,,,,,,,,
streamweave,1783613466.7829943,6437.600538248,0,0,66.85491208974379,66.47360362632381,64.2482763782196,0,61.11633305821387,66.621269577427,245.179,241.829,572.908,539.073,536.909,248.085,522.069,555.09
streamweave,1783613481.5825403,6452.400084192,,,,,,,,,,,,,,,,
streamweave,1783613481.7829068,6452.600450745,0,0,59.86920934537311,59.47552427268234,59.532949062921325,59.614870119601406,59.137014105147756,59.08813956582905,245.246,241.775,468.794,482.141,486.657,495.874,484.927,490.95
streamweave,1783613496.5820656,6467.399609521,,,,,,,,,,,,,,,,
streamweave,1783613496.7824388,6467.599982864,0,0,0,0,0,0,0,58.3078308203778,245.085,241.747,239.572,240.444,244.305,242.392,239.71,523.314
streamweave,1783613511.582055,6482.399599066,,,,,,,,,,,,,,,,
streamweave,1783613511.782463,6482.600007051,0,0,0,0,0,0,0,0,245.017,241.773,239.067,239.605,243.637,242.058,239.449,242.022
streamweave,1783613526.5822015,6497.399745516,,,,,,,,,,,,,,,,
streamweave,1783613526.7825627,6497.600106781,0,0,0,0,0,0,0,0,244.976,241.721,238.787,239.083,243.195,241.823,239.16,241.603
streamweave,1783613541.5825737,6512.400117722,,,,,,,,,,,,,,,,
streamweave,1783613541.7831283,6512.600672204,81.8135788890196,80.31506506940002,0,0,0,0,0,0,914.451,891.438,238.638,238.836,243.06,241.678,239.054,241.384
streamweave,1783613556.5832453,6527.400789309,,,,,,,,,,,,,,,,
streamweave,1783613556.7833333,6527.600877261,89.16906639003821,88.85947195698823,73.78343821969182,71.04857762616787,71.33943353271195,71.06463216585756,69.96601553275245,70.94673560287424,879.723,864.644,650.496,646.853,668.273,659.036,645.146,655.039
streamweave,1783613571.5820045,6542.399548428,,,,,,,,,,,,,,,,
streamweave,1783613571.7824616,6542.600005583,0,0,0,58.54057626760546,0,0,0,0,249.981,246.649,240.45,511.563,245.476,326.76,241.139,242.919
streamweave,1783613586.582039,6557.399583189,,,,,,,,,,,,,,,,
streamweave,1783613586.788004,6557.605547992,86.86731458387322,87.77751273253081,0,55.16674472814501,0,55.59164292736111,55.26172895167456,0,905.132,904.93,240.649,523.778,426.713,515.364,512.327,345.49
streamweave,1783613601.5825202,6572.400064239,,,,,,,,,,,,,,,,
streamweave,1783613601.783023,6572.600567063,81.31714892573149,89.2565040835394,72.91798080425718,71.39109638682281,72.64720253724289,72.71831882486043,73.04185311716567,71.89636905440707,887.661,891.616,649.594,660.531,661.037,652.495,645.821,647.198
streamweave,1783613616.5821717,6587.399715619,,,,,,,,,,,,,,,,
streamweave,1783613616.7826774,6587.600221308,0,0,70.27151727790422,75.8508588942788,77.18744786362406,74.44642451114738,74.43096923862834,74.65922922925462,532.474,516.966,655.706,659.099,676.941,669.246,674.23,675.305
streamweave,1783613631.5826728,6602.400216777,,,,,,,,,,,,,,,,
streamweave,1783613631.7830715,6602.600615425,87.25530102115177,92.3910008852603,64.84815814329076,56.70491246644822,64.89319415367873,65.92050578586054,60.42577656449228,64.96120177129913,854.972,850.719,531.163,509.892,537.56,543.824,514.121,537.775
streamweave,1783613646.5825572,6617.400101098,,,,,,,,,,,,,,,,
streamweave,1783613646.7829971,6617.600541098,91.92624045855479,89.56010073545303,77.24733279787472,77.50951599354404,76.39814123274812,77.28257166157256,77.59935508049827,77.32733069926007,908.422,887.136,658.296,671.604,674.218,683.015,676.105,674.05
streamweave,1783613661.5823052,6632.399849225,,,,,,,,,,,,,,,,
streamweave,1783613661.78281,6632.600353952,89.92832578100078,93.76054815914678,64.53337844766726,66.24523427861166,66.22343876025937,66.62596989119506,61.75716784906149,66.02095712016276,432.771,433.028,535.795,564.823,561.265,556.648,537.847,567.98
streamweave,1783613676.582637,6647.400181178,,,,,,,,,,,,,,,,
streamweave,1783613676.783057,6647.600601021,86.30461583606241,91.69454987423123,63.455604954827336,61.2134645757883,66.77056189857498,0,62.037709211147785,65.8830360908808,860.368,863.261,534.977,528.334,561.402,266.454,533.485,565.328
streamweave,1783613691.5818453,6662.399389314,,,,,,,,,,,,,,,,
streamweave,1783613691.7823093,6662.59985327,94.13761574907004,88.39909886368183,73.32769815652857,74.52026313504935,72.05911780084932,73.9856756233635,71.75473158708628,73.2216679700808,908.919,897.248,639.491,638.819,661.516,650.785,639.793,643.894
streamweave,1783613706.5826492,6677.400193168,,,,,,,,,,,,,,,,
streamweave,1783613706.783087,6677.600631085,0,0,74.375082596751,75.46595137809123,74.60232116744031,76.17283044735551,77.08442346326753,77.52298378675344,250.528,247.263,674.235,662.887,681.442,683.86,672.837,679.779
streamweave,1783613721.5823548,6692.399898686,,,,,,,,,,,,,,,,
streamweave,1783613721.7826195,6692.600163554,47.48440358431466,2.701592966437093,67.16175815575642,67.97887478096409,66.96321003319238,65.7357338045866,67.10324652688048,58.55069255183019,928.505,870.738,562.556,552.895,563.906,557.876,555.562,513.066
streamweave,1783613736.5820122,6707.39955619,,,,,,,,,,,,,,,,
streamweave,1783613736.7824857,6707.600029795,90.2777462994862,90.6201064126962,72.32514922470708,75.2261269826764,72.02137974167435,72.55210505724698,72.47457203715574,69.09498945474101,890.871,876.374,631.685,640.891,629.815,661.787,635.416,603.053
streamweave,1783613751.5821202,6722.399664281,,,,,,,,,,,,,,,,
streamweave,1783613751.7825003,6722.600044255,93.07355148023842,86.97401053052438,0,66.61387380286615,0,57.055055546140885,0,56.763823956302474,871.908,878.423,240.3,553.838,245.088,516.289,419.873,515.05
streamweave,1783613766.5829759,6737.400519909,,,,,,,,,,,,,,,,
streamweave,1783613766.7831025,6737.600646575,76.94591364387931,83.36950406861739,74.40479153343789,74.78363659380295,73.83928176213544,74.44004460115595,73.94018179269068,73.38557619028919,884.856,872.436,645.708,649.529,654.237,659.405,649.681,647.106
streamweave,1783613781.5830493,6752.400593247,,,,,,,,,,,,,,,,
streamweave,1783613781.783053,6752.600596979,89.34757929810125,87.91418857343005,73.57460945998993,75.31913391328736,72.14235014769415,72.73868241649285,72.28828616817219,71.95714819983966,876.035,883.06,635.472,643.642,654.46,645.752,633.365,640.061
streamweave,1783613796.5821283,6767.399672206,,,,,,,,,,,,,,,,
streamweave,1783613796.7825716,6767.600115594,87.95797299246708,87.76349504007734,75.48002342295042,71.02163327899514,75.16126635361718,75.27817135894402,75.99371339061015,73.93411510394226,863.975,877.286,667.475,673.951,671.382,675.275,673.968,670.547
streamweave,1783613811.5825748,6782.400118944,,,,,,,,,,,,,,,,
streamweave,1783613811.7829945,6782.60053862,90.21519024584225,90.36775834028194,0,0,0,0,55.67536775791822,0,926.71,921.813,241.113,242.035,245.759,244.049,498.489,242.721
streamweave,1783613826.5826988,6797.400242791,,,,,,,,,,,,,,,,
streamweave,1783613826.7849786,6797.602522534,91.5259380891431,89.4804097005823,74.41544510513613,74.606924166059,75.13578292926614,74.72378179251035,74.70231215331509,74.63628585752977,895.835,889.234,664.275,660.067,669.422,667.514,661.455,668.709
streamweave,1783613841.582078,6812.399621962,,,,,,,,,,,,,,,,
streamweave,1783613841.7824807,6812.600024602,87.05047797657144,83.77687030961955,0,0,0,0,56.459876374888516,0,601.317,599.452,240.117,240.547,245.493,243.291,507.707,242.622
streamweave,1783613856.5827885,6827.400332438,,,,,,,,,,,,,,,,
streamweave,1783613856.7832894,6827.600833506,90.13497501795264,89.6972611098793,74.97407156168376,75.5151987930354,74.16753130458592,75.87186575593432,74.05517431620363,74.52954690525637,592.171,603.594,657.392,666.819,669.197,666.222,645.33,668.927
streamweave,1783613871.5828207,6842.40036464,,,,,,,,,,,,,,,,
streamweave,1783613871.783055,6842.600598968,82.82062619721337,81.71750432909852,75.5502600690606,74.83877864378766,74.05079503395022,74.8630825955003,73.52109303531091,71.73252141036131,889.099,894.363,652.933,639.493,649.391,660.454,642.032,637.124
streamweave,1783613886.5826783,6857.400222297,,,,,,,,,,,,,,,,
streamweave,1783613886.7831194,6857.600663406,85.79324104273829,82.09723405748503,74.13051842661652,74.9802212395063,75.34483937568218,76.88119116548953,74.9884927424894,75.88188443519914,881.13,857.947,652.385,664.524,678.997,678.082,660.275,667.379
streamweave,1783613901.5822785,6872.399822417,,,,,,,,,,,,,,,,
streamweave,1783613901.7826219,6872.60016583,89.81448293017723,87.4258293788595,65.31629528255984,66.52615575483932,66.5330954500158,66.48517080367544,68.07953759637057,66.01979591304054,907.084,894.639,528.33,550.282,550.182,549.63,587.495,550.637
streamweave,1783613916.582441,6887.399985067,,,,,,,,,,,,,,,,
streamweave,1783613916.7856712,6887.603215295,91.8555959399756,88.24185647391182,72.5868576649223,76.91544442902857,75.14080683084221,76.63875900769025,77.02088922811663,73.73820115225492,898.893,913.038,657.149,668.043,676.885,667.006,672.908,666.477
streamweave,1783613931.582015,6902.399559152,,,,,,,,,,,,,,,,
streamweave,1783613931.7823977,6902.59994171,83.04367213224604,83.24446819248188,60.53179090331773,58.162151659528604,57.32940011317289,60.154748620269295,65.60890259706376,57.47688049962789,882.588,877.879,528.292,519.443,526.241,538.539,542.139,519.634
streamweave,1783613946.5818653,6917.399409418,,,,,,,,,,,,,,,,
streamweave,1783613946.7823346,6917.599878525,89.52385740349482,86.45810704253432,67.5881065617057,72.68971648300713,74.55150543597252,74.03306847858883,73.06849195045618,74.29165254316958,889.189,867.568,631.76,640.156,659.42,647.19,647.93,656.709
streamweave,1783613961.5821052,6932.399649067,,,,,,,,,,,,,,,,
streamweave,1783613961.7824738,6932.600017764,92.13633830373472,85.03011085030019,0,0,0,0,57.03977811971448,0,897.472,902.109,240.227,241.152,245.549,244.038,513.973,242.941
streamweave,1783613976.5822375,6947.399781416,,,,,,,,,,,,,,,,
streamweave,1783613976.7826693,6947.600213208,0,0,87.09045953772974,86.85573353368338,86.73717377027255,87.13545291918288,86.78550236978072,87.05901512884694,247.42,244.393,793.152,801.397,823.693,817.83,800.106,810.855
streamweave,1783613991.5827854,6962.400329416,,,,,,,,,,,,,,,,
streamweave,1783613991.7831275,6962.600671456,0,0,63.87400100202044,67.30072173709397,66.92832458504957,64.20079418244694,67.9895518493795,65.67079650315712,246.311,243.182,535.233,559.956,557.997,545.46,563.133,543.974
streamweave,1783614006.5818853,6977.399429451,,,,,,,,,,,,,,,,
streamweave,1783614006.7823057,6977.59984982,0,0,0,0,0,0,0,0,245.842,242.595,240.495,241.33,245.658,243.752,241.444,242.837
streamweave,1783614021.5818954,6992.399439276,,,,,,,,,,,,,,,,
streamweave,1783614021.7823968,6992.599940737,0,0,75.19239701284033,83.20377308358276,81.87437075470439,84.46671982151037,82.1816424502426,83.50004621890814,245.705,242.052,731.904,808.348,798.589,831.419,784.997,820.996
streamweave,1783614036.5820744,7007.39961834,,,,,,,,,,,,,,,,
streamweave,1783614036.7824364,7007.59998039,0,0,58.35830605487682,65.84243145481521,65.12531112067761,67.37325357964146,65.10168527219247,64.70744743473783,245.388,242.182,515.947,540.554,538.416,552.506,538.366,537.776
streamweave,1783614051.5823803,7022.399924291,,,,,,,,,,,,,,,,
streamweave,1783614051.7827933,7022.600337356,0,0,81.23267403385861,80.44366154463461,80.37164762560212,80.17002528721,80.90800667639697,80.14527656736334,245.332,242.129,798.981,802.252,807.4,805.808,801.596,813.473
streamweave,1783614066.5817895,7037.399333571,,,,,,,,,,,,,,,,
streamweave,1783614066.7822526,7037.59979656,0,0,76.94409102916502,80.09922946350501,78.9210917360792,80.28667981417544,78.63416746557532,81.73055835599112,245.235,241.935,736.643,737.125,746.724,745.318,733.596,740.574
streamweave,1783614081.5825286,7052.400072609,,,,,,,,,,,,,,,,
streamweave,1783614081.7828617,7052.600405597,0,0,68.48350673486684,65.90045535039368,66.72862651869265,67.4119049424232,66.51701986095223,65.41089486554856,245.179,241.808,563.169,536.356,553.642,558.243,548.602,549.461
streamweave,1783614096.582855,7067.400398931,,,,,,,,,,,,,,,,
streamweave,1783614096.8584242,7067.67596829,0,0,0,0,0,0,0,0,245.123,241.824,241.026,241.829,246.438,244.159,445.893,243.044
streamweave,1783614111.582825,7082.400368909,,,,,,,,,,,,,,,,
streamweave,1783614111.783348,7082.600892022,0,0,0,0,0,0,0,0,245.082,241.748,239.25,239.749,244.155,242.544,239.814,241.791
streamweave,1783614126.582179,7097.399723073,,,,,,,,,,,,,,,,
streamweave,1783614126.7824893,7097.6000332,0,0,0,0,0,0,0,0,244.995,241.758,238.985,239.443,243.628,242.086,239.484,241.599
streamweave,1783614141.5828226,7112.400366647,,,,,,,,,,,,,,,,
streamweave,1783614141.7832675,7112.600811546,23.886479088016976,34.659596686262404,75.42836804475938,76.91324768893321,75.37445552903127,76.04056599793323,76.43586637675831,76.10089669715704,245.048,242.258,648.728,658.052,671.295,668.775,663.235,670.467
streamweave,1783614156.5831118,7127.400655738,,,,,,,,,,,,,,,,
streamweave,1783614156.783027,7127.600571052,91.50095000027113,91.79334392651455,67.3553082027916,65.62292018066407,66.10371017150855,64.31084072867435,68.24253568665502,65.3770575256314,847.795,816.885,535.197,567.155,561.208,554.412,573.799,578.012
streamweave,1783614171.5818,7142.399343866,,,,,,,,,,,,,,,,
streamweave,1783614171.7822835,7142.599827654,0.11074465763311775,0,76.25118272877333,75.16500433763221,74.68759071503959,77.98726841822572,73.85509328491095,74.37984465538888,254.999,250.423,658.425,654.724,671.773,671.695,652.665,671.175
streamweave,1783614186.582659,7157.400203066,,,,,,,,,,,,,,,,
streamweave,1783614186.7832124,7157.600756525,0,0,65.45883562272007,66.9788369173286,66.48027995768942,65.43702212951278,65.33361670002618,66.93207483543522,356.551,355.798,564.146,548.567,562.624,550.483,542.507,553.957
streamweave,1783614201.58219,7172.399733952,,,,,,,,,,,,,,,,
streamweave,1783614201.7826564,7172.60020051,92.56529019533922,92.55912943882545,73.0823422494634,74.78855046742872,73.19126570393438,71.47847953887837,72.7466894415887,72.70470417034596,905.42,902.235,634.254,637.029,645.596,627.582,632.711,645.198
streamweave,1783614216.582609,7187.400153051,,,,,,,,,,,,,,,,
streamweave,1783614216.783149,7187.600692919,89.46460338092386,89.05222982524694,68.13137915421316,69.79584462718381,69.45563213434421,72.46015717253394,71.10041267623566,68.09690824530966,919.196,894.722,635.23,644.079,647.192,667.934,642.899,660.594
streamweave,1783614231.5820723,7202.399616215,,,,,,,,,,,,,,,,
streamweave,1783614231.7835019,7202.601045839,34.773659523198944,4.255326608500929,0,55.61351613243992,0,55.84009540573152,55.96209496284532,0,248.404,245.097,397.321,512.416,431.634,517.454,488.142,433.287
streamweave,1783614246.5837612,7217.40130512,,,,,,,,,,,,,,,,
streamweave,1783614246.783802,7217.601345979,11.347136205342341,21.621446021148653,72.35549245851226,71.20548486473453,72.95606352788867,69.15349926353727,72.59053580022879,72.64413833761321,638.105,624.136,643.005,661.349,673.425,658.366,650.597,659.639
streamweave,1783614261.5827978,7232.400341757,,,,,,,,,,,,,,,,
streamweave,1783614261.7833147,7232.600858628,84.0575507839473,76.58423430585974,76.16119721969535,77.37918786989422,76.77558030090653,77.15684174033899,76.13943878483646,74.55405437513292,931.028,915.915,661.018,666.49,666.224,671.433,666.869,677.974
streamweave,1783614276.5828047,7247.400348647,,,,,,,,,,,,,,,,
streamweave,1783614276.7831595,7247.600703385,0,0,0,55.942325740819165,0,55.852432913244364,0,56.67687588893838,250.12,246.903,241.27,515.874,245.436,516.231,241.304,515.09
streamweave,1783614291.583005,7262.400548938,,,,,,,,,,,,,,,,
streamweave,1783614291.783208,7262.600751797,82.99831498110774,83.37232261264104,74.15138894501393,74.40072970078354,74.89458822069982,74.30382148864784,73.8565687727657,73.96334721778514,920.033,897.518,669.734,670.595,676.436,676.29,671.469,675.116
streamweave,1783614306.5824413,7277.399985322,,,,,,,,,,,,,,,,
streamweave,1783614306.7827826,7277.600326449,0,0,0,64.85665305334297,56.48401961162334,0,62.37817600507185,56.504786435329855,454.633,454.695,240.131,530.075,498.646,244.901,517.0,517.415
streamweave,1783614321.5826283,7292.400172367,,,,,,,,,,,,,,,,
streamweave,1783614321.783205,7292.600749049,90.14144018948915,90.4108447796971,74.69643015172109,75.44850825292554,74.48398092885158,74.6317790817107,74.37385132458925,74.56903772879927,896.825,880.831,657.554,660.838,669.101,662.602,665.885,665.074
streamweave,1783614336.5826924,7307.400236461,,,,,,,,,,,,,,,,
streamweave,1783614336.804849,7307.62239293,88.89522865658618,87.50314472479664,72.2184373570502,75.82954165111826,72.12002155672033,73.1220907154044,73.74619814569532,72.20117835235924,916.47,917.831,634.381,647.227,648.445,646.737,646.334,643.974
streamweave,1783614351.5823681,7322.399912135,,,,,,,,,,,,,,,,
streamweave,1783614351.7828178,7322.600361915,0,0,62.801844305701756,56.37980709537188,57.42313824339965,57.02660687516917,0,0,666.087,660.597,516.654,507.427,522.782,519.668,432.052,242.591
streamweave,1783614366.5820282,7337.399572125,,,,,,,,,,,,,,,,
streamweave,1783614366.7825584,7337.600102486,88.66721451056465,85.59839587502815,65.00264366319783,69.84075455887053,70.38151246175838,73.4636783104925,71.55127896326192,66.77595680029869,911.666,885.021,642.966,653.125,652.497,660.034,652.771,652.569
streamweave,1783614381.5830991,7352.400643173,,,,,,,,,,,,,,,,
streamweave,1783614381.782872,7352.600416039,92.87180552855519,76.44180709935489,72.80075657995762,73.34771972187436,73.31135780343601,72.30221121513125,70.83253584298743,68.50090852696246,769.344,768.005,626.206,636.606,651.668,638.667,621.656,605.73
streamweave,1783614396.5827537,7367.400297756,,,,,,,,,,,,,,,,
streamweave,1783614396.7831686,7367.600712475,91.23901424534307,89.13083857066124,72.32447035466497,73.28418965360541,70.7036064535335,72.59920495244401,74.38624057442257,72.58551558497375,914.005,913.631,649.29,659.446,654.144,669.961,653.102,667.513
streamweave,1783614411.5820203,7382.399564277,,,,,,,,,,,,,,,,
streamweave,1783614411.8021274,7382.619671335,0,0,0.06646873885643902,0.48327441333380006,0.4992607678717375,0.5029223605699689,0.18233425052789656,0.04415130718010168,261.7,257.526,248.926,252.565,255.57,254.808,249.036,251.182
streamweave,1783614426.582215,7397.399759031,,,,,,,,,,,,,,,,
streamweave,1783614426.782707,7397.600251086,88.03383782766811,89.64958015401912,73.3682376606663,71.41572470868121,72.18862368638536,68.53387995073905,70.70515061786834,71.91354765741599,889.68,897.997,650.777,641.577,663.866,653.176,643.754,652.606
streamweave,1783614441.5825684,7412.400112423,,,,,,,,,,,,,,,,
streamweave,1783614441.7830317,7412.600575754,0,0,76.42979321159952,78.54487734232418,76.5733705285586,76.88896091313762,77.54168344785775,75.58519092807875,467.773,444.104,658.812,670.225,676.447,677.782,667.876,673.032
streamweave,1783614456.5822387,7427.399782596,,,,,,,,,,,,,,,,
streamweave,1783614456.7825909,7427.600134867,88.70534239835852,88.63435996252032,66.3011034978675,58.014180334789465,62.28634920018541,55.8380975634726,56.86133870185791,57.70332728074331,610.998,594.525,552.173,532.458,547.441,514.032,516.568,521.242
streamweave,1783614471.5829034,7442.400447429,,,,,,,,,,,,,,,,
streamweave,1783614471.7832341,7442.600778168,88.8697943974353,87.91289867812334,76.13957920984843,75.91348163938034,75.9651335820307,76.42407488599395,75.11028071521717,76.57764953823059,914.537,902.454,661.517,665.322,680.717,671.339,658.999,671.862
streamweave,1783614486.5818872,7457.399431292,,,,,,,,,,,,,,,,
streamweave,1783614486.7823951,7457.599939196,87.52171191357398,86.74330760941776,74.68171111392421,71.49264980432775,69.21710125550152,72.37044177156497,73.43310810422375,73.69945822890227,367.767,363.306,646.528,642.894,662.623,667.818,661.272,673.617
streamweave,1783614501.5822277,7472.399771609,,,,,,,,,,,,,,,,
streamweave,1783614501.7825387,7472.600082678,44.5846209913077,30.31922597418023,45.105454769569974,3.688113259488752,0,34.35710726038765,32.17751398870262,45.54523599176696,892.585,913.472,504.936,510.178,246.223,527.229,506.434,508.532
streamweave,1783614516.5822237,7487.399767736,,,,,,,,,,,,,,,,
streamweave,1783614516.7825348,7487.600078732,90.8803212250815,89.26701955729214,64.5250318622908,74.52384600659107,69.79472269659111,73.77148714433244,69.25379091336426,69.87886194772864,893.096,892.344,630.136,664.66,652.767,660.39,668.384,653.606
streamweave,1783614531.5826952,7502.400239339,,,,,,,,,,,,,,,,
streamweave,1783614531.783167,7502.600710775,0.03587780087158033,25.08148044115215,76.60752220519981,76.99762826887337,76.29584348216808,77.77102107302507,74.75693666259431,77.47337551500493,866.416,835.55,654.918,656.78,674.691,673.752,660.35,670.156
streamweave,1783614546.5822327,7517.399776662,,,,,,,,,,,,,,,,
streamweave,1783614546.7825575,7517.600101498,90.28796495365505,89.8166063760513,63.30623530395132,8.557224548815523,61.64469975770967,63.170708656897666,65.01380114742112,58.588459825772,896.017,908.438,529.927,485.338,527.285,538.363,542.146,518.086
streamweave,1783614561.5827339,7532.400277949,,,,,,,,,,,,,,,,
streamweave,1783614561.7831125,7532.600656516,88.55638201927484,87.23268404538132,75.4440937763529,76.66730119187069,74.30219321658005,75.33659039015762,75.27807959903511,75.10967669689967,861.395,855.951,666.28,673.137,680.204,683.881,671.983,675.607
streamweave,1783614576.5828269,7547.40037082,,,,,,,,,,,,,,,,
streamweave,1783614576.7833614,7547.600905496,90.11743476813008,89.2583724575351,75.94662359597206,77.58188294414443,73.1412980178383,75.96428799167609,75.88984214860756,76.08191817468622,603.936,601.459,673.093,670.49,664.878,672.931,657.335,666.879
streamweave,1783614591.5821328,7562.399676841,,,,,,,,,,,,,,,,
streamweave,1783614591.7825007,7562.600044668,0,0,0,0,0,0,0,0,433.667,421.214,348.382,352.554,354.238,331.399,330.05,347.577
streamweave,1783614606.5827303,7577.400274304,,,,,,,,,,,,,,,,
streamweave,1783614606.783256,7577.600800006,0,0,71.49944360289095,71.18585423731196,69.25192583044623,68.69147270724895,68.7479540331218,71.38964225745107,246.843,243.705,727.89,721.073,680.418,726.896,709.246,732.519
streamweave,1783614621.5824783,7592.400022333,,,,,,,,,,,,,,,,
streamweave,1783614621.7828476,7592.600391651,0,0,64.91062130416714,58.09773633350546,65.958427711082,67.3309307274858,60.51445211026667,66.35392923088258,246.008,242.832,532.385,515.298,548.024,549.821,534.306,553.664
streamweave,1783614636.582191,7607.399735109,,,,,,,,,,,,,,,,
streamweave,1783614636.7825813,7607.600125248,0,0,0,80.71215565197032,80.63835933399906,80.07807012716201,80.66474151865364,79.63641137500377,245.662,242.527,561.524,766.847,757.133,759.06,738.688,767.149
streamweave,1783614651.581849,7622.399393165,,,,,,,,,,,,,,,,
streamweave,1783614651.7822626,7622.599806672,0,0,74.87028346683492,73.477397710988,73.54766223072266,71.99538458825292,72.84241752363857,70.82861739263664,245.271,242.171,723.99,692.097,679.75,696.115,691.478,690.234
streamweave,1783614666.5826352,7637.400179194,,,,,,,,,,,,,,,,
streamweave,1783614666.7829325,7637.600476457,0,0,0,0,65.72043316506793,63.2680537759441,62.12903949619726,61.12017256145113,245.388,242.02,240.461,241.946,540.878,529.227,521.539,525.281
streamweave,1783614681.5825565,7652.400100396,,,,,,,,,,,,,,,,
streamweave,1783614681.7830272,7652.600571289,0,0,83.8718568265988,83.37524398608937,83.04535796954605,82.86427551871198,82.39385294607571,82.92600842858147,244.809,241.889,826.997,832.396,838.048,829.802,804.482,835.858
streamweave,1783614696.582165,7667.399709121,,,,,,,,,,,,,,,,
streamweave,1783614696.7824824,7667.600026423,0,0,73.07051880263197,70.65680872165281,76.59178731909466,70.51127296669254,71.07047125148101,75.36623774119697,245.018,241.793,670.83,662.85,666.818,688.278,663.208,670.856
streamweave,1783614711.5819755,7682.399519383,,,,,,,,,,,,,,,,
streamweave,1783614711.78994,7682.607484152,0,0,68.44682102555868,67.45379567313257,67.299254321528,68.08848576754248,67.50292925000872,67.40475264080641,245.059,241.792,562.169,553.972,570.262,591.024,562.221,571.775
streamweave,1783614726.5821905,7697.399734517,,,,,,,,,,,,,,,,
streamweave,1783614726.7826452,7697.600189338,0,0,0,0,0,0,0,0,244.929,241.735,240.591,240.724,246.054,243.677,339.616,243.09
streamweave,1783614741.5820665,7712.399610593,,,,,,,,,,,,,,,,
streamweave,1783614741.7824469,7712.599990942,0,0,0,0,0,0,0,0,244.888,241.708,239.1,239.605,243.997,242.494,239.784,241.778
streamweave,1783614756.5825164,7727.400060539,,,,,,,,,,,,,,,,
streamweave,1783614756.7828665,7727.600410483,0,0,0,0,0,0,0,0,244.903,241.726,238.879,239.178,243.366,242.164,239.231,241.522
streamweave,1783614771.582057,7742.399601118,,,,,,,,,,,,,,,,
streamweave,1783614771.7825694,7742.600113308,90.19161538064665,88.09004230886967,72.64611513905658,74.31326761322633,74.1206359364091,73.01879465061289,73.72514346387632,78.34427231007885,896.956,886.779,660.669,666.554,672.316,660.569,661.602,675.252
streamweave,1783614786.5821333,7757.399677346,,,,,,,,,,,,,,,,
streamweave,1783614786.7825742,7757.60011828,73.62153466843662,91.19314843968141,66.24233350053687,66.4650780145547,68.7900112120939,65.96732052241528,66.33554882963509,68.71302289003184,886.414,878.826,552.372,562.141,584.587,554.731,582.773,587.443
streamweave,1783614801.582002,7772.399545984,,,,,,,,,,,,,,,,
streamweave,1783614801.7825174,7772.600061549,91.66785766918596,90.78521433774024,66.94422132980927,66.62251981895048,66.50556251355943,66.14022384769757,66.02319247772698,66.8571189339037,891.784,890.434,549.934,554.009,586.083,547.27,572.058,572.203
streamweave,1783614816.5820644,7787.399608322,,,,,,,,,,,,,,,,
streamweave,1783614816.7825575,7787.600101473,92.12281254280121,92.22036058084707,68.64847242068676,71.57919617000718,73.31550665243223,73.39034859490471,71.57820522759242,71.39019170109239,904.647,882.477,625.253,655.368,662.898,654.798,648.786,653.759
streamweave,1783614831.582192,7802.399736029,,,,,,,,,,,,,,,,
streamweave,1783614831.782416,7802.599960028,67.99473525945974,43.16156680374842,66.57854884988204,60.54969432399494,68.75660241273118,0,56.27605022647189,56.2926638255449,918.705,906.901,533.251,513.699,562.264,243.587,511.409,514.541
streamweave,1783614846.5822692,7817.399813137,,,,,,,,,,,,,,,,
streamweave,1783614846.7826664,7817.600210536,73.89879480363231,87.80956889650177,0,0,0,0,0,0,290.982,330.891,239.62,240.038,245.106,242.344,239.782,241.868
streamweave,1783614861.5826137,7832.400157696,,,,,,,,,,,,,,,,
streamweave,1783614861.7831173,7832.600661344,81.0834791015086,83.12457504247081,76.44545859265962,76.41807232450533,76.40704891923114,75.88867768765134,74.1276666815722,74.69715203913198,881.282,864.173,673.467,670.534,675.461,679.886,670.722,678.813
streamweave,1783614876.5819268,7847.399470919,,,,,,,,,,,,,,,,
streamweave,1783614876.7824736,7847.600017531,90.6250138492797,75.50985484817564,66.42469559746144,69.71537596528584,72.79169053064656,73.27124825343755,70.42982524203848,72.15892454621182,890.038,845.103,620.534,646.381,668.074,662.429,660.862,655.532
streamweave,1783614891.5822108,7862.399754807,,,,,,,,,,,,,,,,
streamweave,1783614891.7826645,7862.60020864,83.44482121991348,86.00384171772717,66.23166453735921,66.50709147698105,60.340458466074885,63.93179413436945,56.20926227737333,65.09616186394818,395.44,348.667,541.033,537.378,515.952,548.499,508.887,545.757
streamweave,1783614906.5828538,7877.400397833,,,,,,,,,,,,,,,,
streamweave,1783614906.7833452,7877.600889107,86.75602147991665,80.28152020664768,69.33200958213523,71.91733392808995,72.45232980349114,71.6364815593575,68.34139203682794,70.3068772225747,894.148,860.082,644.566,647.506,660.595,654.556,644.065,652.001
streamweave,1783614921.5822294,7892.399773273,,,,,,,,,,,,,,,,
streamweave,1783614921.7826478,7892.600191938,93.34987963305265,92.45453093638409,71.33666336696521,77.3185975964428,72.66436231299932,72.97385463861727,77.17304984578423,74.8025576368559,904.853,891.606,648.744,671.596,676.244,666.884,673.106,671.279
streamweave,1783614936.5821862,7907.399730335,,,,,,,,,,,,,,,,
streamweave,1783614936.8588798,7907.676423895,0,0,0,0,0,0,0,0,252.324,248.878,242.796,243.972,249.127,247.249,243.899,246.224
streamweave,1783614951.5824716,7922.40001571,,,,,,,,,,,,,,,,
streamweave,1783614951.7829819,7922.600525932,90.85606411490167,88.8071180191911,74.58123953049578,75.21731773336332,75.04034473288122,74.44230868058547,73.98449225369451,74.37553551951117,840.921,862.976,649.381,672.115,676.827,673.742,644.847,664.397
streamweave,1783614966.581743,7937.399287106,,,,,,,,,,,,,,,,
streamweave,1783614966.782386,7937.59993006,0,0,66.24827273242079,67.43152746697825,66.82342571246674,66.17345676736667,67.21435276644657,66.61286591776859,823.145,775.816,577.971,588.389,603.109,590.028,559.132,577.024
streamweave,1783614981.5820684,7952.399612406,,,,,,,,,,,,,,,,
streamweave,1783614981.7825117,7952.60005569,84.06546377987199,82.24143082478615,72.58715127002134,71.8158387858741,72.80950200039119,73.06768612977793,72.78167510890285,73.84043406700145,907.55,892.848,643.832,644.804,642.879,659.513,641.811,645.863
streamweave,1783614996.5820842,7967.399628101,,,,,,,,,,,,,,,,
streamweave,1783614996.7825048,7967.600048782,83.51643182664613,85.82044129796263,67.23271902867039,66.78677877949009,65.77956993387657,67.10066946595762,64.57766519370878,67.21728729407432,874.528,857.847,564.596,549.271,551.82,579.541,532.666,586.967
streamweave,1783615011.582061,7982.399605159,,,,,,,,,,,,,,,,
streamweave,1783615011.8846998,7982.70224376,75.39691925465947,89.87616928678915,75.14750230267559,75.00650397028717,74.49132590699465,75.49480653320411,73.98877465621732,72.87511756673048,908.85,918.85,647.347,636.36,654.14,659.885,641.98,649.296
streamweave,1783615026.582829,7997.400373033,,,,,,,,,,,,,,,,
streamweave,1783615026.7832973,7997.600841312,82.80595758345883,81.40202985128352,75.85695418287045,75.65142645965838,73.71116877357095,73.21432654817195,75.9143314808756,76.7643633625533,905.173,912.757,672.288,669.968,677.325,665.219,685.564,683.915
streamweave,1783615041.5827675,8012.40031142,,,,,,,,,,,,,,,,
streamweave,1783615041.7949822,8012.612526102,90.94253795693749,92.46368240019093,66.53753739213582,67.37473232427237,65.92798651149502,66.50012452703888,66.23048103263653,66.69887745889007,904.368,897.978,560.328,555.201,552.422,561.487,560.749,571.123
streamweave,1783615056.5824149,8027.39995891,,,,,,,,,,,,,,,,
streamweave,1783615056.7829103,8027.60045442,0,0,66.56286686417697,65.06609684570427,54.82346094154806,61.415436076956084,61.19923485946291,67.83804536337074,442.203,425.594,558.505,554.795,534.765,557.332,549.036,594.585
streamweave,1783615071.5825653,8042.400109354,,,,,,,,,,,,,,,,
streamweave,1783615071.7829611,8042.600505234,92.55253500026606,91.1802335269502,73.80606598139687,74.74563659378903,72.78446578921194,73.16781086473428,73.16487558076005,73.14919421677918,899.068,893.737,639.016,644.504,655.929,653.337,636.14,643.379
streamweave,1783615086.5821676,8057.399711736,,,,,,,,,,,,,,,,
streamweave,1783615086.782739,8057.60028302,88.15398538941945,76.88670957520839,68.91706297883951,67.05113216410545,67.71472333032327,70.30818171241859,73.17267978635702,73.03131861800271,908.374,908.147,656.196,642.732,663.126,666.19,669.977,679.192
streamweave,1783615101.5826077,8072.400151728,,,,,,,,,,,,,,,,
streamweave,1783615101.7828903,8072.600434301,63.74482153838563,74.22942875145532,64.3578542343149,67.93934082604854,67.05537351598491,67.06639598756463,65.97743550791314,67.09514557862316,250.63,248.354,529.992,570.891,575.969,573.005,553.775,569.599
streamweave,1783615116.5827553,8087.4002993,,,,,,,,,,,,,,,,
streamweave,1783615116.7831333,8087.600677346,84.55646233369852,82.66053394260342,68.48889711137298,69.81109575338706,68.19982424005617,67.86720551176025,68.17308261261489,71.34009738872447,899.808,889.035,659.637,664.562,690.335,667.378,673.454,684.578
streamweave,1783615131.5824428,8102.399986792,,,,,,,,,,,,,,,,
streamweave,1783615131.7828257,8102.600369805,91.47394732765623,91.56549080824544,67.17049192623635,67.49184460188228,67.14874275742872,67.56388383376235,67.06587036369966,66.35323679779567,921.434,918.011,560.882,570.813,577.968,578.41,570.125,566.516
streamweave,1783615146.5825024,8117.400046322,,,,,,,,,,,,,,,,
streamweave,1783615146.7829633,8117.600507242,89.14480834653334,86.16033877220325,67.14886728952115,60.32215179674573,63.86078792335898,61.78651165590649,63.815272904903075,63.564657332358124,905.159,901.743,656.407,664.42,677.224,677.383,678.41,681.948
streamweave,1783615161.5820231,8132.399567168,,,,,,,,,,,,,,,,
streamweave,1783615161.78267,8132.60021403,85.2589493966278,82.72610972974401,73.46949702609187,76.3062700493864,73.16696529433443,72.48416669189967,72.21976574494397,74.45647029379046,902.502,868.294,653.714,673.456,667.002,651.091,647.259,655.941
streamweave,1783615176.5819871,8147.399531085,,,,,,,,,,,,,,,,
streamweave,1783615176.7823925,8147.599936475,82.04721955753443,82.77134489838835,69.39516230340563,66.42879391929306,69.77549688883305,71.34021764976801,70.91195168849657,69.17377389189879,888.424,873.186,599.445,577.065,612.472,653.57,633.898,608.419
streamweave,1783615191.5820665,8162.399610585,,,,,,,,,,,,,,,,
streamweave,1783615191.7824967,8162.600040632,87.43440573271664,86.506489838189,75.29429014742477,74.8882189509184,76.47274308643755,66.48997293270563,70.92650181110763,69.70319612485454,890.413,904.365,637.811,660.875,646.378,637.908,645.2,639.147
streamweave,1783615206.5824971,8177.400041211,,,,,,,,,,,,,,,,
streamweave,1783615206.782973,8177.600516997,91.6600089683657,78.70422022267643,66.27411012482294,66.0647165382129,65.7472791352734,66.05916158428514,56.196769934745205,66.23709271433152,914.925,922.306,541.294,540.837,549.558,548.882,506.205,549.629
streamweave,1783615221.5827386,8192.400282696,,,,,,,,,,,,,,,,
streamweave,1783615221.783168,8192.600711997,91.21203767281513,93.5603207154213,73.87281181820498,77.26269395543251,73.43206789056043,74.3814987037527,73.42287560495967,77.20338932498838,907.943,893.835,665.801,665.118,681.483,679.161,661.349,672.124
streamweave,1783615236.5822005,8207.399744497,,,,,,,,,,,,,,,,
streamweave,1783615236.7826128,8207.600156742,86.72287928080034,84.34620812052661,68.400767201653,66.10737712906447,66.58383828482738,68.0035790603657,69.12522679534638,65.49537165675898,887.186,883.036,594.307,576.07,575.077,586.207,596.669,582.587
streamweave,1783615251.5821872,8222.399731266,,,,,,,,,,,,,,,,
streamweave,1783615251.7826087,8222.600152834,90.31698693702647,84.65106014715805,70.56915312409802,70.18853436629355,65.7858603785007,69.15839783343965,71.01669675711365,68.77551193011331,889.96,896.121,619.954,608.228,605.935,608.976,635.746,598.244
streamweave,1783615266.5821047,8237.39964873,,,,,,,,,,,,,,,,
streamweave,1783615266.782275,8237.599818952,0,0,65.9618491579817,70.65264524966133,71.35343178706893,69.01843070319636,70.33801853894744,70.27089465533408,247.464,244.567,716.451,711.754,713.781,704.384,715.873,718.509
streamweave,1783615281.5818486,8252.399392563,,,,,,,,,,,,,,,,
streamweave,1783615281.782283,8252.599827052,0,0,70.07173073460179,67.40772724117282,70.91699119495433,69.29300010836359,69.61473243978608,70.26226399098525,246.373,243.039,630.395,584.287,648.618,607.627,620.466,627.65
streamweave,1783615296.581809,8267.399352946,,,,,,,,,,,,,,,,
streamweave,1783615296.7832541,8267.600798241,0,0,67.41450060444119,0,63.530548806321285,58.62809174653979,67.28855492654664,67.17942972132808,245.739,242.559,557.948,353.48,529.395,524.719,553.152,573.17
streamweave,1783615311.582017,8282.399560896,,,,,,,,,,,,,,,,
streamweave,1783615311.7825174,8282.600061473,0,0,81.40344863639353,81.94284413392376,81.31725588456477,71.69584045669643,81.27533975611456,82.00115109566426,245.398,242.1,809.439,784.662,825.564,543.002,771.447,345.278
streamweave,1783615326.5821376,8297.399681595,,,,,,,,,,,,,,,,
streamweave,1783615326.7825012,8297.600045206,0,0,69.46965329537892,66.56511458390246,66.47378488543661,66.58052274652388,68.40270944073502,68.86220503674237,245.437,242.13,553.38,580.109,592.405,574.179,584.866,601.964
streamweave,1783615341.5821908,8312.399734703,,,,,,,,,,,,,,,,
streamweave,1783615341.782623,8312.600167077,0,0,0,0,0,0,0,51.23224739328418,245.3,242.073,240.729,405.929,287.068,303.182,312.166,573.165
streamweave,1783615356.5822315,8327.399775541,,,,,,,,,,,,,,,,
streamweave,1783615356.8073905,8327.624934458,0,0,87.56162918399556,87.02401724199748,87.50087556666747,81.9576101948154,86.41971132936355,86.87307551701201,245.009,241.706,783.729,812.215,826.359,822.444,814.08,822.195
streamweave,1783615371.582069,8342.399612891,,,,,,,,,,,,,,,,
streamweave,1783615371.7824843,8342.600028336,0,0,69.69783556458094,71.65720756474036,68.91333156228092,73.8048446367063,70.51860477629468,69.62593613263054,245.047,241.804,596.068,624.297,637.572,652.01,613.873,617.106
streamweave,1783615386.5827034,8357.400247364,,,,,,,,,,,,,,,,
streamweave,1783615386.7831335,8357.600677545,0,0,0,68.53873196594938,67.58293214258674,68.04124521453657,0,0,245.104,241.751,439.87,598.753,614.013,593.817,396.156,546.215
streamweave,1783615401.5820625,8372.39960657,,,,,,,,,,,,,,,,
streamweave,1783615401.7823446,8372.599888698,0,0,0,0,0,0,0,0,245.038,241.735,239.842,240.522,244.776,243.2,240.261,242.352
streamweave,1783615416.5824604,8387.400004402,,,,,,,,,,,,,,,,
streamweave,1783615416.7828615,8387.600405522,0,0,0,0,0,0,0,0,244.979,241.734,239.111,239.554,243.764,242.34,239.516,241.701
streamweave,1783615431.5822442,8402.39978823,,,,,,,,,,,,,,,,
streamweave,1783615431.7823863,8402.599930211,0,0,0,0,0,0,0,0,245.092,241.76,238.828,239.147,243.322,241.927,239.125,241.302
streamweave,1783615446.5827787,8417.400322651,,,,,,,,,,,,,,,,
streamweave,1783615446.7924516,8417.609995706,56.99390075265216,20.950891247474225,69.96101921685049,70.74232069877185,72.19845844371284,71.95817738592866,71.5777511698837,69.4410059172143,247.453,244.431,630.857,647.421,638.437,642.838,641.378,644.17
streamweave,1783615461.582153,8432.399697056,,,,,,,,,,,,,,,,
streamweave,1783615461.7825778,8432.600121861,17.12269369144919,41.016105636244454,66.34687302003901,66.50477618182794,66.68574982399173,66.06871872626883,68.76218143476865,66.5070137324042,850.503,852.086,573.942,578.931,567.75,582.406,596.75,565.844
streamweave,1783615476.582515,8447.400059029,,,,,,,,,,,,,,,,
streamweave,1783615476.7830355,8447.600579588,91.13583405110192,92.21189477977288,69.10038179080512,65.79521440754512,72.40517559941974,71.34945777943868,60.34959643567629,71.014801437317,911.099,901.155,641.776,630.123,640.581,662.552,628.04,663.536
streamweave,1783615491.5818415,8462.39938542,,,,,,,,,,,,,,,,
streamweave,1783615491.7822793,8462.599823149,86.21721782372445,78.66829965795729,69.35200364674424,71.2681352004246,71.07192467656427,70.72831539266531,70.49736571097111,73.07194302595398,865.233,875.987,643.784,649.31,656.585,653.285,648.814,659.625
streamweave,1783615506.5822685,8477.399812572,,,,,,,,,,,,,,,,
streamweave,1783615506.7827582,8477.600302299,91.67212773169298,90.5430163852407,68.68650987366543,73.11534139113301,69.14498395879811,68.8044227928211,71.04341184564885,69.93236236686211,887.964,878.857,614.394,650.908,614.076,595.477,635.314,623.698
streamweave,1783615521.5820234,8492.399567325,,,,,,,,,,,,,,,,
streamweave,1783615521.7825,8492.600043973,92.29086222649147,89.13997902302098,61.698496683095364,67.91545748474596,69.60485512683819,64.57590560692624,67.321632008442,67.38703992843568,922.953,918.964,617.288,636.536,650.562,634.571,640.399,649.984
streamweave,1783615536.582753,8507.4002969,,,,,,,,,,,,,,,,
streamweave,1783615536.783137,8507.600680969,92.33331572002726,91.00547042990381,66.63523388754012,66.54555532202826,67.52184251276225,66.27481910077934,68.75246813793608,65.87335524876463,919.475,911.575,552.557,550.648,567.973,571.207,582.539,544.884
streamweave,1783615551.5826306,8522.40017464,,,,,,,,,,,,,,,,
streamweave,1783615551.7831578,8522.60070177,87.77192808325131,89.62185255734359,69.55627643439024,70.91335458816373,67.44762323040928,67.14965484927318,67.23418832475512,73.32076871521475,697.108,672.395,634.715,637.618,634.714,636.703,639.519,662.702
streamweave,1783615566.5819094,8537.399453413,,,,,,,,,,,,,,,,
streamweave,1783615566.7823627,8537.599906802,90.66448231508951,87.89127392035276,66.20810244789934,66.68934279207129,65.35686650149682,68.88349960504947,70.34119856103813,68.64600354022244,900.485,873.86,572.405,551.116,579.8,607.762,642.015,603.695
streamweave,1783615581.5817645,8552.39930835,,,,,,,,,,,,,,,,
streamweave,1783615581.7821965,8552.599740618,93.1749237208555,91.02897263866588,66.77533258542962,67.41427116007678,66.1580545796676,65.97637465627487,69.15839762122859,69.13957622371083,884.05,872.785,561.943,566.438,599.962,583.159,594.609,604.37
streamweave,1783615596.582517,8567.400060893,,,,,,,,,,,,,,,,
streamweave,1783615596.7829702,8567.600514182,1.966210169877277,0.001974882964221512,66.54369348603633,0,64.63020683356939,0,67.14786367486718,64.75852984541191,250.099,246.898,553.171,241.616,541.439,474.89,562.385,537.399
streamweave,1783615611.5818415,8582.399385482,,,,,,,,,,,,,,,,
streamweave,1783615611.7823455,8582.599889495,91.12705918854222,83.80332279467831,72.65917051265801,72.91304439235302,73.10086151711563,73.52101875488314,73.23533065390163,73.16472225514117,897.976,898.217,634.275,638.702,649.085,640.42,639.83,641.355
streamweave,1783615626.5825756,8597.400119555,,,,,,,,,,,,,,,,
streamweave,1783615626.7829912,8597.600535125,81.62949012426263,89.56804515581625,69.86917875504835,72.49924052418464,71.04319025286149,73.47663661699507,72.4418081636209,71.58629022570318,904.506,893.068,646.993,654.337,672.165,675.319,671.152,662.104
streamweave,1783615641.5819516,8612.399495651,,,,,,,,,,,,,,,,
streamweave,1783615641.7824023,8612.599946335,81.75235584741134,80.74016366701883,60.94690012315763,67.26690197939901,67.39530320838372,66.41715571774348,66.21943065694809,67.20241237475578,907.133,907.378,513.911,550.365,559.28,589.05,544.513,564.376
streamweave,1783615656.5828078,8627.400351717,,,,,,,,,,,,,,,,
streamweave,1783615656.7832742,8627.600818204,85.52943195909364,88.28994661368978,69.4827852765743,67.34904242906097,67.39145815424197,65.51193975285418,73.07779103858823,69.11036590850121,885.073,868.245,646.41,648.351,638.427,642.719,657.149,652.565
streamweave,1783615671.5824988,8642.400042845,,,,,,,,,,,,,,,,
streamweave,1783615671.792566,8642.610110003,0,0,66.59155226249622,67.77543127013713,65.13995067837952,66.05100190871687,65.89830868388977,58.93468906124312,823.624,866.569,542.729,560.454,537.473,550.336,542.203,516.71
streamweave,1783615686.5822182,8657.399762172,,,,,,,,,,,,,,,,
streamweave,1783615686.7826595,8657.600203585,91.58852363232396,88.64487901298402,75.13730945960087,73.90276278813562,71.06987138442598,71.49466583725898,61.802846553109745,70.75410162318214,934.062,909.428,665.6,653.824,669.138,659.533,600.176,658.225
streamweave,1783615701.5825994,8672.400143472,,,,,,,,,,,,,,,,
streamweave,1783615701.782988,8672.600532106,0,0,73.53352964748517,73.42850717351537,74.11777020531116,75.68379455690824,72.64533488370719,73.73953938103011,251.377,248.297,642.331,652.151,657.664,656.706,651.043,664.163
streamweave,1783615716.5823464,8687.399890551,,,,,,,,,,,,,,,,
streamweave,1783615716.7826908,8687.600234839,92.24981343512016,90.13354067973803,65.81140727326105,66.13837592637964,66.68198906424823,66.05974061372758,65.68835892355901,67.82222423903265,903.435,893.738,550.759,550.097,586.845,557.173,547.408,563.597
streamweave,1783615731.582699,8702.400242978,,,,,,,,,,,,,,,,
streamweave,1783615731.783194,8702.600738062,89.34209645207677,88.40917147792483,74.90935681897226,75.16875689809787,73.52225255987868,75.00966740605406,74.59330198608102,74.21180436566749,836.625,854.107,670.659,671.437,691.112,673.994,667.748,678.807
streamweave,1783615746.5825648,8717.400108943,,,,,,,,,,,,,,,,
streamweave,1783615746.782956,8717.600499801,75.17148626876715,20.478287727567864,39.97104947211974,19.267985724479527,63.25693454659993,61.13230176440182,57.50654725998036,41.3306876053458,895.864,902.801,541.318,513.671,560.787,575.343,556.87,542.798
streamweave,1783615761.5820234,8732.399567432,,,,,,,,,,,,,,,,
streamweave,1783615761.7825143,8732.600058401,87.11592107049923,87.82086051659522,74.00589806926646,74.56969129804104,75.67782212498555,74.43033413993942,75.66641827934598,74.22658539120401,879.101,874.678,652.686,645.639,685.335,676.466,675.642,667.269
streamweave,1783615776.5826738,8747.400217739,,,,,,,,,,,,,,,,
streamweave,1783615776.7829955,8747.600539473,82.47314719365674,87.04253799087058,66.1113499423217,66.50705852420107,67.10777064724167,67.35278883556059,66.6628673098187,64.53163576680161,857.889,860.131,541.113,548.336,566.475,578.638,570.099,537.696
streamweave,1783615791.5828097,8762.400353724,,,,,,,,,,,,,,,,
streamweave,1783615791.7833261,8762.600870081,91.8945230069964,90.84212110980866,73.06988900085621,75.37803219948802,72.67223720425034,73.9703245994042,73.75686962344746,72.97174034013418,893.965,892.596,633.972,633.818,648.874,646.385,637.028,643.669
streamweave,1783615806.5818162,8777.399360193,,,,,,,,,,,,,,,,
streamweave,1783615806.7955434,8777.613087452,45.11513506190143,4.91140512985019,73.82476465145832,69.5525087715969,73.50596637399107,72.14263685644372,74.607126311045,74.362940809588,607.119,573.77,665.518,669.14,687.896,671.894,678.031,682.914
streamweave,1783615821.5822163,8792.399760179,,,,,,,,,,,,,,,,
streamweave,1783615821.7826955,8792.600239583,83.93450633394022,85.94876769408401,75.57845332800005,74.445946226554,71.49676705477303,70.05926328779853,69.0335143242389,67.8056463913804,563.547,516.332,659.031,652.554,520.753,642.228,634.412,637.508
streamweave,1783615836.5823436,8807.399887537,,,,,,,,,,,,,,,,
streamweave,1783615836.7828732,8807.600417115,90.64343845948284,88.71576621260229,66.41160033782121,66.64056352592776,68.11500720712365,71.7651314289075,70.71216907783379,70.31011618184095,887.59,872.572,550.32,557.551,623.943,653.74,629.996,633.074
streamweave,1783615851.5827699,8822.400313891,,,,,,,,,,,,,,,,
streamweave,1783615851.8386576,8822.656201661,81.95619639377804,78.86760635228279,72.75472459327395,70.6144699859002,70.31356040080897,70.88623034424381,69.78014360926214,68.79247982062827,506.636,457.147,646.645,644.935,652.389,659.824,643.412,648.081
streamweave,1783615866.582391,8837.399935116,,,,,,,,,,,,,,,,
streamweave,1783615866.854939,8837.672482922,92.95318086555464,85.46803604105058,69.8610255172588,68.80243518357166,69.41925578081798,69.12410423634473,69.83332065707192,68.87531290019372,885.354,863.027,603.601,598.223,621.139,624.214,614.165,610.482
streamweave,1783615881.5819645,8852.399508482,,,,,,,,,,,,,,,,
streamweave,1783615881.7824388,8852.599982696,23.827493234248628,16.43884387042261,72.90989482114286,74.90942566816794,70.27954125645866,67.41070961935563,69.74667535660426,71.83192679240977,697.159,680.095,639.217,649.553,641.407,633.362,630.177,648.018
streamweave,1783615896.5826352,8867.400179095,,,,,,,,,,,,,,,,
streamweave,1783615896.7830582,8867.600602183,84.73119671647622,86.91327244297071,66.31032213003718,66.65187956169622,66.0582602460977,64.32803213621591,66.53483490734963,66.06412739600512,749.538,750.542,547.457,555.988,552.626,536.823,555.187,546.339
streamweave,1783615911.5820236,8882.399567714,,,,,,,,,,,,,,,,
streamweave,1783615911.7824655,8882.600009372,92.20398511697078,88.73770697681573,72.90778222635821,74.66925238236031,70.69850753896777,73.30710314427428,73.21752490577104,72.72488628880434,866.153,845.593,633.478,650.947,642.959,644.252,646.378,646.852
streamweave,1783615926.5839655,8897.401509564,,,,,,,,,,,,,,,,
streamweave,1783615926.7840447,8897.601588769,90.54565018098883,89.97284905371436,65.26935027432884,64.09487791223964,64.76199593278096,63.05908950245688,66.34484734063957,65.446424818781,881.16,870.103,532.49,518.112,538.698,526.034,546.051,547.747
streamweave,1783615941.5822647,8912.399808775,,,,,,,,,,,,,,,,
streamweave,1783615941.7827246,8912.600268555,82.66819034198659,85.73450103286962,75.9811520120617,74.7833750080299,74.55938309673775,74.1238547065845,73.90100392420177,74.19288422851709,888.289,885.863,651.068,648.163,661.092,672.381,648.993,646.283
streamweave,1783615956.5825617,8927.400105849,,,,,,,,,,,,,,,,
streamweave,1783615956.7830987,8927.600642684,0,0,77.47611055673951,70.51015424856654,75.75596966460202,77.31408860246341,76.54189405975818,77.13924437050402,247.72,244.571,739.502,739.708,754.395,761.32,740.3,755.244
streamweave,1783615971.5820086,8942.399552537,,,,,,,,,,,,,,,,
streamweave,1783615971.78332,8942.600863874,0,0,69.12664897774384,71.32984219957365,66.2727352011345,70.47245085670266,65.96660656913248,68.01824907897343,246.555,243.297,594.169,611.005,594.144,625.781,583.689,593.434
streamweave,1783615986.582615,8957.400158884,,,,,,,,,,,,,,,,
streamweave,1783615986.7828958,8957.600439706,0,0,0,62.787878666983346,0,67.53395405330484,0,0,246.113,242.703,444.028,527.562,247.185,549.587,242.66,242.937
streamweave,1783616001.582813,8972.400356946,,,,,,,,,,,,,,,,
streamweave,1783616001.7831638,8972.600707695,0,0,88.09816318031814,88.12828242044787,88.12020449324372,88.61157736741022,88.13150908203808,87.76538117437595,245.619,242.301,835.592,844.76,847.023,840.704,842.074,845.629
streamweave,1783616016.582485,8987.400029044,,,,,,,,,,,,,,,,
streamweave,1783616016.782849,8987.600393073,0,0,64.8539302275575,57.5151362814228,60.703733119511874,65.13148880489513,63.85838368072997,67.3361733937828,245.536,242.131,531.261,517.265,539.239,546.416,532.357,546.547
streamweave,1783616031.5827672,9002.400311254,,,,,,,,,,,,,,,,
streamweave,1783616031.7831626,9002.600706692,0,0,80.07053132917936,80.42029168814622,72.45100791170339,79.9997378630958,79.6247826169805,80.28161624329948,245.374,242.225,768.29,785.064,740.616,794.825,790.756,796.74
streamweave,1783616046.5823257,9017.399869808,,,,,,,,,,,,,,,,
streamweave,1783616046.7827475,9017.600291436,0,0,81.22480645379594,76.28431367453746,79.42105423743091,77.5545312812684,76.30710558534075,77.51998329068115,245.188,241.975,750.662,744.029,760.686,750.261,739.636,753.303
streamweave,1783616061.5827804,9032.400324362,,,,,,,,,,,,,,,,
streamweave,1783616061.7831912,9032.600735272,0,0,67.70445875020818,68.04712372110652,66.43026694095938,68.328527663265,66.3870295541558,67.21486994858431,245.296,241.978,543.692,562.153,555.129,568.488,548.993,555.253
streamweave,1783616076.5826185,9047.400162408,,,,,,,,,,,,,,,,
streamweave,1783616076.7828948,9047.600438837,0,0,57.18522162399877,57.579951397042926,23.06325701650888,0,59.3099955948687,57.76782354468053,245.166,241.955,510.226,515.917,495.937,357.483,521.078,519.291
streamweave,1783616091.5826266,9062.400170469,,,,,,,,,,,,,,,,
streamweave,1783616091.7831762,9062.600720267,0,0,0,0,0,0,0,0,245.263,241.78,239.343,239.875,244.229,242.766,239.899,242.473
streamweave,1783616106.5827508,9077.400294814,,,,,,,,,,,,,,,,
streamweave,1783616106.7831037,9077.600647607,0,0,0,0,0,0,0,0,245.03,241.761,239.001,239.422,243.637,242.16,239.404,241.805
streamweave,1783616121.58176,9092.399303965,,,,,,,,,,,,,,,,
streamweave,1783616121.785136,9092.602680094,83.41770390074882,82.84567660920368,0,0,0,0,0,0,879.302,884.367,238.458,239.052,243.334,241.812,239.18,241.512
streamweave,1783616136.5825193,9107.400063353,,,,,,,,,,,,,,,,
streamweave,1783616136.7917712,9107.609315166,93.21445214902148,90.48706311258911,74.82876131246495,75.85458672605,75.84526116968976,70.36178015778849,71.91191276447377,72.37484061298002,858.621,850.087,651.229,641.286,683.813,673.277,650.247,665.055
streamweave,1783616151.5823493,9122.39989324,,,,,,,,,,,,,,,,
streamweave,1783616151.7828376,9122.600381558,87.40838290263794,89.03609099550542,73.61886687453831,71.51357647789285,74.92326059820236,70.98681587382688,71.6971266649386,73.83004968988635,908.758,895.005,662.04,650.016,673.406,670.671,654.225,669.472
streamweave,1783616166.581969,9137.399512994,,,,,,,,,,,,,,,,
streamweave,1783616166.7824843,9137.600028242,83.1222329468398,73.86929733970194,56.55835273445475,0,56.404154997534306,56.45840686248235,55.92766465725367,56.14241523428568,915.186,906.037,506.063,241.895,512.954,518.311,510.674,517.033
streamweave,1783616181.5824497,9152.399993557,,,,,,,,,,,,,,,,
streamweave,1783616181.782982,9152.600526091,89.7349379573267,89.35697915205321,72.3135682031581,73.24261558899579,73.87076587685432,72.88176370927948,72.36455048437527,71.71802966886304,898.189,905.745,632.632,636.376,650.722,652.332,629.266,636.459
streamweave,1783616196.5822823,9167.399826348,,,,,,,,,,,,,,,,
streamweave,1783616196.7825198,9167.600063817,91.51727949127955,89.42097401080731,75.67383727583568,74.83081531973454,73.33785229466673,74.43202818223784,73.69208606888725,73.67911661095036,857.962,866.149,654.233,650.081,640.796,657.805,630.363,654.922
streamweave,1783616211.5827749,9182.400318854,,,,,,,,,,,,,,,,
streamweave,1783616211.7832959,9182.600839939,0,0,71.90390701076261,74.71663282696457,71.42328646101636,73.24694335425568,75.64668299061626,75.43030946537007,251.121,247.803,662.221,661.885,679.894,675.927,666.93,669.391
streamweave,1783616226.5823727,9197.399916748,,,,,,,,,,,,,,,,
streamweave,1783616226.7825825,9197.600126585,89.42426202759651,89.25107182514074,65.68086522060747,69.87078712028334,65.68332234536058,65.52586873026641,68.79470220981393,68.75151945950839,912.564,889.371,571.744,606.069,585.473,593.232,599.878,591.603
streamweave,1783616241.5822058,9212.399749854,,,,,,,,,,,,,,,,
streamweave,1783616241.7827039,9212.600247844,91.4369534627592,89.20649211749641,75.92128676541232,73.6513092865278,75.24211912708073,75.91841276650408,64.91738618100784,71.69818646694057,904.671,896.023,663.655,628.558,677.143,671.065,626.506,679.656
streamweave,1783616256.582235,9227.399778983,,,,,,,,,,,,,,,,
streamweave,1783616256.783796,9227.601340095,91.28260392117325,88.29729217260895,75.29525727476475,74.66566143039687,74.61879530899009,76.2157418490463,73.47546341965409,74.99639501629386,844.889,851.465,666.269,674.248,668.717,676.396,670.407,666.3
streamweave,1783616271.5820136,9242.399557689,,,,,,,,,,,,,,,,
streamweave,1783616271.7825072,9242.600051086,86.1988336131424,91.54193679740288,67.77521217614523,65.30089570074725,68.55331619112279,63.966043550723086,70.20469762276,69.09816926192346,595.823,619.971,646.294,623.66,658.849,633.53,649.692,659.716
streamweave,1783616286.5827653,9257.400309267,,,,,,,,,,,,,,,,
streamweave,1783616286.8058035,9257.623347553,82.02871566582795,80.38773934663956,68.79519437588411,66.86315079187054,66.30168969850007,69.1432770249591,65.82576651287218,67.97576694922736,882.625,855.485,605.722,581.211,580.889,611.43,556.855,556.35
streamweave,1783616301.582343,9272.399887071,,,,,,,,,,,,,,,,
streamweave,1783616301.7825603,9272.600104291,86.4673393899784,90.28535485583986,68.4910760319824,65.2208162808018,69.29436316066351,67.8187615033326,70.24365565989345,73.29429888520535,487.633,460.394,642.354,632.762,660.315,638.532,654.115,661.666
streamweave,1783616316.5821905,9287.399734439,,,,,,,,,,,,,,,,
streamweave,1783616316.7826319,9287.600175826,85.62774395285507,90.64561542139509,74.7369562538241,71.0653755665001,69.8086399183703,73.63121860361105,69.46230090122758,65.56093386820741,890.98,900.638,654.9,623.239,633.499,678.353,622.188,567.711
streamweave,1783616331.5824456,9302.399989567,,,,,,,,,,,,,,,,
streamweave,1783616331.7829082,9302.600452107,88.90010418626288,87.76154630386225,62.720748770527855,66.56551092425002,60.13965311846976,67.60541705907212,68.56732481589731,67.03862324405036,586.036,621.837,621.803,634.869,616.881,664.908,657.332,641.432
streamweave,1783616346.5821893,9317.39973326,,,,,,,,,,,,,,,,
streamweave,1783616346.7826266,9317.600170712,91.29839132790477,90.6374944191217,67.01568191487584,66.37322282917269,67.71281196976648,69.05469238267804,68.58452793814978,66.30380999161424,910.844,908.648,561.821,565.851,601.342,600.928,586.619,564.087
streamweave,1783616361.5818825,9332.399426497,,,,,,,,,,,,,,,,
streamweave,1783616361.7824461,9332.599990119,90.73508419494675,91.08967703189502,75.33095923339957,75.38405897663108,74.63624467629381,76.36302892635253,74.80856307602781,72.97685525373076,917.718,891.355,672.34,668.202,689.903,689.59,670.165,669.045
streamweave,1783616376.5824416,9347.399985671,,,,,,,,,,,,,,,,
streamweave,1783616376.7828782,9347.600422042,81.06913141566146,81.7220340271179,69.70531649115429,70.66384288215225,67.41034664489145,69.42146941743825,67.66458540669376,66.76297990935203,910.697,902.314,610.678,611.877,585.413,610.267,585.608,598.877
streamweave,1783616391.5824394,9362.39998335,,,,,,,,,,,,,,,,
streamweave,1783616391.844549,9362.662093021,0,15.271416669157576,74.23441362957519,75.35271298713549,74.11640040832486,75.10578021139918,75.71137508668937,73.24735532619626,846.909,778.166,661.578,654.14,669.455,674.778,663.279,659.377
streamweave,1783616406.5819104,9377.399454418,,,,,,,,,,,,,,,,
streamweave,1783616406.7840378,9377.601581868,91.09420614236059,89.83115283542423,70.15208904022171,69.66735835015841,65.70729325580812,67.02774210203972,69.53905734969192,66.3485851589017,880.854,884.92,611.253,600.591,578.637,571.166,601.961,566.734
streamweave,1783616421.5820076,9392.399551754,,,,,,,,,,,,,,,,
streamweave,1783616421.7824562,9392.600000237,0,21.631218001222397,59.99335436409725,65.6481554884877,66.54646952548357,66.40883989316148,67.64367306439071,68.37166937041378,249.952,247.608,596.609,631.66,637.335,632.639,631.31,650.97
streamweave,1783616436.5826368,9407.400180758,,,,,,,,,,,,,,,,
streamweave,1783616436.783104,9407.600647859,93.01553066424904,90.73700827949412,70.14774049515967,68.8294133320968,68.64739895254317,65.81965190589149,69.6998944484484,68.67113414008436,864.963,879.015,597.685,588.504,587.401,577.729,604.288,595.071
streamweave,1783616451.5822144,9422.39975829,,,,,,,,,,,,,,,,
streamweave,1783616451.782589,9422.600133045,91.27721409399216,90.62984044615344,66.47214432303136,63.72893820198351,66.49121175382598,67.26157182352512,67.28961878257522,66.79456833107209,879.277,887.013,630.35,637.478,640.587,644.224,641.836,639.315
streamweave,1783616466.5823379,9437.399881871,,,,,,,,,,,,,,,,
streamweave,1783616466.782771,9437.600315143,94.97268021430357,89.54351569109281,70.30527258557267,66.69145896673842,69.56389147080898,68.94108554291694,68.62026627907176,69.91957598544197,900.454,888.565,604.643,575.89,610.765,593.621,580.889,612.861
streamweave,1783616481.5823205,9452.399864441,,,,,,,,,,,,,,,,
streamweave,1783616481.7827604,9452.600304452,84.50226332471588,89.40497087484273,57.20873710316254,66.48827806104316,66.03967827877429,64.61104700394559,67.11167287934566,60.395564451410465,907.583,899.942,597.585,618.337,662.011,644.476,633.606,610.911
streamweave,1783616496.582383,9467.399926964,,,,,,,,,,,,,,,,
streamweave,1783616496.7827966,9467.600340706,62.02066544918158,30.577372083655547,65.5907379725743,69.47032115441483,66.33240771263449,65.71516708476223,65.43687094071319,66.05665044545319,250.557,247.376,566.794,565.225,568.788,573.602,565.942,577.052
streamweave,1783616511.5826192,9482.400163144,,,,,,,,,,,,,,,,
streamweave,1783616511.783077,9482.60062098,85.91391562045169,88.43887812944703,76.04538359040187,74.64830130997329,73.81337801391142,74.37405508101003,73.49039449839908,74.56778997809643,907.467,914.261,669.322,662.606,671.744,677.17,668.733,668.097
streamweave,1783616526.58264,9497.400183894,,,,,,,,,,,,,,,,
streamweave,1783616526.7832758,9497.600819897,88.24921911821149,71.86648996157471,70.07178766439097,67.23783608348748,65.93467220868826,69.9771820531148,69.6302209482006,68.85765185045096,315.417,283.698,612.976,589.189,611.212,615.257,594.9,604.724
streamweave,1783616541.582673,9512.400217163,,,,,,,,,,,,,,,,
streamweave,1783616541.7831044,9512.600648389,92.44765516300365,91.46389030385527,75.3850513477646,73.49953279045826,73.33570672663178,74.21018797972042,73.91119380782445,72.67933978650922,905.339,887.693,689.427,686.13,699.58,697.647,691.644,691.336
streamweave,1783616556.5826058,9527.400149942,,,,,,,,,,,,,,,,
streamweave,1783616556.7830834,9527.600627406,91.51361717932181,83.40453634308459,69.65600817444525,69.95018635610589,70.35226175597238,70.20362229852174,69.28607762808974,69.55321124506972,897.272,879.35,603.799,611.312,636.516,614.455,610.796,619.645
streamweave,1783616571.58181,9542.399353996,,,,,,,,,,,,,,,,
streamweave,1783616571.7822423,9542.599786314,90.99670012323709,90.61864593235043,72.93264339331033,75.02745149519838,75.32098950017986,75.8585704779916,74.38364991437878,74.55341552304759,894.517,898.743,678.339,658.561,668.695,676.203,658.941,665.306
streamweave,1783616586.5822098,9557.399753893,,,,,,,,,,,,,,,,
streamweave,1783616586.7826385,9557.600182469,89.86949070564549,86.04577402062635,68.98005877994245,67.78066665595207,69.50332727670101,70.80383992163772,69.55196772508138,66.76968413725268,889.814,889.839,601.724,598.609,614.679,649.23,602.707,600.883
streamweave,1783616601.581919,9572.399462902,,,,,,,,,,,,,,,,
streamweave,1783616601.7824154,9572.59995932,93.79623241562463,93.2502451704378,70.95362826762134,74.59347915267173,72.95601550704124,73.09006464792145,69.56274881801971,71.86432320218353,906.008,885.632,618.007,634.912,654.522,662.693,615.444,633.911
streamweave,1783616616.5826297,9587.400173734,,,,,,,,,,,,,,,,
streamweave,1783616616.7830727,9587.600616632,85.7355806088841,86.00092500547099,67.30569641979292,71.76616508209803,66.25911687496841,67.36534219104432,66.41714258055413,69.37648172485572,859.235,863.261,570.673,630.606,591.972,585.417,595.182,621.705
streamweave,1783616631.582171,9602.399714851,,,,,,,,,,,,,,,,
streamweave,1783616631.7825823,9602.600126332,93.34088516155045,92.54298005736901,73.88405591658751,73.56978546952408,72.82766445528621,72.75098936304796,73.5240647050249,73.0171048031024,898.054,870.805,639.614,634.956,655.653,646.442,636.778,643.561
streamweave,1783616646.5829654,9617.400509411,,,,,,,,,,,,,,,,
streamweave,1783616646.7869508,9617.604494879,0,0,72.31058484954846,76.18804331606347,76.80416229383954,74.33588268694602,76.71212657922614,75.79954817760365,248.801,245.784,744.827,796.045,788.345,784.215,750.366,763.396
streamweave,1783616661.5824854,9632.400029476,,,,,,,,,,,,,,,,
streamweave,1783616661.7829738,9632.60051778,0,0,68.67292190331365,77.60823209011906,76.28221875372562,77.13769801077926,76.14562566942699,76.57936834164396,246.854,243.477,700.675,686.944,710.817,692.54,695.499,713.056
streamweave,1783616676.5827262,9647.400270172,,,,,,,,,,,,,,,,
streamweave,1783616676.7834861,9647.601030243,0,0,68.97052724752591,61.776511911666965,65.03620180259412,0,57.50726567805914,65.12208012124883,246.244,242.792,591.434,521.003,548.992,245.132,511.496,538.885
streamweave,1783616691.5819547,9662.399498649,,,,,,,,,,,,,,,,
streamweave,1783616691.782396,9662.599940043,0,0,80.19602228027836,81.66610887564869,80.71687659389447,81.01834373854234,79.8838177569328,79.91549497748791,245.739,242.365,756.623,785.582,815.372,792.331,790.438,809.179
streamweave,1783616706.582744,9677.40028791,,,,,,,,,,,,,,,,
streamweave,1783616706.7832313,9677.6007753,0,0,72.39855623277217,73.41243765631096,71.80406326115198,72.73686128440899,72.76985890353535,69.04020555729795,245.543,242.163,690.659,645.5,693.78,652.708,631.809,611.991
streamweave,1783616721.5824344,9692.399978357,,,,,,,,,,,,,,,,
streamweave,1783616721.7827237,9692.60026759,0,0,66.59878909713547,58.21335139472915,62.74208062691123,65.09364406072473,63.238942597182465,63.37776358159787,245.488,242.079,536.721,522.399,534.87,532.431,524.484,531.805
streamweave,1783616736.5826025,9707.400146399,,,,,,,,,,,,,,,,
streamweave,1783616736.7830513,9707.600595201,0,0,83.60102031498374,83.13325819376564,82.93491629931356,83.47145464364088,82.28787193394635,83.13262542246031,245.372,242.131,824.916,820.152,840.285,839.72,813.334,829.381
streamweave,1783616751.5820458,9722.399589856,,,,,,,,,,,,,,,,
streamweave,1783616751.7824907,9722.600034672,0,0,74.4149448301265,72.74500162373154,74.87797789979295,72.75711963860319,72.54954125225294,75.28699353033097,245.373,242.038,653.249,661.803,669.776,659.158,647.798,662.927
streamweave,1783616766.5826828,9737.400226903,,,,,,,,,,,,,,,,
streamweave,1783616766.7831225,9737.600666657,0,0,68.10048525990562,67.32678537564531,66.57397972558958,67.70327713575912,66.37119121294275,66.61910914721977,245.33,241.936,574.965,554.746,551.708,555.547,531.888,551.223
streamweave,1783616781.5828605,9752.400404466,,,,,,,,,,,,,,,,
streamweave,1783616781.7832975,9752.600841609,0,0,0,0,0,0,0,0,245.267,241.799,240.369,240.764,245.272,243.671,240.447,242.991
streamweave,1783616796.5828454,9767.400389456,,,,,,,,,,,,,,,,
streamweave,1783616796.7832959,9767.600839918,0,0,0,0,0,0,0,0,245.187,241.773,239.164,239.613,244.01,242.485,239.663,241.762
streamweave,1783616811.5824966,9782.400040535,,,,,,,,,,,,,,,,
streamweave,1783616811.7871623,9782.604706207,0,0,0,0,0,0,0,0,245.143,241.734,238.973,239.413,243.572,242.121,239.214,241.6
streamweave,1783616826.5827913,9797.400335389,,,,,,,,,,,,,,,,
streamweave,1783616826.7832985,9797.600842426,89.32120567088666,90.38007702824139,70.84068299659208,75.02117403796476,78.14433514067372,76.66170469939894,78.0124174352077,72.22531878423372,876.503,874.424,645.273,661.623,676.569,671.846,671.381,665.654
streamweave,1783616841.5825846,9812.400128505,,,,,,,,,,,,,,,,
streamweave,1783616841.783112,9812.600655931,91.95892727537401,91.05235501248494,70.46482561051906,71.13332245755079,70.3311957369417,70.56970693312124,69.66002087332568,70.26858741227197,919.096,884.554,627.635,613.188,634.431,623.808,611.893,622.094
streamweave,1783616856.5820425,9827.399586566,,,,,,,,,,,,,,,,
streamweave,1783616856.7825658,9827.600109876,87.48821068725411,85.73653097163239,63.12319023681241,63.515134448323266,61.47678690733015,63.21417695455065,60.92157399366265,60.810217555640335,889.437,888.104,613.312,617.07,626.29,630.959,615.873,619.444
streamweave,1783616871.5827212,9842.400265208,,,,,,,,,,,,,,,,
streamweave,1783616871.7832034,9842.600747477,92.68961409665818,90.339954194967,68.15160788632781,69.48003068233352,65.730194143263,65.0730054737513,65.0249779299021,69.02364772195246,893.608,889.72,576.554,583.247,574.49,574.084,562.042,596.563
streamweave,1783616886.5824635,9857.400007546,,,,,,,,,,,,,,,,
streamweave,1783616886.782902,9857.600445959,0,0,65.55747382224504,67.7106060938757,66.81224701230383,67.1247887177183,64.44135455388097,67.77552390646713,551.246,564.298,634.361,649.019,640.619,644.015,626.104,654.551
streamweave,1783616901.5817444,9872.39928848,,,,,,,,,,,,,,,,
streamweave,1783616901.7822053,9872.599749399,93.54084578085934,91.60288205242006,67.35896874273544,71.70568519659246,65.33305989187149,69.03319909274825,66.38382358551439,65.73215859227432,880.828,868.689,560.3,615.063,573.227,612.448,557.495,573.5
streamweave,1783616916.5823011,9887.399845249,,,,,,,,,,,,,,,,
streamweave,1783616916.782595,9887.600138847,90.69304106584887,85.07110723357894,60.222066873831494,61.51163248179793,68.85632697484047,60.120694446607615,72.99747295853042,66.28711251102789,864.136,859.298,624.295,599.62,643.152,614.428,655.884,641.927
streamweave,1783616931.582463,9902.400006985,,,,,,,,,,,,,,,,
streamweave,1783616931.7827294,9902.600273373,90.3245352102342,82.83759813454672,68.87467799307005,67.1910274268491,68.68411415475116,68.38779257798167,65.5117268928638,68.74624272715756,909.34,879.0,588.065,557.371,602.069,592.903,568.316,594.998
streamweave,1783616946.5821056,9917.399649703,,,,,,,,,,,,,,,,
streamweave,1783616946.7826588,9917.60020273,88.82097089892925,89.8077086140832,68.05187584212888,70.96664770386583,68.46716805660678,69.39627114285858,65.81577538076021,68.57835151526626,870.749,888.669,650.473,649.369,662.484,650.025,635.609,660.113
streamweave,1783616961.58212,9932.399663967,,,,,,,,,,,,,,,,
streamweave,1783616961.7823977,9932.599941782,92.79565104532249,87.4662486482835,70.35284152831969,70.00323958065356,71.53955433964154,73.20831650870284,69.4522600189425,72.96429943939056,895.874,889.968,628.736,608.959,649.516,656.402,610.385,653.306
streamweave,1783616976.5821052,9947.399649115,,,,,,,,,,,,,,,,
streamweave,1783616976.7917347,9947.609278753,91.28627425726576,85.9402121105482,68.01447012116024,67.95192987157495,63.40592787864403,61.56962449891553,70.91723043096229,68.4259386857862,889.534,877.658,638.343,648.128,616.9,622.979,658.658,663.233
streamweave,1783616991.5823104,9962.399854335,,,,,,,,,,,,,,,,
streamweave,1783616991.7825904,9962.600134439,82.26714086954726,88.32233967133905,66.00080229160041,69.83686997971573,65.80113472061717,65.6411108663905,69.01551345612637,65.15866559907026,892.513,882.941,577.745,597.898,575.102,579.01,589.498,566.026
streamweave,1783617006.5828712,9977.400415279,,,,,,,,,,,,,,,,
streamweave,1783617006.7834716,9977.601015613,48.5472697968427,37.13564634193989,68.88044271658086,60.186269886430686,67.88750433231763,66.26809508092798,65.81804744119394,70.82196247982256,877.65,860.843,638.96,602.174,647.966,634.644,644.754,643.527
streamweave,1783617021.5823362,9992.399880139,,,,,,,,,,,,,,,,
streamweave,1783617021.782469,9992.600013142,87.93968809954548,85.25364355510816,69.272314015131,69.37609418098027,69.75123562025216,70.05682275146874,70.32549709601052,69.72966282577254,535.165,530.724,590.714,585.416,618.349,612.465,627.828,619.193
streamweave,1783617036.5821579,10007.399701904,,,,,,,,,,,,,,,,
streamweave,1783617036.7985792,10007.616123115,82.56887208752258,79.96522972871216,61.37995568389184,67.47205027094301,61.72562047790422,59.76237598717849,59.96049582372315,60.84088025161167,922.426,891.919,608.634,653.184,622.719,614.85,615.182,621.845
streamweave,1783617051.5826502,10022.400194116,,,,,,,,,,,,,,,,
streamweave,1783617051.8621967,10022.679740725,91.4883771392485,91.91856975605393,69.20418623010693,69.22821383373144,70.22714694836115,68.95245211323972,68.73490136148813,70.27858173077071,850.808,867.357,597.812,582.412,611.713,590.735,593.07,628.393
streamweave,1783617066.5828302,10037.400374179,,,,,,,,,,,,,,,,
streamweave,1783617066.7832952,10037.600839143,91.19376414837596,87.62257543153113,62.90118284030064,69.5501231531801,63.12614064994069,68.94564378784261,69.09672646717156,63.862446326751446,882.134,884.743,612.165,640.319,632.19,662.715,657.809,640.678
streamweave,1783617081.5824392,10052.399983106,,,,,,,,,,,,,,,,
streamweave,1783617081.78285,10052.600393928,83.63201908515846,82.15006213258562,74.06775996184649,75.47249043801743,75.40831578340608,74.35899475192512,73.71970393027676,73.78048772152287,879.311,868.078,705.684,667.839,718.538,701.147,699.431,715.691
streamweave,1783617096.5821912,10067.399735264,,,,,,,,,,,,,,,,
streamweave,1783617096.782565,10067.600109093,86.48828398530543,82.99221826277163,70.26677293320263,70.90736358970217,66.82851757415648,71.25411578177246,70.5672149403851,66.9872964434066,882.023,865.753,635.581,625.249,605.674,656.004,628.31,599.314
streamweave,1783617111.5819504,10082.399494403,,,,,,,,,,,,,,,,
streamweave,1783617111.7824326,10082.599976565,92.21083638469267,89.54717803807131,75.4381854412374,75.60066518738536,75.08036472001771,75.44798256084403,75.9224872841317,75.60758761978207,883.33,875.746,651.362,658.045,667.484,666.341,665.317,665.701
streamweave,1783617126.5823255,10097.399869456,,,,,,,,,,,,,,,,
streamweave,1783617126.7828224,10097.60036627,89.06327640065965,81.46969947370242,70.40582818600353,65.47681986029734,64.01363571451336,64.47482640709131,70.499267187801,69.131612889306,882.451,873.987,655.259,621.384,635.677,629.717,656.839,654.051
streamweave,1783617141.581848,10112.39939196,,,,,,,,,,,,,,,,
streamweave,1783617141.7823234,10112.599867312,91.89939029600755,90.97521043204729,71.67186048142075,76.58079228373035,74.51707526732278,72.5720263032887,70.01239026069331,68.8615564305438,899.396,867.347,637.163,702.095,702.198,666.359,618.787,604.428
streamweave,1783617156.5820744,10127.39961831,,,,,,,,,,,,,,,,
streamweave,1783617156.7825167,10127.600060772,86.70053854655137,83.96406078041602,59.22632097665106,68.52997579006835,64.73731338258317,64.28570175923883,67.22056008506206,66.14954733725122,890.593,860.43,602.405,654.009,640.427,647.931,646.625,640.337
streamweave,1783617171.5823467,10142.399890712,,,,,,,,,,,,,,,,
streamweave,1783617171.7827127,10142.600256678,90.58084577129743,90.95522455429892,68.58970417189022,69.16258000245654,70.03965883491013,69.67208901082289,69.2534593063468,68.82060640625227,884.845,872.143,584.737,591.002,628.353,610.859,586.437,598.097
streamweave,1783617186.5820339,10157.3995779,,,,,,,,,,,,,,,,
streamweave,1783617186.7824724,10157.600016274,86.12640049821061,82.89108005882485,70.50599508742835,70.05744529754055,70.8695073960394,70.8984120638043,71.5279952998383,67.23355561154216,430.24,400.856,607.988,608.289,640.025,633.171,624.807,602.336
streamweave,1783617201.5836048,10172.401148812,,,,,,,,,,,,,,,,
streamweave,1783617201.7829826,10172.600526576,92.45851972839593,78.38055540172292,73.81387407993103,75.31254966213771,72.21536771332087,72.55292259074963,72.82663288083805,72.76111396933399,840.099,841.973,634.723,641.998,659.407,668.824,657.062,643.25
streamweave,1783617216.5818064,10187.399350331,,,,,,,,,,,,,,,,
streamweave,1783617216.7822876,10187.599831701,86.964869643672,88.17323164247493,77.2165794120224,72.57514450481686,68.43686228833513,71.32117281890787,72.64810148541831,71.42913619862131,878.025,881.562,665.005,651.904,649.475,653.334,644.72,660.832
streamweave,1783617231.5824661,10202.400010011,,,,,,,,,,,,,,,,
streamweave,1783617231.782842,10202.600385951,89.37904186141063,82.86911032295534,68.93644810772007,69.00643732097264,69.21866653868975,68.91677798459868,65.18873196755656,68.70044745746604,906.776,834.254,581.094,586.693,598.691,645.732,573.788,607.084
streamweave,1783617246.5822718,10217.399815853,,,,,,,,,,,,,,,,
streamweave,1783617246.782686,10217.6002301,80.39356541670705,80.60431253282674,67.44487405049355,66.8998288886394,67.63116008393672,67.54202037989765,66.4632765448433,70.61262157561559,913.627,908.657,606.195,585.297,595.906,607.695,562.406,628.061
streamweave,1783617261.5826883,10232.40023235,,,,,,,,,,,,,,,,
streamweave,1783617261.7831316,10232.600675581,88.45949634203329,86.62879462337777,70.71746148691051,70.83470903891403,68.68260195361738,72.08805536383127,70.14392031633325,71.0682184017245,897.678,892.136,655.141,645.452,656.209,657.465,630.104,654.19
streamweave,1783617276.5820167,10247.399560715,,,,,,,,,,,,,,,,
streamweave,1783617276.782356,10247.59990012,91.19449843952017,90.00860858813522,69.05390981511005,66.94141184921915,66.25272037208347,69.07897294244178,65.54476031769507,71.10579552485079,882.479,880.036,592.794,592.054,590.07,599.291,571.391,615.578
streamweave,1783617291.5826464,10262.40019043,,,,,,,,,,,,,,,,
streamweave,1783617291.959185,10262.776728909,79.73489926024568,73.67552570102539,68.00373259149754,68.75696879072343,72.28186902968065,71.74478680685678,73.49491928839129,70.95876156289765,813.105,841.783,636.313,662.381,664.47,670.347,668.708,669.45
streamweave,1783617306.5819547,10277.3994986,,,,,,,,,,,,,,,,
streamweave,1783617306.7824585,10277.600002535,7.615436721456399,45.92040717105929,65.8409243348698,51.24577401118432,58.81012634764468,51.967432541924886,51.142089394694736,33.98464446831137,930.185,890.616,558.6,574.566,587.859,579.969,560.641,588.341
streamweave,1783617321.5817914,10292.399335443,,,,,,,,,,,,,,,,
streamweave,1783617321.7822814,10292.599825447,86.41035184670153,84.1327808959646,68.9278713990855,67.91964037388402,65.16599568592035,68.02485261485847,65.23505704636489,64.73422651760269,610.368,610.467,644.045,635.783,648.245,654.553,642.302,638.974
streamweave,1783617336.5823643,10307.39990828,,,,,,,,,,,,,,,,
streamweave,1783617336.833674,10307.651217907,95.08919711435256,92.24429609299793,67.4597303438127,66.11536951804698,66.15446470477067,66.8667684759574,67.33644544434352,66.76821901275858,889.199,886.163,547.495,540.885,555.501,570.148,550.678,553.588
streamweave,1783617351.5822496,10322.399793726,,,,,,,,,,,,,,,,
streamweave,1783617351.7827,10322.60024405,0,0,72.88083151394696,68.52280022292868,69.93983467463639,67.8954099119351,71.06829980420436,69.95210943784194,252.098,249.191,618.622,624.961,643.956,649.419,639.629,645.343
streamweave,1783617366.582123,10337.399667033,,,,,,,,,,,,,,,,
streamweave,1783617366.7824798,10337.600023644,92.7576586350215,89.01601450227145,66.84129939302586,67.50824773999383,66.43043496904937,66.96337054293592,66.24603206856928,67.29121408473546,893.371,886.444,557.159,550.629,566.66,559.497,560.077,556.519
streamweave,1783617381.5819666,10352.399510733,,,,,,,,,,,,,,,,
streamweave,1783617381.78249,10352.600033984,88.10843192038843,85.88864226262196,72.22790202514014,71.9094319495627,72.12410675074275,73.89437871583982,72.07345390099155,74.12501989997143,916.46,922.026,637.497,659.792,680.438,662.565,667.216,674.839
streamweave,1783617396.5819778,10367.399521845,,,,,,,,,,,,,,,,
streamweave,1783617396.7823813,10367.599925216,86.28658044013709,86.61869031441925,67.53841047617873,67.80234368466223,66.29817084201176,66.9106616853853,67.4082488926791,66.10592149346716,314.728,337.989,553.414,573.673,551.815,591.426,548.395,565.198
streamweave,1783617411.5827534,10382.400297482,,,,,,,,,,,,,,,,
streamweave,1783617411.915311,10382.73285517,42.36515308982418,54.92529892070544,70.51299224600486,70.00295970169329,71.11876957669544,72.09641472088927,71.26383773205582,71.69237678080641,668.77,692.007,635.358,660.987,660.813,674.944,662.403,669.269
streamweave,1783617426.5825102,10397.40005417,,,,,,,,,,,,,,,,
streamweave,1783617426.782892,10397.600436008,0,0,65.66921925148887,73.4735418217593,0,74.15606337676385,73.38499105709872,66.95901715258398,249.142,245.888,656.985,641.269,369.783,626.214,678.429,660.056
streamweave,1783617441.5818322,10412.399376159,,,,,,,,,,,,,,,,
streamweave,1783617441.7823644,10412.599908483,0,0,74.83767537062403,66.92192073553434,78.21447017057788,75.18417980570537,80.30354154782076,77.14673417866439,246.794,243.586,702.399,674.582,696.301,719.902,657.798,710.095
streamweave,1783617456.5824835,10427.400027642,,,,,,,,,,,,,,,,
streamweave,1783617456.7828875,10427.600431413,0,0,67.91867746739896,66.98875330478468,67.86485386793552,67.1300860476529,67.33257173378394,67.4156020338223,246.126,242.732,551.79,549.703,569.521,554.844,553.637,570.414
streamweave,1783617471.5822642,10442.399808118,,,,,,,,,,,,,,,,
streamweave,1783617471.841286,10442.658829939,0,0,82.26712340043584,75.74953508790986,81.64575066530126,81.01136743685109,80.57100798836784,81.79130464385317,245.631,242.56,814.698,756.774,804.358,806.028,799.227,812.824
streamweave,1783617486.5823786,10457.399922707,,,,,,,,,,,,,,,,
streamweave,1783617486.7830455,10457.600589502,0,0,69.87129878487329,75.31156919647432,73.11216429883892,73.19196447120437,70.32750788455883,72.76014527771963,245.494,242.242,614.262,648.017,646.091,667.14,630.843,654.29
streamweave,1783617501.582794,10472.40033788,,,,,,,,,,,,,,,,
streamweave,1783617501.7832131,10472.600757107,0,0,67.16301952549786,66.1397986245132,66.35600975800908,63.717416802860136,67.52590714505587,63.28903307696504,245.47,241.952,551.715,544.604,550.858,533.341,564.65,529.968
streamweave,1783617516.582137,10487.399681056,,,,,,,,,,,,,,,,
streamweave,1783617516.782511,10487.600055077,0,0,80.40234459636335,80.42988671638335,46.233608426549075,80.04811184640947,80.67867606724057,80.45595314015928,245.276,241.938,796.035,811.613,787.207,813.657,776.772,801.398
streamweave,1783617531.5824258,10502.399969832,,,,,,,,,,,,,,,,
streamweave,1783617531.7827916,10502.600335621,0,0,74.86946235343393,72.24290324902357,74.50564374144498,73.06430998113126,70.76614192250317,70.80253939800693,245.212,242.011,658.443,635.628,661.901,665.261,628.035,638.178
streamweave,1783617546.5827212,10517.40026517,,,,,,,,,,,,,,,,
streamweave,1783617546.78305,10517.600593979,0,0,67.75490609874323,68.5667178877353,67.34512590063815,68.33064115912174,67.50177780757924,67.31338438529369,245.216,241.965,575.418,588.806,605.214,617.604,579.444,608.442
streamweave,1783617561.5823946,10532.399938614,,,,,,,,,,,,,,,,
streamweave,1783617561.831512,10532.649055895,0,0,0,56.54308172224325,0,0,0,0,245.207,241.826,240.475,511.953,245.294,244.279,240.766,242.849
streamweave,1783617576.5819683,10547.399512378,,,,,,,,,,,,,,,,
streamweave,1783617576.7823615,10547.599905613,0,0,0,0,0,0,0,0,245.123,241.773,239.262,240.126,243.94,242.603,239.784,241.824
streamweave,1783617591.5825021,10562.400046063,,,,,,,,,,,,,,,,
streamweave,1783617591.7828426,10562.600386569,0,0,0,0,0,0,0,0,245.018,241.779,239.037,239.541,243.491,242.177,239.24,241.499
streamweave,1783617606.582317,10577.39986111,,,,,,,,,,,,,,,,
streamweave,1783617606.782714,10577.60025781,0,0,0,0,0,0,0,0,247.629,244.328,238.784,239.173,243.22,241.902,239.117,241.249
streamweave,1783617621.582174,10592.399718139,,,,,,,,,,,,,,,,
streamweave,1783617621.7826138,10592.600157678,89.91680200567646,88.14917936277934,71.0299955632774,69.7062711502201,69.20735015860188,68.77877442466624,69.31396652196436,69.22934338658588,860.15,879.399,616.609,608.345,600.546,600.085,614.67,596.914
streamweave,1783617636.582156,10607.399700046,,,,,,,,,,,,,,,,
streamweave,1783617636.782688,10607.600231864,45.550412330907335,53.431358773802394,68.30741461036467,70.1943697072095,73.79921093998996,71.50042147565351,71.26873747207311,74.10573871963825,857.062,871.717,657.6,662.717,667.934,667.392,638.62,672.952
streamweave,1783617651.5825899,10622.400133781,,,,,,,,,,,,,,,,
streamweave,1783617651.7829392,10622.600483195,23.38420947757597,28.572448176795817,64.94038875258407,65.36289412444741,66.57411811949991,64.0877434434279,65.24981029319284,66.31790635769772,640.998,637.498,527.78,533.949,555.895,535.264,536.242,564.37
streamweave,1783617666.5824513,10637.399995377,,,,,,,,,,,,,,,,
streamweave,1783617666.7829406,10637.600484711,90.75336588832454,89.2532281217774,75.24357928963565,73.91001794008649,73.71436824975197,74.79173554283446,73.87584480082923,74.4462830902391,778.901,762.274,641.666,650.117,659.558,666.304,655.809,678.557
streamweave,1783617681.5819705,10652.399514531,,,,,,,,,,,,,,,,
streamweave,1783617681.7823563,10652.599900169,0,0,66.84320879350797,67.28619091092237,65.84831812921624,67.45195511919923,66.23886097564723,66.54017385731721,780.351,742.973,548.391,569.992,549.046,564.96,548.928,567.788
streamweave,1783617696.5828314,10667.40037547,,,,,,,,,,,,,,,,
streamweave,1783617696.7832954,10667.600839396,33.773145457258664,68.52738027757214,73.28096700202357,72.95167134059271,73.07029675531423,76.33802184652559,74.63990104906382,74.166409005093,888.533,893.081,658.29,652.236,672.394,673.952,668.305,679.609
streamweave,1783617711.5827756,10682.400319616,,,,,,,,,,,,,,,,
streamweave,1783617711.7832737,10682.600817802,90.87284801369907,83.2591770229225,74.73644115910803,77.30335004830302,71.92668467964762,75.23258852723065,71.91727871737396,74.31293095490223,894.283,884.808,648.424,678.291,660.227,671.945,655.929,673.705
streamweave,1783617726.5821462,10697.39969013,,,,,,,,,,,,,,,,
streamweave,1783617726.8031402,10697.620684252,91.4668956031228,88.02311351479547,67.868707960244,69.23270337452114,69.48589745945331,66.11682364708861,67.0608497776186,65.97933105233389,874.296,878.871,579.919,588.509,616.609,576.207,574.305,584.07
streamweave,1783617741.5819442,10712.399488238,,,,,,,,,,,,,,,,
streamweave,1783617741.7825274,10712.600071491,0,0,77.44222012394881,75.45682236915057,75.45501196465736,75.15482831449687,75.30457589747867,73.83502972843982,467.178,507.049,665.316,667.037,672.474,667.88,664.199,678.793
streamweave,1783617756.5820491,10727.399593197,,,,,,,,,,,,,,,,
streamweave,1783617756.7826033,10727.600147247,92.32950695266075,91.34248465688405,68.69145798153644,69.47378675337005,65.85944098506228,68.28760403919149,68.80774656774987,66.09749120724794,884.96,900.915,588.449,602.24,580.485,597.228,595.89,588.249
streamweave,1783617771.582522,10742.400065898,,,,,,,,,,,,,,,,
streamweave,1783617771.782855,10742.600399146,90.11003516357076,88.19911297293513,69.09216272418973,72.42572366709594,74.6342089983982,67.01252835040253,65.65837158713349,71.57606827777308,902.272,886.949,630.693,638.33,674.481,650.712,637.118,661.979
streamweave,1783617786.5826514,10757.400195304,,,,,,,,,,,,,,,,
streamweave,1783617786.7831013,10757.600645267,79.98948949521039,82.76529318839042,65.54533713823555,69.77470318075198,69.02937479779142,66.43082094911986,66.69966356611984,68.9643803372465,878.584,870.018,561.821,597.975,592.156,559.827,543.941,594.999
streamweave,1783617801.5829034,10772.400447384,,,,,,,,,,,,,,,,
streamweave,1783617801.7840052,10772.601549215,74.79572579566262,49.49359159083182,71.75417471017252,71.30131098249507,72.43896354088731,72.38128610941497,72.09030898943777,70.01490803632576,452.053,453.743,632.099,627.459,669.147,648.632,642.979,636.487
streamweave,1783617816.5820847,10787.399628623,,,,,,,,,,,,,,,,
streamweave,1783617816.7825685,10787.600112466,0,0,67.73969123600853,67.15900066084228,68.02814284400807,76.39944492571816,70.4020186805708,67.38436198785402,263.889,258.561,481.106,469.929,450.913,494.862,508.619,450.484
streamweave,1783617831.5827677,10802.400311741,,,,,,,,,,,,,,,,
streamweave,1783617831.783242,10802.600785969,89.77883421896688,87.52824671695164,74.20232598508663,73.2987867130742,74.30265947394273,74.86309099129154,75.64429799879748,74.21397157201022,908.75,888.4,674.642,649.025,680.013,688.2,683.623,654.09
streamweave,1783617846.5821743,10817.399718233,,,,,,,,,,,,,,,,
streamweave,1783617846.7827222,10817.600266312,87.45784041759572,84.37418562143452,66.37520716740055,67.12670388471763,69.70074359530899,66.46610412399264,66.77383553999931,66.79801827346051,887.833,870.531,589.308,553.623,617.021,590.413,565.686,607.233
streamweave,1783617861.5829515,10832.400495652,,,,,,,,,,,,,,,,
streamweave,1783617861.7833865,10832.600930551,0,0,74.4906856508093,74.87921614738138,74.48476076676698,73.8311939580098,74.7264578105037,74.18446415356146,706.74,683.48,649.066,639.044,668.395,665.264,646.202,646.133
streamweave,1783617876.5819714,10847.399515443,,,,,,,,,,,,,,,,
streamweave,1783617876.7914207,10847.608964728,92.48476622992426,93.11866060285891,71.19809761128448,74.34802589925971,75.06784305023344,72.96272727829876,72.68678936256467,74.44640999467092,883.763,893.75,659.719,667.331,667.763,657.123,664.171,662.303
streamweave,1783617891.5819843,10862.39952832,,,,,,,,,,,,,,,,
streamweave,1783617891.782371,10862.599914974,89.41013268589988,89.81556376944125,66.8529618492646,67.13884715812868,66.92069207301142,67.23754928697441,65.34911817157005,67.28383352956219,896.012,920.467,550.265,568.181,557.275,574.798,537.964,565.588
streamweave,1783617906.5820599,10877.399603772,,,,,,,,,,,,,,,,
streamweave,1783617906.7836366,10877.601180681,7.599340141918959,36.85302561173269,66.87159169192569,71.36253960786881,70.49723115000873,66.92188232988764,71.11486332278533,71.57068706168684,644.327,626.019,635.085,642.071,648.144,643.153,644.097,651.229
streamweave,1783617921.5825748,10892.400118752,,,,,,,,,,,,,,,,
streamweave,1783617921.7829537,10892.600497854,89.83196017444683,89.41890679822151,69.63197064562507,67.2976844170342,66.49697454206675,67.20467624849408,69.23100261325152,69.22322384842582,914.813,912.647,601.08,564.23,600.54,581.4,599.978,607.655
streamweave,1783617936.5828743,10907.400418328,,,,,,,,,,,,,,,,
streamweave,1783617936.783321,10907.600864913,91.50951114702637,90.40968863052224,65.99281061985643,57.2970423554067,66.20311194583121,67.51488917912954,67.84702048313434,66.21759138976454,916.987,915.961,630.627,645.653,659.321,655.985,659.597,668.321
streamweave,1783617951.582647,10922.400191128,,,,,,,,,,,,,,,,
streamweave,1783617951.7830682,10922.600612276,87.36672841169835,87.15396133069542,66.44777538465722,67.37415374959846,66.43922033356901,66.0493233470788,66.44964006629598,66.22576495342274,324.523,343.903,543.452,550.794,568.432,549.907,556.574,593.002
streamweave,1783617966.581906,10937.399450189,,,,,,,,,,,,,,,,
streamweave,1783617966.857502,10937.675046058,94.21397036277209,92.10512307619531,71.18981300964546,72.56535445268378,73.41027075436844,73.23802103277907,71.86755202524579,67.95058006387625,871.565,889.557,653.253,649.364,677.237,646.252,663.515,642.752
streamweave,1783617981.58181,10952.399354036,,,,,,,,,,,,,,,,
streamweave,1783617981.7821918,10952.599735815,93.0852120701339,91.65015242253044,67.47177182012902,66.92347361298314,66.54886223708344,67.65972842105296,65.99857460214392,65.98246278654068,910.389,886.299,553.576,551.56,568.885,578.616,589.725,553.489
streamweave,1783617996.58279,10967.400334008,,,,,,,,,,,,,,,,
streamweave,1783617996.7830546,10967.60059858,79.21594763165093,88.6363868269693,74.91306793182969,75.72456522802695,73.67332901967887,74.18658845583323,74.49626248908535,74.60822888586833,915.305,889.095,660.215,648.376,670.625,670.977,670.764,679.16
streamweave,1783618011.5820394,10982.399583422,,,,,,,,,,,,,,,,
streamweave,1783618011.803188,10982.620732064,0.16659263563999835,4.279501227165849,67.27868248234627,67.35962395892476,66.53065767603472,67.46707046532802,64.01623795579535,66.67488497480247,250.58,247.245,556.365,566.075,568.262,560.925,530.971,556.534
streamweave,1783618026.582776,10997.400320182,,,,,,,,,,,,,,,,
streamweave,1783618026.7832963,10997.600840312,92.72331340323464,90.1605863406157,54.87425779422127,58.19081109146449,69.6983866074291,71.36848404328691,68.25377896388989,69.60945577133015,687.615,673.583,662.612,675.813,680.644,673.305,666.328,671.243
streamweave,1783618041.5828562,11012.400400178,,,,,,,,,,,,,,,,
streamweave,1783618041.782878,11012.60042193,0,0.675951042162475,66.75877105121437,68.13002340769351,67.04331588310714,66.66546001466526,69.39151033242258,66.20790127384136,248.881,245.715,557.515,565.342,555.702,568.552,593.844,561.147
streamweave,1783618056.5825388,11027.400082817,,,,,,,,,,,,,,,,
streamweave,1783618056.9981303,11027.815674292,92.90929893586254,91.22608245372156,70.59874859899942,66.83953689034217,69.00720308267402,70.38767341339394,67.07592704231679,69.92283614673418,907.478,889.628,653.539,645.109,675.912,668.177,657.674,665.466
streamweave,1783618071.5820515,11042.399595499,,,,,,,,,,,,,,,,
streamweave,1783618071.7824154,11042.599959332,89.61031354076843,72.78677321694272,59.86988931673791,62.94095109797651,66.46204510293543,66.8289008289614,62.95214502911462,60.22080976256744,318.056,270.256,510.262,523.834,554.469,565.506,536.064,519.83
streamweave,1783618086.582109,11057.399653021,,,,,,,,,,,,,,,,
streamweave,1783618086.7825694,11057.600113469,82.07361512081695,81.07622515196084,73.59696471912709,72.32105692467977,74.26949399733866,75.15247360781666,73.1594026282102,73.93093176771193,913.793,880.038,665.472,665.852,684.154,682.328,666.404,670.549
streamweave,1783618101.582453,11072.399996912,,,,,,,,,,,,,,,,
streamweave,1783618101.7829142,11072.600458202,0,0.07048460432084937,72.74048347260593,71.10440003638419,75.43582838494801,74.08528719205722,73.56758392667966,72.17129993996271,785.433,780.453,664.917,667.21,668.103,675.216,670.349,673.085
streamweave,1783618116.5819721,11087.399516117,,,,,,,,,,,,,,,,
streamweave,1783618116.7824073,11087.599951327,0,21.621377582660266,67.30512891843371,67.35438757536663,67.4464025498741,66.17841673742377,66.91004748096717,66.60820314816013,715.342,701.319,549.385,579.939,567.611,554.519,557.065,565.021
streamweave,1783618131.5824192,11102.399963115,,,,,,,,,,,,,,,,
streamweave,1783618131.78286,11102.600404093,90.8882127032182,91.52261505392119,73.01391906934565,73.73734503458489,73.79988070451651,72.9800289091444,73.2665779861259,72.09457647282059,916.606,885.809,631.912,648.027,654.085,646.172,640.996,640.82
streamweave,1783618146.5820005,11117.399544444,,,,,,,,,,,,,,,,
streamweave,1783618146.8766057,11117.694149687,0,0,27.78197521235297,27.28667654392764,40.1886493168769,39.38092258196396,48.666918361734666,50.38365093689684,254.448,251.408,246.63,243.229,272.628,270.365,272.91,244.159
streamweave,1783618161.581805,11132.399349028,,,,,,,,,,,,,,,,
streamweave,1783618161.782297,11132.599840922,0,0,64.64925272658975,66.04231092036824,65.8460161703618,66.30206292088818,67.93513199114976,63.8293708431261,246.901,243.482,663.818,679.602,695.793,694.401,705.759,680.464
streamweave,1783618176.5819998,11147.399543697,,,,,,,,,,,,,,,,
streamweave,1783618176.7823172,11147.599861179,0,0,66.92773204548462,64.78942372123477,56.92113490383902,57.386424564418384,57.33493854706029,67.06879332136748,246.116,242.872,539.474,534.38,522.54,519.931,515.587,545.579
streamweave,1783618191.582042,11162.399585887,,,,,,,,,,,,,,,,
streamweave,1783618191.7824373,11162.599981256,0,0,49.733768566805125,79.98231904274232,79.57080730589828,78.0828520703656,78.13230771621802,79.8305511026813,245.765,242.521,345.112,796.738,797.429,814.416,803.957,792.247
streamweave,1783618206.5825162,11177.400060125,,,,,,,,,,,,,,,,
streamweave,1783618206.7829452,11177.600489204,0,0,79.99584029381543,71.57994423438123,76.15973130571004,72.29978172879402,73.8833062127733,72.41760000876744,245.439,242.338,721.626,678.63,734.338,697.589,713.303,662.094
streamweave,1783618221.58214,11192.399684021,,,,,,,,,,,,,,,,
streamweave,1783618221.782492,11192.600035995,0,0,58.52696324828754,65.88887809098394,66.59636919206551,0,66.29436113465664,66.99664129358867,245.475,242.152,517.134,539.782,549.95,243.42,537.787,550.346
streamweave,1783618236.5822947,11207.399838593,,,,,,,,,,,,,,,,
streamweave,1783618236.782687,11207.600230887,0,0,71.27240046783086,80.06360158684829,80.61156898884714,80.36984649168933,79.2052009113067,81.14994763986678,245.244,242.004,751.793,808.842,824.592,814.378,802.808,818.115
streamweave,1783618251.5820503,11222.399594327,,,,,,,,,,,,,,,,
streamweave,1783618251.7824419,11222.59998587,0,0,73.07014138684852,72.48138036516775,74.17215985716577,76.96656466853433,73.04157353602184,73.50525627347581,245.119,241.943,687.65,692.105,664.677,673.773,684.465,658.2
streamweave,1783618266.582642,11237.400186062,,,,,,,,,,,,,,,,
streamweave,1783618266.7827854,11237.600329325,0,0,62.85947209672283,66.02206293027383,63.62080165164794,67.5719493987919,66.7298171913088,58.33997856446961,245.13,241.906,521.519,541.024,530.098,557.625,552.219,523.046
streamweave,1783618281.5819967,11252.399540705,,,,,,,,,,,,,,,,
streamweave,1783618281.7824736,11252.600017569,0,0,0,46.951340752367265,0,0,0,0,245.082,241.855,240.638,513.468,245.232,243.397,240.702,242.892
streamweave,1783618296.5826204,11267.400164281,,,,,,,,,,,,,,,,
streamweave,1783618296.7828746,11267.600418701,0,0,0,0,0,0,0,0,245.044,241.774,239.147,239.881,243.94,242.42,239.754,241.764
streamweave,1783618311.5819848,11282.399528859,,,,,,,,,,,,,,,,
streamweave,1783618311.7871552,11282.604699081,0,0,0,0,0,0,0,0,245.039,241.735,239.015,239.417,243.41,241.958,239.255,241.602
streamweave,1783618326.5820765,11297.39962054,,,,,,,,,,,,,,,,
streamweave,1783618326.7825832,11297.600127278,0,0,0,0,0,0,0,0,245.149,241.799,238.641,239.066,243.144,241.835,239.102,241.263
streamweave,1783618341.5827885,11312.400332483,,,,,,,,,,,,,,,,
streamweave,1783618341.783129,11312.600673002,90.02226738372524,88.28884500669393,71.05345284526841,69.50645579047676,71.82023372058345,72.95141937611234,69.05466166717625,67.12987271801511,892.372,880.07,650.617,641.815,648.918,663.764,637.595,638.022
streamweave,1783618356.582058,11327.399601895,,,,,,,,,,,,,,,,
streamweave,1783618356.7825172,11327.600061272,89.44247041269047,89.00269422919786,74.28396283536823,77.89379854115553,74.97660089074827,77.7569353399201,77.37566974293667,75.15596221977304,521.077,526.675,660.036,663.178,667.637,681.83,671.595,669.208
streamweave,1783618371.582176,11342.399720018,,,,,,,,,,,,,,,,
streamweave,1783618371.782505,11342.60004906,89.93435479873524,89.75318858444841,66.28033498054748,65.55456648054617,66.6794707873403,67.42002750039508,65.94931952930565,64.4818354081413,892.464,890.582,541.71,532.667,558.23,558.222,545.044,533.932
streamweave,1783618386.5822117,11357.399755666,,,,,,,,,,,,,,,,
streamweave,1783618386.7825937,11357.600137737,0,21.631512753520923,73.98512451973995,74.47248699479199,74.41698378960386,74.97063774282184,74.77266921264746,74.17098773860332,764.429,753.477,664.505,663.746,679.632,673.243,667.552,668.486
streamweave,1783618401.5824406,11372.399984575,,,,,,,,,,,,,,,,
streamweave,1783618401.7829523,11372.600496236,91.17133332205223,88.29414558645394,66.07555320124715,61.83714304419331,61.27783164939573,66.29057693079692,66.28399020204527,65.80812362736182,906.315,906.255,536.573,518.454,521.819,541.083,549.945,546.174
streamweave,1783618416.5822453,11387.39978925,,,,,,,,,,,,,,,,
streamweave,1783618416.7825274,11387.600071517,86.90927353177399,87.10395036154418,73.58639027655808,74.59239338352745,73.99703284063096,74.09166398488529,74.39818836528728,72.38814769044933,903.19,906.033,632.931,639.367,649.895,653.292,658.683,643.228
streamweave,1783618431.58329,11402.400834115,,,,,,,,,,,,,,,,
streamweave,1783618431.7831442,11402.600688339,86.25570718022534,86.29013138055575,65.78575699114685,0,64.20441224792775,65.16191232588949,65.78189014099077,61.81378087094913,808.415,841.787,531.208,240.435,533.336,537.859,539.005,523.745
streamweave,1783618446.5827339,11417.400277979,,,,,,,,,,,,,,,,
streamweave,1783618446.7841914,11417.601735357,89.78592795342466,87.81393971456207,73.50565686030214,76.86505582675122,75.9563389242088,75.96543598934991,76.74193244259413,77.06933737892092,908.219,893.394,665.832,672.916,684.1,677.524,672.861,681.891
streamweave,1783618461.582086,11432.399630163,,,,,,,,,,,,,,,,
streamweave,1783618461.7825449,11432.600088864,89.62223135411641,86.31312839641274,74.67520279975149,73.50769391413658,75.64975882241811,75.75706728874424,75.69050237648197,74.38375390252025,912.322,886.205,677.903,680.59,703.901,703.517,688.895,692.686
streamweave,1783618476.5831344,11447.400678424,,,,,,,,,,,,,,,,
streamweave,1783618476.783205,11447.60074902,0,0,66.70552198750615,56.51069964853548,67.13366137948043,65.50501365744893,66.4748802839647,66.3825501296618,252.018,248.95,566.712,511.003,572.669,539.526,544.776,573.519
streamweave,1783618491.5825531,11462.400097179,,,,,,,,,,,,,,,,
streamweave,1783618491.782973,11462.600517018,81.5053357872554,76.36568849612523,75.27575394523299,73.97967615843694,73.7740275925804,75.09704613779667,72.61761441897639,72.80658754546673,889.651,863.472,657.582,631.24,662.425,660.417,649.784,654.783
streamweave,1783618506.5824747,11477.400018647,,,,,,,,,,,,,,,,
streamweave,1783618506.7827995,11477.600343525,90.22128857934658,87.24112177761106,69.75829865350842,71.6748491555689,69.58580918666402,73.62867653380256,68.8052443257312,71.61899833247024,877.484,884.354,607.995,626.174,620.84,656.526,599.112,639.168
streamweave,1783618521.5817494,11492.399293384,,,,,,,,,,,,,,,,
streamweave,1783618521.7822664,11492.599810352,81.2351050958249,90.5003042316189,66.08627758291865,67.55335587920833,66.72364402691659,70.39521481750366,67.53970841093826,70.63708053903969,880.465,847.714,582.145,593.087,581.958,625.606,565.971,635.734
streamweave,1783618536.5820642,11507.399608171,,,,,,,,,,,,,,,,
streamweave,1783618536.7823641,11507.599908114,89.80716496214113,86.5171062334387,74.68139272051381,75.14923683797363,73.68436741986024,74.33714102797789,73.37961283539242,73.31299589744647,888.957,891.981,648.116,652.571,665.843,666.276,645.942,682.212
streamweave,1783618551.5827584,11522.400302507,,,,,,,,,,,,,,,,
streamweave,1783618551.7831497,11522.600693687,0,0,65.8849410901029,63.35485452217719,65.7980261478038,66.60994761772112,66.26871961804365,66.89057671208435,250.146,246.853,648.916,626.049,645.859,657.41,633.738,644.292
streamweave,1783618566.5820234,11537.39956737,,,,,,,,,,,,,,,,
streamweave,1783618566.7824953,11537.600039244,80.87367028182348,79.81807188873655,73.97885822607844,73.95345285510653,73.14739776955086,72.48020035748893,74.72950109008562,74.05439691844343,858.151,859.251,724.488,684.128,682.776,732.619,677.886,721.852
streamweave,1783618581.5827646,11552.400308526,,,,,,,,,,,,,,,,
streamweave,1783618581.7833014,11552.600845297,90.46292012160558,90.80638588989763,62.273502739846556,62.78789054127463,70.1253586928805,59.7098852280896,63.484856619615925,61.43742504019555,846.989,839.39,629.927,621.639,671.615,634.838,641.673,630.629
streamweave,1783618596.582277,11567.399821163,,,,,,,,,,,,,,,,
streamweave,1783618596.782709,11567.600252949,40.50903850329927,25.90012024574852,65.2687593934092,65.47185625157739,64.70691177902478,69.47536750592653,68.74636613052633,64.9414521461314,249.93,248.331,638.698,624.516,638.888,644.802,644.997,632.349
streamweave,1783618611.5820167,11582.399560609,,,,,,,,,,,,,,,,
streamweave,1783618611.7832563,11582.600800205,85.8918483186541,88.57208715717596,72.85967852782905,74.25484815806277,75.36795175105135,74.44505408319505,73.75129709544672,74.23474772478221,875.517,854.736,675.691,695.908,726.617,714.512,688.394,714.024
streamweave,1783618626.583025,11597.400569005,,,,,,,,,,,,,,,,
streamweave,1783618626.7830079,11597.600551888,0,0,0,0,0,0,0,0,264.518,257.344,248.542,249.51,255.325,252.702,249.378,251.861
streamweave,1783618641.58258,11612.400124112,,,,,,,,,,,,,,,,
streamweave,1783618641.783112,11612.600655998,85.16626781524313,84.21516267941685,60.2361956617131,60.69366985458442,67.41390978995506,57.78204992051585,61.3296943033387,67.55305534848655,867.582,876.286,622.398,609.406,672.893,621.936,627.81,658.781
streamweave,1783618656.582154,11627.399697956,,,,,,,,,,,,,,,,
streamweave,1783618658.9516187,11629.769162662,38.804198797128144,16.816840027379403,68.68115224209579,71.07224862196401,70.16255164064388,69.41623286388939,70.3112632924198,70.33821453512277,689.269,609.232,580.384,624.855,630.103,606.95,611.143,633.808
streamweave,1783618671.582547,11642.400090988,,,,,,,,,,,,,,,,
streamweave,1783618677.2724745,11648.090018521,31.581380350092616,14.528404667854536,72.89193134163824,67.12980113791211,65.2260616307831,71.96814463020044,70.66189484060071,67.45106234402417,421.686,428.121,680.158,663.601,695.096,696.78,685.836,703.743
streamweave,1783618686.5823908,11657.399934749,,,,,,,,,,,,,,,,
streamweave,1783618694.7726753,11665.590219254,80.67936949408946,82.31497323158476,73.27667351169738,72.0712596032669,69.87061390902151,72.27017397219788,69.71844042102254,70.74992431455962,899.319,779.668,651.519,637.896,629.042,653.023,618.179,653.515
streamweave,1783618701.5821514,11672.399695519,,,,,,,,,,,,,,,,
streamweave,1783618705.73585,11676.55339407,33.16323593735521,28.059898740835365,64.85810982451281,54.44875444736389,26.42864666880903,64.6628806818652,52.68784039349092,63.2480633244144,462.039,383.603,571.418,552.856,248.199,569.745,499.317,587.33
streamweave,1783618716.5821183,11687.399662341,,,,,,,,,,,,,,,,
streamweave,1783618723.88273,11694.700273922,86.72660076462317,85.48727404931984,74.79674737396242,74.05774993100053,74.18383127248389,73.9622948102262,73.66287733338778,72.82524647812463,852.81,843.738,667.121,652.99,662.451,652.417,659.147,657.051
streamweave,1783618731.5827773,11702.400321353,,,,,,,,,,,,,,,,
streamweave,1783618736.7937334,11707.611277414,90.95488682837973,89.37521382906195,74.21444186119938,76.25842941809854,74.23979930529492,75.55889385316081,73.62758259243608,74.8673435343497,885.208,897.635,692.691,714.003,705.634,691.544,694.954,705.162
streamweave,1783618746.5827692,11717.400313244,,,,,,,,,,,,,,,,
streamweave,1783618754.9514809,11725.769024781,56.15476490135302,53.09144453561353,67.18044322413975,66.44406926541156,65.43759697186087,72.67512009978113,67.3473614335471,58.158949319260586,706.687,693.189,637.567,643.311,649.553,681.272,639.009,592.4
streamweave,1783618761.5820556,11732.399599563,,,,,,,,,,,,,,,,
streamweave,1783618767.1535852,11737.97112914,89.30749477259099,87.3447007495156,73.43338389676987,75.3109265765053,70.65835594696578,74.09083114048329,70.12141896503799,69.43413243239621,876.83,871.664,645.166,650.94,632.041,658.242,620.246,605.597
streamweave,1783618776.5826929,11747.400236898,,,,,,,,,,,,,,,,
streamweave,1783618785.9124336,11756.729977624,0,0,0,0,0,0,0,0,247.513,244.637,240.132,240.954,245.223,243.662,240.607,242.458
streamweave,1783618791.5823202,11762.39986427,,,,,,,,,,,,,,,,
streamweave,1783618801.5024433,11772.319987347,3.3113914275491165,8.445688145828301,0.9107431699798992,1.2463782395531173,0.9083724074785811,1.2561820265678287,0.013979773061607144,0.9638690080608435,247.041,247.164,239.085,239.659,243.928,242.499,239.752,241.888
streamweave,1783618806.5826213,11777.400165261,,,,,,,,,,,,,,,,
streamweave,1783618810.122383,11780.939927154,21.621708006525132,0,0,0.015236793939586206,0.01524373791713897,0.016703136456251717,0.01741223218434319,0.01597656625631792,249.866,243.059,239.07,239.529,243.688,242.18,239.364,241.617
streamweave,1783618821.5828452,11792.400389276,,,,,,,,,,,,,,,,
streamweave,1783618830.853335,11801.670878976,0,0,0,0,0,0.006317222653328659,0.006405384628383223,0.006604581738930368,245.663,242.396,238.73,239.091,243.283,241.983,239.082,241.292
streamweave,1783618836.582702,11807.40024588,,,,,,,,,,,,,,,,
streamweave,1783618841.0586321,11811.876176063,0,0,0,0,0.0021517638622223557,0.012523621627724715,0.011623247229627329,0.01259043020348857,245.571,242.371,238.553,239.129,243.219,241.825,239.12,241.189
streamweave,1783618851.5821636,11822.399707669,,,,,,,,,,,,,,,,
streamweave,1783618858.7369273,11829.554471388,0,0,0,0,0,0,0,0,245.416,242.462,238.609,238.892,243.159,241.717,238.896,241.176
streamweave,1783618866.5825386,11837.400082537,,,,,,,,,,,,,,,,
streamweave,1783618872.9351816,11843.752725705,0,0,0.0010336350877954397,0.0008486029733932891,0.0009991843669639273,0,0,0.0009142741863044528,245.201,242.117,238.404,238.825,243.018,241.581,238.754,241.054
streamweave,1783618881.5827165,11852.400260399,,,,,,,,,,,,,,,,
streamweave,1783618891.0808425,11861.898386433,55.086596437259274,54.527202186125166,72.34078857629154,72.58589563545142,71.35145820290786,73.38946416147543,69.65321708289493,69.84843021611952,721.195,651.462,691.231,689.468,700.885,701.353,678.106,684.573
streamweave,1783618896.5825963,11867.400140385,,,,,,,,,,,,,,,,
streamweave,1783618904.7342005,11875.551744521,45.125405792050216,47.00929160474937,70.53395146329349,70.9218413981385,66.43837670984013,68.29767395592079,66.47229471438587,56.57621153403214,484.174,684.322,619.708,624.65,561.966,619.645,543.284,514.344
streamweave,1783618911.582604,11882.400148014,,,,,,,,,,,,,,,,
streamweave,1783618918.5265071,11889.34405125,43.10925090772088,24.09169044971281,0.02224638892162779,1.8604138670656671,0,1.5505515014559181,0,0,288.045,271.908,240.576,241.415,245.503,244.533,240.714,241.917
streamweave,1783618926.5820887,11897.399632786,,,,,,,,,,,,,,,,
streamweave,1783618935.7410223,11906.558566398,89.42938018948979,87.9604024514698,0,0,0,0,0,0,917.248,854.755,239.139,239.452,243.806,242.424,239.421,241.517
streamweave,1783618941.5828936,11912.400437656,,,,,,,,,,,,,,,,
streamweave,1783618953.7248907,11924.542434817,59.090191753817734,54.556816246580034,49.11093272689158,52.75244306049356,58.97172780988604,61.20742004236966,66.92049654866545,69.10247176489098,631.959,502.668,625.738,627.129,673.805,676.825,662.777,660.826
streamweave,1783618956.5822606,11927.399804494,,,,,,,,,,,,,,,,
streamweave,1783618967.092402,11937.909946062,0,21.621981981690517,69.9086914752125,72.3803051139842,71.0977839998828,70.08218261224174,69.4648367507363,68.32843911792018,248.872,248.281,593.605,631.198,630.927,620.897,595.087,590.285
streamweave,1783618971.5827143,11942.400258202,,,,,,,,,,,,,,,,
streamweave,1783618979.0371208,11949.854664842,37.015250658884,20.33565570519128,66.59508577004095,66.46632423780484,67.2760603992889,66.84297595600214,66.4375775590501,66.87034014011671,252.537,246.704,569.897,594.347,608.757,599.639,586.326,581.315
streamweave,1783618986.5820487,11957.399592598,,,,,,,,,,,,,,,,
streamweave,1783618999.7536185,11970.571162362,45.68007566005554,48.06515708958545,0,0,0,0,0,0,289.962,248.512,239.602,240.11,244.434,242.779,239.807,241.897
streamweave,1783619001.5820732,11972.399617296,,,,,,,,,,,,,,,,
streamweave,1783619015.2787335,11986.096277387,26.81638448530512,0,0,0,0,0,0,0,251.266,244.936,239.035,239.501,243.625,242.091,239.228,241.506
streamweave,1783619016.5821838,11987.399727783,,,,,,,,,,,,,,,,
streamweave,1783619026.097632,11996.915175829,29.92536523224069,12.260618354666256,0,0,0,0,0,1.512861465868519,270.181,293.106,238.788,239.138,243.389,241.812,239.104,241.281
streamweave,1783619031.5820074,12002.399551289,,,,,,,,,,,,,,,,
streamweave,1783619044.153404,12014.970948067,49.415537559345225,55.93878528248276,68.14366529122952,69.5739381750435,70.65912540125328,66.1194369016258,69.17337586838549,68.60563662563577,765.839,759.686,634.237,531.385,642.639,636.155,586.629,627.939
streamweave,1783619046.5828905,12017.400434578,,,,,,,,,,,,,,,,
streamweave,1783619061.5825646,12032.400108685,,,,,,,,,,,,,,,,
streamweave,1783619064.0304923,12034.848036361,1.024707624176324,21.821837061768516,63.26650124159088,45.52311346396275,64.5441162528901,48.015700538782255,40.65938569226197,28.04183601606052,246.007,246.708,554.578,556.977,610.875,536.38,542.285,522.677
streamweave,1783619076.5824735,12047.400017513,,,,,,,,,,,,,,,,
streamweave,1783619078.5207095,12049.338253591,58.1005869899534,60.27181434832786,0,0,0,0,0,0,327.244,815.434,239.062,239.498,244.142,242.396,239.61,241.798
streamweave,1783619088.4199646,12059.23750866,48.211712767877266,47.497463053787556,7.805667898790023,9.410570923226883,6.23614370496978,19.991338284473407,24.678712548902197,28.52463916939777,249.046,245.698,239.011,239.281,243.586,242.051,239.28,241.333
streamweave,1783619091.5821285,12062.399672431,,,,,,,,,,,,,,,,
streamweave,1783619106.5824404,12077.399984459,,,,,,,,,,,,,,,,
streamweave,1783619109.0587177,12079.876261664,87.16550938230037,86.0998741000708,67.43165895319152,64.98263247159969,64.27787536732663,57.792092250373436,50.94008261220733,27.306793609503,911.402,901.587,634.899,660.482,669.624,667.662,653.643,562.909
streamweave,1783619115.6126497,12086.43019358,0,0,0,0,0,0,0,0,247.001,243.82,239.665,239.984,244.326,242.963,239.923,242.189
streamweave,1783619121.5825534,12092.400097406,,,,,,,,,,,,,,,,
streamweave,1783619128.130896,12098.948440188,0.08705810019921027,2.586734519753736,0.014021199303480027,0.013223857772856255,0.012681957362266693,0.43468277374954695,0.4294399149009546,0.03111573874396762,246.059,242.872,239.066,239.04,243.296,242.163,239.102,241.462
streamweave,1783619136.5826983,12107.400242271,,,,,,,,,,,,,,,,
streamweave,1783619151.5828063,12122.400350321,,,,,,,,,,,,,,,,
streamweave,1783619152.2325861,12123.050130104,21.621582047339352,0,0,0,0,0,0,0.003707353637112071,249.408,242.358,238.474,238.938,243.043,241.643,238.856,241.173
streamweave,1783619166.5820074,12137.399551293,,,,,,,,,,,,,,,,
streamweave,1783619168.6148622,12139.432406292,21.621601723772553,0,0,0.0005474294664942129,0.0005878413975546237,0.0007889986061311899,0.0004805769154707732,0.0010923361968801174,249.217,242.083,238.454,238.862,242.942,241.593,238.679,241.215
streamweave,1783619176.603522,12147.421066133,21.621563994600038,0,0.0049377188105290066,0.0047061834205032954,0.04390156190641711,1.535993728760658,2.667038818764765,0.011347270109440276,249.142,241.874,238.526,238.827,243.018,241.652,238.848,241.144
streamweave,1783619181.5824862,12152.400030087,,,,,,,,,,,,,,,,
streamweave,1783619191.8885815,12162.70612545,0,0,0,0.006180235370384734,0,0.005927404493102643,0.00576430907087275,0.005755448566276378,245.297,241.836,238.465,238.74,242.778,241.37,238.643,241.128
streamweave,1783619196.581963,12167.39950708,,,,,,,,,,,,,,,,
streamweave,1783619211.5821514,12182.399695459,,,,,,,,,,,,,,,,
streamweave,1783619214.7101147,12185.527658811,0,0,0.0031442133986729257,0.0033616978593236477,0.002848443157662068,0.0032491621316102295,0.0032107158558789418,0.0032415982302709937,245.172,241.76,238.435,238.546,242.79,241.359,238.573,240.938
streamweave,1783619226.582158,12197.399702196,,,,,,,,,,,,,,,,
streamweave,1783619228.299902,12199.117445988,0,0,0.003962023296391495,0.004023985161452697,0.00423536311425074,0.004253902144873753,0.004491472053550728,0.004559163177672643,245.117,241.734,238.409,238.761,242.694,241.389,238.853,241.204
streamweave,1783619237.6309857,12208.448529647,0,0,0.004446230725829981,0.003975524225996776,0.004441176336834449,0.004571775031779407,0.004665478451532213,0.0014463461027231933,245.176,241.726,238.489,238.576,242.709,241.544,238.439,240.84
streamweave,1783619241.5820022,12212.39954618,,,,,,,,,,,,,,,,
streamweave,1783619256.04197,12226.859514125,0,0,0,0,0,0,0,0,245.049,241.785,238.407,238.628,242.74,241.311,238.549,240.868
streamweave,1783619256.5819938,12227.399537813,,,,,,,,,,,,,,,,
streamweave,1783619271.5820184,12242.399562264,,,,,,,,,,,,,,,,
streamweave,1783619273.838251,12244.65579515,0,0,0,0,0,0,0,0,244.861,241.629,238.333,238.343,242.477,241.288,238.461,240.631
streamweave,1783619286.5820336,12257.399577572,,,,,,,,,,,,,,,,
streamweave,1783619288.9130418,12259.730585776,0,0,0,0,0,0,0,0,244.874,241.713,238.253,238.42,242.517,241.268,238.459,240.725
streamweave,1783619301.5828109,12272.40035486,,,,,,,,,,,,,,,,
streamweave,1783619303.4371696,12274.254713613,0,0,0.000475489656142504,0.0003990623839782337,0.0004935804707955608,0.8525834129673483,0.924864048029341,1.1897789412732112,244.872,241.683,238.391,238.536,242.477,241.336,238.43,240.703
streamweave,1783619316.5819967,12287.399540618,,,,,,,,,,,,,,,,
streamweave,1783619323.2239192,12294.0414632,0,0,78.66987012649969,71.28467537987817,77.94857405784246,73.72006428518512,73.1300797758201,72.36810006422117,244.925,241.557,795.886,801.296,776.931,827.828,762.363,800.464
streamweave,1783619331.582469,12302.400013066,,,,,,,,,,,,,,,,
streamweave,1783619342.0484776,12312.86602167,0,0,68.71798037583015,67.700761220749,67.72151896486483,66.83510728133956,70.32379368787753,67.49053632483086,244.931,241.682,599.11,598.219,605.324,592.41,630.898,593.245
streamweave,1783619346.5825074,12317.400051463,,,,,,,,,,,,,,,,
streamweave,1783619361.582552,12332.400095857,,,,,,,,,,,,,,,,
streamweave,1783619363.485021,12334.302565108,0,0,45.74874091156843,60.267090880612685,66.59202733200414,65.26302656873824,77.64010663284299,76.70617655430372,244.715,241.644,792.864,800.446,820.956,809.941,811.891,824.324
streamweave,1783619376.5819893,12347.399533262,,,,,,,,,,,,,,,,
streamweave,1783619384.5182133,12355.335757238,0,0,61.78703040876835,67.70693811862219,66.64528158279566,58.120828788717915,66.45329714638405,57.40922241064289,244.987,241.567,522.203,553.293,551.761,519.264,539.57,521.885
streamweave,1783619391.582153,12362.399697155,,,,,,,,,,,,,,,,
streamweave,1783619406.5818377,12377.39938158,,,,,,,,,,,,,,,,
streamweave,1783619414.380731,12385.198275087,0,0,73.90358136704751,74.98593490970923,76.84720118191464,78.97046988956698,78.63408600187644,77.99820368731791,244.819,241.625,818.706,784.854,798.117,787.042,803.019,819.197
streamweave,1783619421.5820708,12392.399614768,,,,,,,,,,,,,,,,
streamweave,1783619424.6934602,12395.511004328,0,0,62.078519983042845,67.68692325550013,57.497693847307175,67.1023480064732,66.54764726510682,67.31110664088115,245.145,241.614,524.951,555.3,521.093,553.793,543.648,560.947
streamweave,1783619436.5823562,12407.399900276,,,,,,,,,,,,,,,,
streamweave,1783619436.9554718,12407.77301569,0,0,16.84349217470166,35.35915784924303,18.54931454522718,27.677352577802207,27.39738321189923,26.994061956583167,245.033,241.761,240.153,241.517,245.201,243.864,276.504,495.974
streamweave,1783619451.5828137,12422.400357813,,,,,,,,,,,,,,,,
streamweave,1783619455.2686148,12426.086158746,0,0,0,0,0,0,0,0,244.951,241.708,239.603,240.178,244.067,242.7,239.78,241.911
streamweave,1783619466.5821862,12437.399730283,,,,,,,,,,,,,,,,
streamweave,1783619481.5821352,12452.399679137,,,,,,,,,,,,,,,,
streamweave,1783619482.3242278,12453.141771701,0,0.00004258123443194668,15.326664193047515,21.748491713355097,28.357396311242127,34.21549294919575,40.72525525564325,45.83170047372493,244.981,241.734,238.932,239.241,243.405,241.902,239.158,241.432
streamweave,1783619496.582647,12467.400191191,,,,,,,,,,,,,,,,
streamweave,1783619511.1250985,12481.942642374,19.359360453565472,19.13711875466851,48.31886752650425,48.963100824150594,33.938406844875836,29.203705554425618,31.06142094161366,15.968087018753357,296.49,242.725,555.851,593.205,340.653,243.83,334.186,242.512
streamweave,1783619511.582228,12482.399772047,,,,,,,,,,,,,,,,
streamweave,1783619526.5827963,12497.400340346,,,,,,,,,,,,,,,,
streamweave,1783619536.1751912,12506.992735064,12.625084154119758,12.115050316487928,0,0,0,0,0,0,516.604,821.332,238.898,239.226,243.34,241.874,239.174,241.304
streamweave,1783619541.582027,12512.399570845,,,,,,,,,,,,,,,,
streamweave,1783619556.5825577,12527.400101605,,,,,,,,,,,,,,,,
streamweave,1783619564.812199,12535.629743099,0.13356514355715596,21.750966620748613,0,0,0,0,0,0,245.477,245.745,238.518,238.867,243.106,241.695,238.985,241.192
streamweave,1783619571.5825534,12542.40009738,,,,,,,,,,,,,,,,
streamweave,1783619586.5820482,12557.399592294,,,,,,,,,,,,,,,,
streamweave,1783619600.010769,12570.828312811,15.0512271483163,0,0,0,0,0,0,0,249.312,242.346,238.443,238.789,242.803,241.406,238.769,241.066
streamweave,1783619601.5825448,12572.40008889,,,,,,,,,,,,,,,,
streamweave,1783619616.5820222,12587.399566147,,,,,,,,,,,,,,,,
streamweave,1783619631.582005,12602.399549038,,,,,,,,,,,,,,,,
streamweave,1783619644.3675463,12615.185090333,43.17511226273719,34.737733927475304,0,6.345027432903139,13.583985484689693,20.030586992665175,24.30919646672001,31.37278847497562,281.557,848.222,238.343,238.475,242.682,241.333,238.632,241.009
streamweave,1783619646.582629,12617.400173057,,,,,,,,,,,,,,,,
streamweave,1783619661.5820765,12632.399620548,,,,,,,,,,,,,,,,
streamweave,1783619676.5827925,12647.400336521,,,,,,,,,,,,,,,,
streamweave,1783619682.1924963,12653.010040251,65.78849428045554,58.22209050536591,69.40627826373768,69.83202609121945,68.5721433996759,68.93440685614533,69.88259897670484,69.25350166583983,265.98,246.386,553.503,629.111,641.857,644.495,654.331,666.802
streamweave,1783619691.5818074,12662.399351278,,,,,,,,,,,,,,,,
streamweave,1783619706.5823228,12677.399866742,,,,,,,,,,,,,,,,
streamweave,1783619721.5825608,12692.400104661,,,,,,,,,,,,,,,,
streamweave,1783619723.6395228,12694.45706681,35.247548090779965,33.53929101350715,55.531823599980456,58.76158249304636,57.135360763556164,55.230995004412776,55.34363208820672,58.6292716569898,249.802,762.935,263.909,546.551,677.253,671.645,647.982,550.026
streamweave,1783619732.313743,12703.131287032,1.829877342705213,24.06002665191914,67.27539506951159,67.09342359828197,67.12023599625944,66.9399906027077,66.6117082580851,66.84100535893826,246.212,246.615,567.877,565.498,581.638,576.826,594.968,569.75
streamweave,1783619736.5825636,12707.400107711,,,,,,,,,,,,,,,,
streamweave,1783619751.5820658,12722.399609856,,,,,,,,,,,,,,,,
streamweave,1783619753.6940486,12724.511592569,25.933607164771182,5.741492753522983,0,0,0,0,0,0,249.895,253.857,239.74,240.138,244.312,242.992,240.104,241.828
streamweave,1783619766.5823412,12737.399885255,,,,,,,,,,,,,,,,
streamweave,1783619776.8248148,12747.642358853,26.670256682174916,21.85597909181905,0,0,0,0,0,0,246.817,243.516,238.977,239.385,243.527,242.127,239.19,241.364
streamweave,1783619781.5825543,12752.400098402,,,,,,,,,,,,,,,,
streamweave,1783619793.3402865,12764.157830417,0,0,0,0,0,0,0,0,245.357,242.295,238.761,239.079,243.217,241.751,239.377,241.44
streamweave,1783619796.582991,12767.4005348,,,,,,,,,,,,,,,,
streamweave,1783619797.7965322,12768.614076041,0,0,0.001469164870584629,0.001436785834905107,0.0018026067430673024,0.0018959745252913446,0.0023523140944728543,0.002473296226793053,245.273,242.002,239.02,239.404,243.411,242.646,239.614,241.893
streamweave,1783619800.2188616,12771.036405546,0.018870823633203047,0.033400868645519,0.0317569979743808,0.031192305912740803,0.02962238056980454,0.029672587411156363,0.02983721374411749,0.03147497928991498,245.302,241.954,238.542,238.97,242.917,241.746,238.85,241.048
streamweave,1783619811.58188,12782.39942417,,,,,,,,,,,,,,,,
streamweave,1783619811.782272,12782.599816114,86.57888028643498,86.10407805811056,78.15789714611284,77.96068996149617,77.50183352610696,78.06462760973845,77.65554023896316,77.74173656113508,898.73,822.645,620.536,603.951,612.082,618.789,606.424,611.086
streamweave,1783619826.582724,12797.400268143,,,,,,,,,,,,,,,,
streamweave,1783619826.7831864,12797.600730363,92.6713720883199,88.01600304458591,69.4041625521146,71.22725758799805,68.51176487091531,69.07140735837704,69.64108187776583,72.37237540593917,897.605,886.152,591.125,610.298,571.341,597.857,610.838,627.826
streamweave,1783619841.582777,12812.40032113,,,,,,,,,,,,,,,,
streamweave,1783619841.7831812,12812.600725302,86.96052814930127,89.57371576637513,66.08694422081119,64.58856228749863,67.49779788900318,66.1267139417714,65.76464354772838,59.43802359317581,864.369,889.624,597.392,584.013,599.085,590.512,639.669,568.865
streamweave,1783619856.583386,12827.40092988,,,,,,,,,,,,,,,,
streamweave,1783619856.7826567,12827.600200641,82.27321920259837,82.63567378507246,65.14223104085882,65.53237307210308,65.99579952193264,66.4431281577182,66.79410390289854,65.17213222377369,464.234,458.749,564.019,538.949,557.259,560.427,550.195,577.112
streamweave,1783619871.5824656,12842.400009634,,,,,,,,,,,,,,,,
streamweave,1783619871.7829866,12842.600530704,90.84050882038673,92.40396063677501,72.95911655747585,72.57120052759005,72.79256419942078,74.49466015524399,72.79334550971576,73.89744716986601,907.437,883.072,656.089,649.808,665.665,665.243,648.413,659.985
streamweave,1783619886.5825093,12857.400053196,,,,,,,,,,,,,,,,
streamweave,1783619886.7828357,12857.600379655,87.63830199210348,83.45683089298964,67.34233069968624,67.24794551043315,66.47186659080153,67.32537188338229,66.74770458825849,67.21535417966932,415.784,452.372,562.449,590.404,566.515,577.023,569.435,579.198
streamweave,1783619901.5820482,12872.399592116,,,,,,,,,,,,,,,,
streamweave,1783619901.7824793,12872.600023272,83.12085162706194,82.4131282235723,74.87671301180848,74.49542811076839,75.49807182302409,75.1793756295398,74.60056087976467,75.13545349344501,904.256,878.334,658.298,656.5,655.179,653.925,659.299,657.041
streamweave,1783619916.582115,12887.399658838,,,,,,,,,,,,,,,,
streamweave,1783619916.782464,12887.600008021,82.58817687518322,83.11368187873333,67.1685832545402,67.44776220817592,66.79366957135923,67.79015008976027,67.10905455146474,66.09316734335378,852.794,851.498,578.562,565.879,570.816,584.897,582.21,589.836
streamweave,1783619931.582131,12902.399674981,,,,,,,,,,,,,,,,
streamweave,1783619931.782624,12902.600168059,91.51377658439911,87.51111833230914,64.2812389929782,70.05814251044778,69.78532460846414,65.95290819675458,65.2807887755463,64.9581736725629,886.071,877.434,629.861,648.935,672.032,643.25,650.511,649.91
streamweave,1783619946.582206,12917.399750111,,,,,,,,,,,,,,,,
streamweave,1783619946.7825947,12917.600138633,92.54464765476833,90.24594474187961,76.3203823236982,76.26096812459828,75.84758981596676,75.82006055429812,75.75752842646635,75.88034091495747,623.469,609.784,678.892,681.133,692.056,692.464,684.796,692.699
streamweave,1783619961.582516,12932.400060049,,,,,,,,,,,,,,,,
streamweave,1783619961.782928,12932.600471988,0,0,65.02050332059527,65.82828504721147,69.0967020590897,69.05796376642638,68.29645494941782,69.19148285213349,251.427,248.159,567.481,563.6,591.467,601.032,584.036,594.067
streamweave,1783619976.5825577,12947.400101681,,,,,,,,,,,,,,,,
streamweave,1783619976.7829494,12947.60049353,91.30383522344484,90.84683528055479,69.00301414092422,70.32394000710723,65.76170794928082,65.9598332035325,65.56067291581506,66.57492506145952,915.065,893.332,604.156,615.116,577.388,587.004,575.849,571.931
streamweave,1783619991.5824347,12962.399978747,,,,,,,,,,,,,,,,
streamweave,1783619991.7828138,12962.600357836,88.4932905051819,88.53820680581511,64.0622378311593,76.18960550457365,64.78167780807541,63.96859358729704,71.25190720807996,76.68346766823,770.946,769.019,566.997,583.496,588.454,572.575,583.053,604.038
streamweave,1783620006.5825706,12977.400114474,,,,,,,,,,,,,,,,
streamweave,1783620006.782954,12977.60049791,91.96071739156343,89.19338402514369,65.45469252621143,68.9153040248981,65.30361471877016,68.40327209676062,65.21345354975914,69.28035680897756,859.997,865.756,570.506,580.717,579.371,588.623,556.072,588.197
streamweave,1783620021.5823529,12992.399896797,,,,,,,,,,,,,,,,
streamweave,1783620021.7826009,12992.600144859,81.67325287128665,81.10282831152358,65.1719967655362,65.91913840102423,65.83453585709726,67.09218530651877,65.27041185966198,66.82329290123327,794.604,779.479,568.332,577.098,584.129,578.616,569.781,585.418
streamweave,1783620036.5824335,13007.399977507,,,,,,,,,,,,,,,,
streamweave,1783620036.782706,13007.600250066,81.78313519437003,79.46652812656058,73.33942034021634,72.76474897523329,73.87819549175543,72.98124481276642,73.84009538383606,74.47261837145278,876.57,856.143,646.339,672.49,668.764,670.467,651.574,684.646
streamweave,1783620051.5824752,13022.400019198,,,,,,,,,,,,,,,,
streamweave,1783620051.7828019,13022.600345979,92.04094096874607,89.6972632800314,74.75354733570785,74.27441130131453,74.25132863121136,74.87376207253278,73.51023462009847,74.12268744201694,913.611,905.776,657.474,670.689,688.163,667.282,660.542,674.799
streamweave,1783620066.5827315,13037.400275401,,,,,,,,,,,,,,,,
streamweave,1783620066.783161,13037.600704876,0,3.5295741866545582,69.52898680435288,68.71811591829743,69.88942257657094,69.06567608692512,66.18537760396605,73.19458349043934,831.782,851.277,600.304,578.996,623.323,605.625,583.958,675.786
streamweave,1783620081.5828953,13052.400439189,,,,,,,,,,,,,,,,
streamweave,1783620081.7831488,13052.600692693,83.48901068570221,89.41802235504144,74.3188792925013,74.73010396019689,72.46448409163658,74.44063357214236,74.01824929357753,72.94580321181031,896.498,898.014,666.718,657.551,675.291,676.242,664.095,694.163
streamweave,1783620096.5826945,13067.400238436,,,,,,,,,,,,,,,,
streamweave,1783620096.7831287,13067.60067262,91.79761724231983,84.11756296924746,67.04720190607073,64.2790289915255,63.79143072117787,71.29627309701823,70.84031609358664,71.83687088298402,817.955,824.897,640.01,655.931,651.038,676.744,664.996,666.246
streamweave,1783620111.5820768,13082.399620697,,,,,,,,,,,,,,,,
streamweave,1783620111.7825315,13082.600075483,92.63694473547388,92.65873928861113,74.45782217385798,72.56684206043825,70.04799844007451,70.60505167572875,69.44568702214517,70.0256978405687,908.434,899.212,689.738,646.548,631.936,620.667,609.537,621.573
streamweave,1783620126.582379,13097.399923165,,,,,,,,,,,,,,,,
streamweave,1783620126.782768,13097.600312017,74.47978271618629,91.44462181642658,66.22518984712818,70.51833122240978,67.53953844844301,67.0300984090438,66.48121050184808,66.93773054229158,287.709,307.584,582.018,615.264,574.068,605.412,595.106,601.771
streamweave,1783620141.5824614,13112.400005456,,,,,,,,,,,,,,,,
streamweave,1783620141.7828803,13112.60042424,91.19097583496556,87.93488519431666,74.88195285655233,75.1589354964015,77.0038216070016,76.9352617441351,73.86874319125567,77.05539606683394,904.067,903.885,681.102,684.927,685.42,679.114,681.561,681.466
streamweave,1783620156.5822246,13127.39976868,,,,,,,,,,,,,,,,
streamweave,1783620156.800402,13127.617945961,52.0489705314731,51.07622075803495,73.0861788070151,75.970285761008,74.52128209899452,72.82462077402843,75.0708691295186,73.19404940355389,881.398,842.186,670.176,671.378,674.994,659.865,696.0,682.031
streamweave,1783620171.5828893,13142.400433247,,,,,,,,,,,,,,,,
streamweave,1783620171.78316,13142.600704019,92.19116887956443,87.21861039210182,63.24185399039691,63.690676966656724,63.625558371409994,67.33676757783843,65.9256527419073,64.40572012616511,894.361,890.785,643.484,637.689,660.265,630.607,669.203,664.832
streamweave,1783620186.58257,13157.400114058,,,,,,,,,,,,,,,,
streamweave,1783620186.7829897,13157.600533854,91.12487444074345,86.443803612563,70.9230419166711,71.81205935385468,73.94667867593992,73.32213951623778,69.79036841428368,70.0004845967679,918.515,910.063,615.136,631.635,660.003,673.782,606.396,625.946
streamweave,1783620201.5821047,13172.399648742,,,,,,,,,,,,,,,,
streamweave,1783620201.7825847,13172.600128598,89.72555112210875,89.0093686045917,60.01674456081171,64.6711636875837,61.7067215806945,68.10399487432991,62.6334239861208,61.584864270146596,903.986,890.786,617.212,635.494,647.492,678.72,628.538,632.252
streamweave,1783620216.5820267,13187.399570604,,,,,,,,,,,,,,,,
streamweave,1783620216.7824779,13187.600021857,92.55893598286788,90.06508445852775,73.43627070245986,76.0984083589512,70.47720375792906,71.6043076092094,71.76763714791994,71.2379412846023,881.346,887.415,645.119,664.136,628.208,645.452,635.118,636.211
streamweave,1783620231.5827281,13202.400272135,,,,,,,,,,,,,,,,
streamweave,1783620231.7841997,13202.601743797,89.72298352248771,88.39627236045433,62.390120189944184,59.9393922102907,57.674332650030635,59.08924912081092,65.28606721140721,55.551708406737966,908.439,873.347,574.185,619.998,598.943,579.629,569.529,581.241
streamweave,1783620246.5824454,13217.39998929,,,,,,,,,,,,,,,,
streamweave,1783620246.7831788,13217.600722906,54.35748814943201,71.62393871544944,71.06145649698439,72.0267499994626,70.67451563308012,72.96737381163769,72.92646541819019,72.89529214825149,878.09,844.214,599.981,623.568,633.872,652.822,637.451,640.786
streamweave,1783620261.5825746,13232.400118623,,,,,,,,,,,,,,,,
streamweave,1783620261.7830374,13232.600581533,0,0,78.5441344833669,71.00121863703531,79.08269621015084,80.25827778732155,79.64140240074067,78.41833232398156,247.695,244.385,759.884,770.559,797.765,803.22,787.362,795.909
streamweave,1783620276.5834336,13247.400977543,,,,,,,,,,,,,,,,
streamweave,1783620276.7828097,13247.600353815,0,0,72.77410543605328,74.84127539193989,72.89678266601743,76.08888478731821,74.4521074993972,73.56883041183363,246.423,243.229,691.076,698.645,716.509,729.217,714.44,711.189
streamweave,1783620291.5820513,13262.399595185,,,,,,,,,,,,,,,,
streamweave,1783620291.7825143,13262.600058319,0,0,67.35685892815495,66.91114124817173,67.6319915259688,67.29571911645743,67.47840910335509,66.97575953444738,245.805,242.777,557.814,553.775,591.607,607.023,599.549,624.846
streamweave,1783620306.5818806,13277.399424501,,,,,,,,,,,,,,,,
streamweave,1783620306.7822554,13277.599799483,0,0,81.56533087871537,82.10990495045586,82.12666855449834,82.68700853710664,82.10041026205495,81.12405532588379,245.548,242.498,812.213,810.491,471.592,817.467,817.748,829.054
streamweave,1783620321.582247,13292.399791022,,,,,,,,,,,,,,,,
streamweave,1783620321.782613,13292.60015693,0,0,70.59936818944234,74.41606307444331,69.90056357376278,67.52128694691181,70.32630798700735,69.07149446440337,245.476,242.277,609.929,646.72,634.78,571.477,619.206,596.185
streamweave,1783620336.5820386,13307.399582709,,,,,,,,,,,,,,,,
streamweave,1783620336.7823956,13307.599939614,0,0,67.69157574095257,67.74852551165375,66.62571624097671,0,67.2448807961169,66.35346857582014,245.381,242.113,577.98,564.509,556.232,444.846,552.784,557.242
streamweave,1783620351.582588,13322.400132033,,,,,,,,,,,,,,,,
streamweave,1783620351.783013,13322.600557064,0,0,79.7713058197725,79.15607275963018,74.02031173704705,0,80.81553243045748,80.35890622815496,245.253,242.107,801.982,804.393,797.228,581.163,812.322,821.11
streamweave,1783620366.582602,13337.400146113,,,,,,,,,,,,,,,,
streamweave,1783620366.7829235,13337.600467539,0,0,73.79424237734374,74.87580795642185,74.45763874610729,74.57841396610408,76.81067176540796,74.53490083226416,245.307,241.896,671.597,648.907,666.821,665.678,661.206,673.708
streamweave,1783620381.5826986,13352.400242477,,,,,,,,,,,,,,,,
streamweave,1783620381.7831082,13352.600652295,0,0,67.02566576754629,67.4929270750962,68.29430625689788,67.34409602709441,66.71250206321739,68.0869256679193,245.191,241.937,596.069,568.949,579.493,588.136,600.28,595.354
streamweave,1783620396.5822432,13367.399787254,,,,,,,,,,,,,,,,
streamweave,1783620396.7825341,13367.600078019,0,0,0,0,0,0,56.60435673460147,56.87006323421733,245.176,241.852,240.689,241.599,246.595,243.749,516.98,522.729
streamweave,1783620411.582525,13382.400069108,,,,,,,,,,,,,,,,
streamweave,1783620411.7827744,13382.600318421,0,0,0,0,0,0,0,0,245.255,241.87,239.405,239.689,244.139,242.57,240.04,242.292
streamweave,1783620426.5820053,13397.39954925,,,,,,,,,,,,,,,,
streamweave,1783620426.7823699,13397.599913866,0,0,0,0,0,0,0,0,245.041,241.773,239.022,239.393,243.65,242.201,239.577,241.706
streamweave,1783620441.5828214,13412.400365315,,,,,,,,,,,,,,,,
streamweave,1783620441.7833242,13412.600868128,0,0,0,0,0,0,0,0,245.577,242.208,238.596,239.035,243.314,241.871,239.147,241.297
streamweave,1783620456.5826137,13427.400157635,,,,,,,,,,,,,,,,
streamweave,1783620456.7831924,13427.600736312,87.86948867865453,88.20811271253925,75.40713725037446,72.22319412869062,75.55175207442217,72.92184562271046,72.32304581763567,73.44889156159692,918.466,873.065,667.296,658.223,676.559,675.502,650.775,671.977
streamweave,1783620471.5821502,13442.399694275,,,,,,,,,,,,,,,,
streamweave,1783620471.7825255,13442.600069498,93.26711393390997,91.71965308377365,73.77587777257911,75.58820746064512,74.02864475680741,75.5536199260776,73.81894056640034,74.20384742539082,909.478,896.08,679.514,692.882,678.086,684.008,667.663,689.709
streamweave,1783620486.5823207,13457.39986479,,,,,,,,,,,,,,,,
streamweave,1783620486.7826684,13457.600212372,93.26918588387129,92.33915672426598,59.64773834165772,65.7316159577953,65.93940280473335,68.41483246158178,69.30256870301686,67.35474235166856,907.323,891.243,610.046,633.56,650.32,648.814,639.177,646.504
streamweave,1783620501.5826244,13472.400168544,,,,,,,,,,,,,,,,
streamweave,1783620501.7872791,13472.604823228,93.15155829889027,93.25388158278409,69.04684270967898,71.38486020522019,73.67771433425011,70.32379631021166,70.07013565115071,68.8086073012525,849.986,843.248,586.063,616.555,648.286,623.437,616.799,598.423
streamweave,1783620516.582449,13487.399992986,,,,,,,,,,,,,,,,
streamweave,1783620516.7829168,13487.600460756,90.02929931628445,82.05107909600979,66.52027025146221,59.45278069985087,61.159610878250284,60.458180307746815,58.73845620559618,66.90421828962045,890.848,873.347,641.552,603.722,632.027,609.071,604.192,659.808
streamweave,1783620531.582737,13502.400281084,,,,,,,,,,,,,,,,
streamweave,1783620531.7831812,13502.600725166,87.43996469682116,85.14620880831949,73.06079178553254,69.8505144600589,69.14709793878615,68.73597551930352,73.01514366534624,69.48163340831259,867.585,874.094,631.361,615.872,594.556,600.049,633.189,618.35
streamweave,1783620546.5826585,13517.40020258,,,,,,,,,,,,,,,,
streamweave,1783620546.7831168,13517.600660794,88.64947963088481,86.29688407466077,74.13220373743869,71.60397118748357,70.12054669230724,70.77993423574631,71.45944855468312,72.92710215341677,888.286,887.294,678.504,645.142,633.059,650.226,673.455,672.824
streamweave,1783620561.5821981,13532.399742034,,,,,,,,,,,,,,,,
streamweave,1783620561.7825978,13532.60014185,0,0,71.05438443284045,73.25230328243114,72.70357198153758,72.39834220932312,72.01040820934628,71.74679306826489,628.948,617.397,634.698,657.512,667.724,655.544,646.349,659.448
streamweave,1783620576.5829296,13547.400473548,,,,,,,,,,,,,,,,
streamweave,1783620576.7833667,13547.600910647,93.39953489222204,86.96757412961931,73.36194801082478,74.49858323355458,73.70481329836429,74.14580699881591,73.49138514723668,74.42650334542488,622.632,617.598,654.131,656.051,684.702,665.624,672.915,686.91
streamweave,1783620591.5824456,13562.399989697,,,,,,,,,,,,,,,,
streamweave,1783620591.7828412,13562.600385191,0,0,87.07285107160693,87.27529755640255,88.320574911407,87.71676688451309,87.44010300947156,87.92846537543737,261.452,256.575,577.191,621.756,628.684,601.685,607.585,642.233
streamweave,1783620606.582068,13577.399611912,,,,,,,,,,,,,,,,
streamweave,1783620606.782488,13577.600032083,91.2744254379299,82.88195792081231,73.32858703620707,74.23061351675038,69.99774780066579,74.11375352215882,69.51683488954843,68.45187269595586,886.939,882.133,683.753,679.862,671.424,691.917,668.836,660.567
streamweave,1783620621.5822077,13592.399751582,,,,,,,,,,,,,,,,
streamweave,1783620621.7825696,13592.600113586,93.116878106071,95.06782325926838,65.65622909799355,67.06987278818708,67.30681563025655,67.50271668288433,66.19997362229542,65.6833552093675,920.592,916.577,572.329,563.122,580.381,566.466,598.135,580.808
streamweave,1783620636.582261,13607.399805063,,,,,,,,,,,,,,,,
streamweave,1783620636.782528,13607.600071995,35.29405507962728,53.717284380177944,74.90676947809503,74.26595371425832,74.93018969126607,73.87357404122733,74.88025524799036,74.76292571253373,682.719,656.791,665.367,655.693,666.311,659.286,661.583,666.252
streamweave,1783620651.5827584,13622.400302539,,,,,,,,,,,,,,,,
streamweave,1783620651.7831378,13622.600681689,92.04795317635319,89.01268319674176,67.1638855236751,68.51808636405981,70.75465019896758,67.33565750896825,66.24703462658519,66.61942079993527,880.336,869.544,565.001,572.281,623.322,585.038,585.821,571.686
streamweave,1783620666.5820167,13637.399560811,,,,,,,,,,,,,,,,
streamweave,1783620666.7847993,13637.602343262,85.73142285647273,86.4834894076556,0,0,0,0,0,0,878.348,872.05,240.186,240.846,246.066,243.624,240.988,242.826
streamweave,1783620681.5821285,13652.399672461,,,,,,,,,,,,,,,,
streamweave,1783620681.7825432,13652.600087134,91.32000253660972,90.57994657993275,74.3737052853965,74.99048811309511,73.80838490585356,71.67424152330102,74.06880605740824,68.71247068370133,857.228,885.617,655.162,654.769,666.574,638.991,658.937,660.461
streamweave,1783620696.582678,13667.400221976,,,,,,,,,,,,,,,,
streamweave,1783620696.782908,13667.600451881,93.47236986552745,90.94593273657377,70.36181366353709,72.09803407626787,70.26362593826008,69.39689724745432,69.59002628012615,68.62396265039528,888.532,887.01,607.427,624.634,635.342,603.971,608.773,596.195
streamweave,1783620711.5821693,13682.399713306,,,,,,,,,,,,,,,,
streamweave,1783620711.783609,13682.601152844,90.75603805191832,92.79397344686132,67.64486438713723,68.12387083643226,66.16169855433542,74.51784139905247,73.85455235781146,74.30886913891437,580.64,519.337,639.564,648.227,638.848,673.983,664.465,673.397
streamweave,1783620726.58206,13697.399604066,,,,,,,,,,,,,,,,
streamweave,1783620726.7824917,13697.600035706,93.21436619271596,90.71680349513137,67.35591327166547,67.27403276641856,65.48181881010613,67.18178943593325,66.00107277056595,66.4334281753299,883.853,879.571,549.028,559.107,578.408,574.049,572.417,562.244
streamweave,1783620741.5821116,13712.399655581,,,,,,,,,,,,,,,,
streamweave,1783620741.8016918,13712.619235774,87.74115072141637,85.2603949789409,0,0,56.35318106946956,57.509668320039275,0,62.84036022313395,905.591,890.436,240.424,242.322,526.259,522.599,440.596,530.457
streamweave,1783620756.5826182,13727.400162188,,,,,,,,,,,,,,,,
streamweave,1783620756.7831554,13727.600699466,28.215357583471317,21.653930956171756,71.91530516810137,73.24462269644644,72.07002117664342,69.80965341391725,72.56955344969025,69.81678707939629,824.472,828.713,624.553,630.163,645.714,624.847,624.468,607.294
streamweave,1783620771.582627,13742.400171069,,,,,,,,,,,,,,,,
streamweave,1783620771.7830775,13742.600621587,0,0,71.14204878625209,72.32454254527185,70.44076437170071,72.9465790180855,70.78564009806782,72.79377253472657,520.441,474.718,636.701,647.654,662.15,665.667,658.994,649.877
streamweave,1783620786.582661,13757.400205006,,,,,,,,,,,,,,,,
streamweave,1783620786.7830417,13757.600585685,92.79289879850143,91.03031975189347,0,0,65.18207388304816,57.95124831403826,57.30810388144475,55.66376911601206,895.078,894.299,363.957,295.46,543.796,521.29,519.31,518.576
streamweave,1783620801.5828025,13772.400346469,,,,,,,,,,,,,,,,
streamweave,1783620801.7833207,13772.600864684,87.84631698606474,89.65456437920717,73.10641988928809,72.77813409158314,71.94700178216151,74.2101902639091,71.92593147818452,71.80647015306356,649.717,681.214,654.801,661.386,658.866,667.129,659.368,662.527
streamweave,1783620816.5820487,13787.39959261,,,,,,,,,,,,,,,,
streamweave,1783620816.7824533,13787.599997325,93.2656921836789,78.87767820692824,66.16128080502732,66.68394055306611,66.66173709153703,59.23727051303319,63.82455377827219,55.68339964448844,875.718,910.958,541.902,555.42,571.126,532.238,540.543,521.083
streamweave,1783620831.5826414,13802.40018545,,,,,,,,,,,,,,,,
streamweave,1783620831.7831116,13802.600655603,80.24204683507658,81.80486218222373,67.71172662844144,69.24700922159936,73.12287945997217,72.45651964337164,70.07009172322685,71.88346511512943,903.124,899.304,633.282,633.635,659.327,640.556,634.869,656.298
streamweave,1783620846.582696,13817.400239929,,,,,,,,,,,,,,,,
streamweave,1783620846.7831414,13817.600685344,90.19037639450065,83.57792659570366,74.63595668268322,72.15188469737507,74.66383895588685,74.5827927173602,74.26034352012681,74.81760573181653,876.404,852.143,662.526,652.334,663.915,670.555,655.563,677.081
streamweave,1783620861.582136,13832.399679854,,,,,,,,,,,,,,,,
streamweave,1783620861.7824497,13832.599993813,61.00459244358625,56.47906739010866,55.88579288983089,64.14898278433348,61.57989667229498,66.47882574100966,58.55446571147124,57.95749070591728,905.935,886.922,506.797,534.944,535.513,543.569,510.642,531.357
streamweave,1783620876.582474,13847.400018086,,,,,,,,,,,,,,,,
streamweave,1783620876.7828724,13847.600416402,40.142943143749584,87.94034608135024,76.94460872063806,75.9636477941684,75.33871905870255,76.15289241800272,76.01090074677953,75.44068262176799,790.926,856.573,650.493,662.891,676.116,668.392,665.018,666.977
streamweave,1783620891.5818489,13862.399392864,,,,,,,,,,,,,,,,
streamweave,1783620891.782332,13862.599876037,86.5533804400089,90.07713621719556,66.27855527923366,65.7677463060084,65.92651777393547,66.32949844917295,66.6046193079908,66.43072742196684,858.628,878.589,551.6,571.39,566.341,561.3,554.184,553.974
streamweave,1783620906.582278,13877.399821993,,,,,,,,,,,,,,,,
streamweave,1783620906.794457,13877.612000876,91.7176117167506,91.86806797976158,61.49366742323408,56.671874052858406,62.08307391921112,66.49441390882001,65.87446938681214,64.57149828160806,920.133,890.05,530.342,529.835,535.778,560.95,549.666,536.759
streamweave,1783620921.5820801,13892.399624008,,,,,,,,,,,,,,,,
streamweave,1783620921.7825422,13892.600086124,89.3124276966528,86.9907836636339,72.48369627217109,69.61605762910982,70.26290792952992,71.46417827044971,69.4293345659821,72.0068671369257,901.054,896.406,642.948,633.125,654.888,647.648,649.133,650.031
streamweave,1783620936.5827749,13907.400318825,,,,,,,,,,,,,,,,
streamweave,1783620936.783219,13907.600763185,0,0,66.66305984239162,66.04554214779357,65.59407055239848,66.8104198295353,66.66607552839304,58.985953415239386,252.187,251.117,522.914,465.3,486.077,500.273,507.183,462.383
streamweave,1783620951.5827556,13922.400299451,,,,,,,,,,,,,,,,
streamweave,1783620951.7832906,13922.600834727,91.4512669550797,91.11167537068346,70.7771067062798,71.58273075217892,73.14974527571334,70.82334233448061,71.56252678152144,70.88491138588545,908.859,882.305,642.893,650.936,651.232,650.213,627.814,642.064
streamweave,1783620966.582978,13937.40052206,,,,,,,,,,,,,,,,
streamweave,1783620966.7833016,13937.600845599,0,0,77.88686184453042,74.36917475454341,77.0610333517893,77.1510192477332,74.87943916667533,76.23058185062968,331.396,317.924,653.062,668.862,676.51,681.433,668.559,674.373
streamweave,1783620981.5818527,13952.3993966,,,,,,,,,,,,,,,,
streamweave,1783620981.7823842,13952.599928205,55.921256416247786,63.01902518906517,67.80120010226123,66.21740725219212,65.3867797904059,66.73625777147245,66.14393892319849,67.26377572972632,321.498,271.864,535.826,545.797,567.657,556.743,552.028,554.807
streamweave,1783620996.5822122,13967.399756161,,,,,,,,,,,,,,,,
streamweave,1783620996.7824826,13967.600026645,90.70383821585128,92.45882394014005,62.69693741098366,66.85161899325051,61.500114371775794,66.42209136689071,66.33790940197399,65.90158089385348,903.167,860.196,530.104,557.19,542.424,559.85,558.456,547.245
streamweave,1783621011.5819852,13982.399529223,,,,,,,,,,,,,,,,
streamweave,1783621011.7824333,13982.599977383,89.24439053157411,88.46307287373241,66.1874397073494,71.77083289661988,70.49631162004857,72.52353025245591,71.17123822009303,69.64914078790405,893.331,896.454,647.727,652.419,657.019,662.105,665.475,659.543
streamweave,1783621026.5818582,13997.399402255,,,,,,,,,,,,,,,,
streamweave,1783621026.782313,13997.599857065,0,0,72.9485251319137,78.20320739971885,78.86512086337262,80.57788375576924,79.09510659548343,78.55304229568098,247.685,244.479,759.567,811.386,810.324,821.458,801.556,812.8
streamweave,1783621041.5820355,14012.399579581,,,,,,,,,,,,,,,,
streamweave,1783621041.7824476,14012.599991559,0,0,67.09746891281749,69.59044239733578,67.69253952444126,67.31483579876353,67.26445551488834,66.53654146115477,246.456,243.253,560.039,587.212,569.177,564.139,562.433,568.147
streamweave,1783621056.5824058,14027.399949761,,,,,,,,,,,,,,,,
streamweave,1783621056.7826772,14027.600221197,0,0,0,0,0,0,0,0,246.019,242.719,240.835,243.159,246.295,243.657,241.208,243.572
streamweave,1783621071.5828292,14042.400373152,,,,,,,,,,,,,,,,
streamweave,1783621071.7834542,14042.600998249,0,0,76.1253649913779,74.93169996209501,74.92009687694818,81.58025809571174,83.8497850661851,75.21056726149774,245.551,242.283,727.186,727.554,741.171,771.616,806.826,740.787
streamweave,1783621086.582483,14057.400027039,,,,,,,,,,,,,,,,
streamweave,1783621086.782882,14057.600425996,0,0,0,0,0,62.95866770761861,61.4252717180207,0,245.466,242.358,240.879,241.64,246.556,532.568,524.36,243.987
streamweave,1783621101.5823016,14072.399845592,,,,,,,,,,,,,,,,
streamweave,1783621101.7828,14072.600344039,0,0,81.4020028704908,81.17845961444327,81.40494636911305,80.37241915302576,81.36608865341341,81.56953301240847,245.28,242.002,801.52,805.819,748.199,814.632,816.663,823.801
streamweave,1783621116.5825505,14087.400094455,,,,,,,,,,,,,,,,
streamweave,1783621116.782985,14087.600528882,0,0,70.91628506113288,73.1337269893373,76.80539490625614,75.288172456901,73.86668130011446,74.11684416484454,245.282,242.09,649.738,660.242,663.292,662.543,658.246,654.547
streamweave,1783621131.58202,14102.399563947,,,,,,,,,,,,,,,,
streamweave,1783621131.7823672,14102.599911125,0,0,67.26782454759818,50.10242165000452,66.89634804949877,67.95463163542313,65.95552900089652,65.5774289048095,245.217,241.879,547.568,518.435,559.477,565.035,539.94,544.934
streamweave,1783621146.5825443,14117.400088433,,,,,,,,,,,,,,,,
streamweave,1783621146.7828817,14117.600425666,0,0,0,0,0,56.91535807237121,0,0,245.198,241.819,240.329,240.53,245.035,520.57,240.814,242.598
streamweave,1783621161.5827184,14132.400262404,,,,,,,,,,,,,,,,
streamweave,1783621161.7893279,14132.606871854,0,0,0,0,0,0,0,0,245.141,241.785,239.323,239.579,243.959,243.579,239.767,241.811
streamweave,1783621176.5822508,14147.399794869,,,,,,,,,,,,,,,,
streamweave,1783621176.7823112,14147.599855152,0,0,0,0,0,0,0,0,245.091,241.76,239.049,239.269,243.487,242.473,239.246,241.588
streamweave,1783621191.582115,14162.399659036,,,,,,,,,,,,,,,,
streamweave,1783621191.7825298,14162.600073861,84.84690693794502,88.50779182487145,58.48674671650003,57.66622486252791,54.6080484669599,37.69201491557489,54.92145232699016,56.81893082666464,855.483,854.502,506.4,508.08,507.545,510.235,501.908,507.521
streamweave,1783621206.5822046,14177.39974852,,,,,,,,,,,,,,,,
streamweave,1783621206.782573,14177.600116945,87.79265960242502,90.10332357115914,0,0,0,0,0,0,922.659,904.022,238.691,238.889,243.158,241.995,239.066,241.281
streamweave,1783621221.58217,14192.399713968,,,,,,,,,,,,,,,,
streamweave,1783621221.7826078,14192.600151808,87.48186982403638,88.06044482125618,74.18085065014365,72.17391261362275,74.35039066432768,76.40297014197485,75.81211221312122,74.75915055338105,882.956,915.232,655.177,649.775,665.846,667.943,653.917,663.993
streamweave,1783621236.5824637,14207.400007705,,,,,,,,,,,,,,,,
streamweave,1783621236.7827597,14207.600303747,83.96641118340409,79.33830003862205,65.08961516229986,66.52559774609766,65.98355751668764,66.1247132551898,66.17256475656043,65.03735544777412,887.256,847.702,554.788,551.995,562.694,559.125,556.539,566.336
streamweave,1783621251.5822663,14222.399810384,,,,,,,,,,,,,,,,
streamweave,1783621251.7827723,14222.600316371,89.70956799893177,89.03829451291654,66.14295744903602,62.10121653703076,66.00878950816075,66.32445455755912,65.79979883106857,63.15370668183265,904.283,884.595,547.652,531.574,547.753,575.602,542.02,533.505
streamweave,1783621266.5822747,14237.399818661,,,,,,,,,,,,,,,,
streamweave,1783621266.782787,14237.600331168,41.45768415568702,60.71454098556762,70.58677821673166,69.8880105749897,71.5558835645679,70.93702380201758,72.52641104425139,72.54250323741574,915.833,898.425,638.548,639.3,656.494,656.249,647.105,651.493
streamweave,1783621281.582156,14252.399699876,,,,,,,,,,,,,,,,
streamweave,1783621281.7823775,14252.5999215,85.40863031464238,81.9461251650528,66.23502707951839,66.11419174210921,55.62776731957014,66.56394503185545,55.392110087172796,0,445.696,433.714,534.674,540.626,509.198,552.235,495.117,377.231
streamweave,1783621296.5826042,14267.40014819,,,,,,,,,,,,,,,,
streamweave,1783621296.7830875,14267.600631486,86.27753171751927,85.00028688444125,73.41323583853284,74.1275168653547,71.90041636728321,72.20909774024382,71.43581138693308,71.26819777682265,447.105,420.08,653.844,636.933,658.982,658.243,641.594,657.973
streamweave,1783621311.5821593,14282.399703221,,,,,,,,,,,,,,,,
streamweave,1783621311.7825768,14282.600120879,90.88023596951412,87.45336096344697,66.2997805568259,70.14167342617313,65.93490246398153,65.41133509217342,67.80689268226389,65.27936113254516,910.821,886.787,551.621,561.654,590.45,569.762,562.498,573.758
streamweave,1783621326.5822792,14297.39982329,,,,,,,,,,,,,,,,
streamweave,1783621326.783728,14297.601271854,89.22530969187491,87.28577694515029,75.62100272492775,73.18173779629493,73.10307715642122,72.9575657487516,75.07952425868302,73.58014154785315,914.356,906.39,653.951,659.478,667.471,677.74,659.922,687.924
streamweave,1783621341.5826833,14312.400227335,,,,,,,,,,,,,,,,
streamweave,1783621341.78307,14312.600614097,0,0,73.11708158383972,75.06118079416326,72.15504801824046,77.19684008948309,72.84788606530525,74.1719100056633,264.032,283.884,656.935,655.044,657.984,679.959,672.473,674.092
streamweave,1783621356.582806,14327.400350179,,,,,,,,,,,,,,,,
streamweave,1783621356.7832248,14327.600768795,0,0,0,0,0,0,0,0,514.779,459.038,354.732,366.202,374.559,370.327,353.817,362.67
streamweave,1783621371.5822093,14342.399753391,,,,,,,,,,,,,,,,
streamweave,1783621371.7826672,14342.600211154,78.27104036905547,73.6788218996215,72.72335820031608,73.7009146881336,72.37003853474398,73.26559685801956,73.07955825181509,72.94829865860788,877.71,837.542,635.875,649.493,654.446,661.561,644.364,651.92
streamweave,1783621386.5824652,14357.400009087,,,,,,,,,,,,,,,,
streamweave,1783621386.7828212,14357.600365273,84.74307540227089,78.52554842045389,66.79171223878629,67.30059877354503,67.07607105068047,66.81815631639807,66.69739254000524,66.77381460314166,875.84,851.513,560.813,565.559,583.848,570.264,556.474,552.141
streamweave,1783621401.582593,14372.40013708,,,,,,,,,,,,,,,,
streamweave,1783621401.7829585,14372.60050255,78.83553421209668,61.70169622417556,69.89667509656046,69.22246173362615,72.3234216100227,68.43976450692362,69.48917733459238,69.37137226726291,554.956,546.534,603.963,592.332,639.319,601.712,602.925,612.763
streamweave,1783621416.5825846,14387.400128528,,,,,,,,,,,,,,,,
streamweave,1783621416.7831051,14387.600649251,91.04918350815363,89.59748728634587,72.51775650453048,72.8465952243176,69.11433453790596,71.31778014256912,70.9538314584201,70.5208768848112,848.235,854.91,658.131,656.659,665.059,662.233,668.02,672.432
streamweave,1783621431.582528,14402.400072224,,,,,,,,,,,,,,,,
streamweave,1783621431.782924,14402.600468049,88.06770926399182,84.79113390591215,74.17864485063583,70.07498016115396,74.11288260599639,73.74218889257655,72.52649398485408,68.07162068038164,898.699,866.9,658.61,640.962,663.903,661.991,648.932,642.89
streamweave,1783621446.5820258,14417.399569856,,,,,,,,,,,,,,,,
streamweave,1783621446.782484,14417.600028154,71.30911192638027,72.84769019994721,66.80313916066216,66.90723736757698,65.0857542393429,66.59817345864694,66.00076062050705,70.12166109730269,648.452,640.683,557.176,569.411,577.126,566.707,567.912,634.87
streamweave,1783621461.5819836,14432.399527663,,,,,,,,,,,,,,,,
streamweave,1783621461.7824488,14432.599992692,63.357071764793574,87.87098879236726,69.71580499308533,73.37199700149134,71.10086389819017,73.42411638765249,70.71129681064224,70.92063279941596,839.631,838.029,616.158,645.123,641.173,648.861,623.606,647.12
streamweave,1783621476.5817418,14447.399285878,,,,,,,,,,,,,,,,
streamweave,1783621476.7940361,14447.611580085,14.621577684255918,18.78059439090211,66.07220917347951,66.19420413970427,0,66.71284888435564,66.56284897931,66.49995251220162,250.057,246.61,542.581,538.779,246.674,556.269,551.183,559.259
streamweave,1783621491.581873,14462.399416932,,,,,,,,,,,,,,,,
streamweave,1783621491.7823105,14462.5998545,83.71766606655417,80.66087514062183,74.21853673114931,74.91322538621725,74.83632467563123,75.43725093037193,74.89413258638407,74.59481975736128,898.159,876.234,652.799,649.561,662.528,665.908,657.451,656.961
streamweave,1783621506.5826194,14477.400163409,,,,,,,,,,,,,,,,
streamweave,1783621506.7874212,14477.604965293,87.233467112512,86.43036249413508,70.4943105109234,70.526390655831,67.8772206733514,66.17196613520443,73.02332811062232,72.03701176904654,909.532,863.457,660.069,648.887,668.829,658.187,663.973,657.819
streamweave,1783621521.582689,14492.400233155,,,,,,,,,,,,,,,,
streamweave,1783621521.7831402,14492.600684114,92.56072753633183,89.48806126151653,60.75562513898072,66.74666637201895,66.60626716340128,66.04443276106558,61.36058335025179,64.71106226580955,894.029,875.96,539.638,565.903,573.898,573.064,564.072,577.21
streamweave,1783621536.5820804,14507.399624346,,,,,,,,,,,,,,,,
streamweave,1783621536.782459,14507.600003107,93.09143465712107,91.71523267523067,62.71583636073604,62.331263742805,66.4747437886109,65.8798047067796,67.33922348548462,64.82893524759629,888.723,875.116,519.609,524.806,558.445,546.722,552.845,541.023
streamweave,1783621551.582025,14522.399569126,,,,,,,,,,,,,,,,
streamweave,1783621551.782505,14522.600049148,0,0,77.60173439377476,76.08856738158839,70.85806594368474,77.01709889994794,72.31442315667132,72.89580375079544,249.329,246.075,444.264,442.556,559.202,509.383,542.374,541.593
streamweave,1783621566.5817919,14537.399335941,,,,,,,,,,,,,,,,
streamweave,1783621566.7822797,14537.59982367,91.31805115726414,90.82175768830508,69.35809927074527,68.80281363964005,65.12336372784742,65.78804777774567,64.53720781825943,68.16969967704782,909.591,906.059,604.966,580.257,594.194,571.567,565.117,589.579
streamweave,1783621581.5825984,14552.400142471,,,,,,,,,,,,,,,,
streamweave,1783621581.783064,14552.600607936,91.81240358427013,67.1855578003252,67.53644372333918,70.54647945155827,73.33047778313421,71.39802311964254,75.72874246088715,66.45008720573651,905.288,929.981,554.655,530.19,558.351,557.967,535.98,556.571
streamweave,1783621596.582345,14567.399889023,,,,,,,,,,,,,,,,
streamweave,1783621596.7826815,14567.600225581,0,0,66.06494499855542,66.6436306947771,65.73279786770281,66.23885189008324,64.20955948227204,65.27413694380522,280.809,254.856,530.404,551.006,566.72,549.8,540.8,572.17
streamweave,1783621611.5820248,14582.399568822,,,,,,,,,,,,,,,,
streamweave,1783621611.782507,14582.600050928,92.5301034111436,85.14708625119867,73.84257341879791,74.65446912925687,75.35978598028134,73.50869844304059,74.62535280383624,75.20687542893737,889.715,895.631,643.159,654.607,672.104,651.635,651.783,668.614
streamweave,1783621626.5822887,14597.399832797,,,,,,,,,,,,,,,,
streamweave,1783621626.7826095,14597.600153539,86.50586915009117,86.66592186238888,66.93153637825377,64.67588120244565,60.25544362070981,66.1389760055989,66.9318020976078,67.395933179346,878.642,855.568,558.667,530.761,518.117,554.25,574.055,562.038
streamweave,1783621641.582551,14612.40009508,,,,,,,,,,,,,,,,
streamweave,1783621641.7830632,14612.600607109,83.3579203461179,88.90099194803351,74.68128210608816,74.8161120618637,74.0371999671283,74.86048110979979,74.5869688918535,74.05308086283875,903.972,868.808,650.791,649.078,662.415,668.002,643.932,665.201
streamweave,1783621656.5825732,14627.400117132,,,,,,,,,,,,,,,,
streamweave,1783621656.7870944,14627.604638342,0,0,78.63157728988,81.91333188777216,81.47342157009022,74.93167896581213,81.57347487008359,82.26385729093766,247.592,244.303,458.896,782.768,779.037,703.131,772.286,789.341
streamweave,1783621671.5825508,14642.400094658,,,,,,,,,,,,,,,,
streamweave,1783621671.7830162,14642.600560267,0,0,67.19247181248437,68.01556413895672,66.69202151253099,67.68937382380881,67.5101589338994,67.35178770684064,246.466,243.118,561.818,590.417,553.917,582.578,562.714,564.618
streamweave,1783621686.582555,14657.400099073,,,,,,,,,,,,,,,,
streamweave,1783621686.7829144,14657.600458324,0,0,0,0,0,0,0,0,245.986,242.769,240.741,241.098,245.868,244.225,241.385,242.547
streamweave,1783621701.5825124,14672.400056483,,,,,,,,,,,,,,,,
streamweave,1783621701.7827184,14672.60026251,0,0,72.43064345809861,80.92637871379742,75.84251837546638,75.33200317285677,70.75387990142437,77.80000317232114,245.757,242.289,648.404,726.208,727.58,722.372,673.808,720.194
streamweave,1783621716.5825636,14687.400107585,,,,,,,,,,,,,,,,
streamweave,1783621716.7829006,14687.600444599,0,0,0,0,67.89188089841741,0,57.77135778379072,62.67586609511815,245.488,242.314,240.383,240.905,540.188,244.129,515.656,531.66
streamweave,1783621731.5826726,14702.400216523,,,,,,,,,,,,,,,,
streamweave,1783621731.783035,14702.600579156,0,0,82.30594361328546,82.28141114948122,82.42891162527877,72.8795500235775,81.803188202701,80.50840797623738,245.392,241.972,815.236,819.631,823.762,740.966,818.763,827.783
streamweave,1783621746.5823658,14717.399909752,,,,,,,,,,,,,,,,
streamweave,1783621746.7825909,14717.6001348,0,0,67.0715981179678,71.97624872216308,70.63747334105256,74.14762597088323,72.63954575496902,70.64148912137598,245.353,241.994,564.646,615.548,630.374,657.088,641.132,621.946
streamweave,1783621761.5820293,14732.399573236,,,,,,,,,,,,,,,,
streamweave,1783621761.7823658,14732.599909785,0,0,0,63.52076131734512,0,67.80622932759695,63.64756667036106,65.74192046447844,245.251,242.084,239.905,526.115,332.849,572.035,527.706,549.487
streamweave,1783621776.5825348,14747.400078717,,,,,,,,,,,,,,,,
streamweave,1783621776.7828777,14747.60042158,0,0,0,0,0,0,0,0,245.295,241.798,239.541,240.293,245.445,243.918,240.871,242.883
streamweave,1783621791.5825007,14762.400044645,,,,,,,,,,,,,,,,
streamweave,1783621791.7827983,14762.600342341,0,0,0,0,0,0,0,0,245.167,241.735,239.059,239.672,243.946,242.482,239.764,241.761
streamweave,1783621806.582162,14777.399705865,,,,,,,,,,,,,,,,
streamweave,1783621806.7824671,14777.600011213,0,0,0,0,0,0,0,0,245.093,241.734,238.787,239.163,243.469,242.096,239.408,241.426
streamweave,1783621821.5824032,14792.399947205,,,,,,,,,,,,,,,,
streamweave,1783621821.7827497,14792.600293601,87.55835280117743,87.65335509866595,0,0,0,0,0,0,885.376,852.702,238.566,238.993,243.267,241.882,239.18,241.269
streamweave,1783621836.5825386,14807.400082618,,,,,,,,,,,,,,,,
streamweave,1783621836.796753,14807.614297008,89.83482812918427,91.52263090559478,71.51038618962795,71.5304117881439,68.33921031163041,70.33642520270037,69.22324587973941,71.29190661335804,890.863,940.219,648.523,648.048,651.104,654.44,626.523,644.284
streamweave,1783621851.5819182,14822.399462306,,,,,,,,,,,,,,,,
streamweave,1783621851.7823343,14822.599878216,91.04927706402628,90.07863275293636,71.18898533792033,70.49256710122435,69.04565345048967,67.89574070086685,69.0542298266459,72.47109187033344,615.679,596.72,647.235,662.736,659.922,657.326,657.475,669.507
streamweave,1783621866.582004,14837.399548054,,,,,,,,,,,,,,,,
streamweave,1783621866.782398,14837.599942001,0,0,67.41658764300362,63.784145996303565,65.0573753578595,64.14263965230741,66.57801573210206,65.6873469688715,252.019,248.964,558.304,525.339,542.679,540.356,557.998,547.53
streamweave,1783621881.5823865,14852.399930527,,,,,,,,,,,,,,,,
streamweave,1783621881.7828171,14852.600361119,89.9840317107079,90.09586403374841,71.73253153917224,72.43534420551393,71.19861312532535,69.9533918914545,70.83609662955627,71.59986446776757,894.832,877.207,637.988,627.559,637.169,627.883,633.003,639.38
streamweave,1783621896.582148,14867.399692191,,,,,,,,,,,,,,,,
streamweave,1783621896.7824876,14867.600031597,81.87280725054391,85.42336141026395,66.73964497250886,68.05072022810877,66.51368550482637,65.60347367440713,66.00029472765303,61.65234151701653,869.31,840.386,557.884,565.969,556.004,544.005,547.153,522.97
streamweave,1783621911.5826895,14882.400233601,,,,,,,,,,,,,,,,
streamweave,1783621911.7915807,14882.609124706,84.63200062558475,77.18610671312184,68.24952946180186,69.0020761056757,70.77234969063682,69.16415288813195,69.22611965947829,65.49443377549163,930.095,900.011,592.447,592.08,628.691,614.092,607.435,592.107
streamweave,1783621926.5826945,14897.400238505,,,,,,,,,,,,,,,,
streamweave,1783621926.783186,14897.600730049,53.70843202389257,48.80621935084919,72.51786170348065,73.44126984515631,72.48354776050638,73.7054171158425,75.37232410241081,73.97777029156676,901.807,868.165,638.136,645.567,657.34,658.889,656.557,658.236
streamweave,1783621941.5829763,14912.400520295,,,,,,,,,,,,,,,,
streamweave,1783621941.7830453,14912.600589395,87.27062423176514,83.84544180916416,65.08815216522866,67.80885945649625,61.97577216992567,65.54953302118093,67.13774937525857,65.2626945064762,583.77,604.107,528.323,564.729,529.825,543.932,581.776,546.53
streamweave,1783621956.5821373,14927.39968128,,,,,,,,,,,,,,,,
streamweave,1783621956.7825532,14927.600097258,90.27468022299165,88.33933014790514,73.76961756835611,74.66008849430523,74.3262085194853,74.30123370626926,73.7418649926983,74.18906779066486,911.451,881.768,639.984,638.664,655.957,659.543,637.557,654.074
streamweave,1783621971.5827434,14942.400287332,,,,,,,,,,,,,,,,
streamweave,1783621971.7832594,14942.6008034,0,0,74.57243351128814,75.92068641361371,75.37135734196255,74.98704362207414,76.38977161674146,72.30085481010117,251.414,247.953,666.826,660.556,659.324,674.932,669.849,661.473
streamweave,1783621986.5824735,14957.40001755,,,,,,,,,,,,,,,,
streamweave,1783621986.7920234,14957.609567374,0,0,66.6492397435784,66.2125929500889,65.52093708784606,66.4626302610582,66.14861303627133,66.37775659070103,250.607,247.44,543.538,543.377,546.447,549.297,546.659,560.685
streamweave,1783622001.582111,14972.39965486,,,,,,,,,,,,,,,,
streamweave,1783622001.782606,14972.600149877,83.66288778967669,84.29514570757044,68.67853500162704,69.06395509686995,68.82906385094661,69.80887470208582,68.86424283944793,69.70991878831528,905.89,881.475,583.173,589.861,593.209,619.064,597.76,616.392
streamweave,1783622016.5831447,14987.40068866,,,,,,,,,,,,,,,,
streamweave,1783622016.7833517,14987.6008957,65.24476700688136,90.08211130783491,66.0224666165904,66.83548368392428,66.27873475096617,66.69649610252847,64.66674510583505,66.24789749729094,895.753,886.943,539.652,551.709,551.925,551.568,533.666,548.597
streamweave,1783622031.5823793,15002.399923317,,,,,,,,,,,,,,,,
streamweave,1783622031.7827158,15002.600259751,90.57035405429546,88.70542199673115,68.85826002119217,70.90504240034785,68.47653201222458,69.44722440977662,69.56607961154984,69.34044845329332,905.767,902.801,597.529,629.265,605.948,615.683,611.626,623.678
streamweave,1783622046.5824108,15017.399954928,,,,,,,,,,,,,,,,
streamweave,1783622046.7828887,15017.600432753,91.1790423510213,86.35157566286182,72.47366282437574,72.20074939039046,72.87330417625405,72.57883718304849,72.3970101180869,71.98886888642471,903.425,895.237,632.05,638.613,645.577,646.548,645.22,646.275
streamweave,1783622061.582476,15032.400019994,,,,,,,,,,,,,,,,
streamweave,1783622061.7831748,15032.600718651,0,0,70.91033745809342,71.44419833863618,73.50521251692422,73.6431055718076,67.68057595773966,75.05174838619838,595.64,562.516,657.835,652.697,681.789,672.371,659.609,669.772
streamweave,1783622076.5819287,15047.399472686,,,,,,,,,,,,,,,,
streamweave,1783622076.7920415,15047.609585442,89.651534245618,88.89680992794403,65.81338929584707,67.91770872422134,63.7846278846536,63.680377345787996,66.437386438249,59.186002796525486,870.298,965.36,537.634,547.026,540.474,540.626,555.97,517.584
streamweave,1783622091.5827303,15062.400274395,,,,,,,,,,,,,,,,
streamweave,1783622091.783133,15062.600676919,91.91878685290649,89.21587062518489,73.30772624421427,71.13304849591891,74.09067904151604,71.12076243752921,73.57998311280426,71.9476690699906,885.762,867.758,654.265,637.572,672.587,659.691,655.308,665.891
streamweave,1783622106.582848,15077.400392019,,,,,,,,,,,,,,,,
streamweave,1783622106.7832289,15077.60077295,88.19878749819196,89.5457785736121,65.23868700918297,67.05235194611751,66.17071598313184,66.54653562544374,66.01914090695945,66.67612415811253,777.642,812.252,534.658,544.077,561.428,554.724,552.826,561.287
streamweave,1783622121.582265,15092.399808881,,,,,,,,,,,,,,,,
streamweave,1783622121.782552,15092.600095912,81.33937558850636,81.25961635940064,66.21979830188185,61.844613120571566,63.95224121581632,66.05047240603975,65.37483868300895,65.87245484086223,926.866,877.19,548.621,519.912,537.358,558.982,535.496,543.519
streamweave,1783622136.582631,15107.400175008,,,,,,,,,,,,,,,,
streamweave,1783622136.7830474,15107.600591402,87.51047978622772,77.51687672197009,0,0,0,0,0,0,898.776,872.979,239.974,240.224,245.769,243.657,241.587,242.455
streamweave,1783622151.5822115,15122.399755468,,,,,,,,,,,,,,,,
streamweave,1783622151.7826886,15122.600232519,0,0,69.54194197332131,71.24018586681652,68.76864408209846,70.87961491450999,71.81608622161649,69.48023938390855,252.311,249.5,622.231,618.785,600.358,627.077,624.607,612.613
streamweave,1783622166.582076,15137.399620042,,,,,,,,,,,,,,,,
streamweave,1783622166.7825768,15137.600120908,88.81294638265834,86.52291295307147,68.18462934224998,65.93428996934911,69.20685176419694,66.38403208857413,68.79380066982449,67.75349889569458,903.459,895.849,580.08,564.777,581.462,570.918,585.492,587.538
streamweave,1783622181.5826762,15152.400220278,,,,,,,,,,,,,,,,
streamweave,1783622181.7831182,15152.600662236,91.58658047449654,88.53367798910524,69.29796878024253,71.46634282941287,73.33906410152197,71.49392249533746,71.82741777359772,72.3153954561917,928.514,871.167,641.657,646.365,668.534,665.504,658.944,665.763
streamweave,1783622196.5826821,15167.400226214,,,,,,,,,,,,,,,,
streamweave,1783622196.7842963,15167.601840379,3.48684376008254,9.875996229157147,1.0747554593843809,1.1015441314702925,1.414021415986768,1.4134115962605107,1.062454814575933,0.27420139283837375,251.513,250.16,247.147,247.888,253.476,250.341,247.666,249.855
streamweave,1783622211.582073,15182.399617085,,,,,,,,,,,,,,,,
streamweave,1783622211.782562,15182.600105903,92.1528391470945,88.86311489820761,68.57297711842608,68.22887728437571,74.12964334590288,75.28037742858689,72.05937968924701,74.84490560582176,923.138,916.609,649.174,662.285,676.123,681.436,646.891,674.712
streamweave,1783622226.5827582,15197.400302109,,,,,,,,,,,,,,,,
streamweave,1783622226.7830613,15197.600605247,87.50826386442193,82.59116146749416,0,55.385629418110184,55.56561153476294,12.662191936240848,0,0,865.418,855.288,405.21,510.938,512.518,495.894,460.074,244.102
streamweave,1783622241.582812,15212.400356073,,,,,,,,,,,,,,,,
streamweave,1783622241.7831647,15212.600708806,92.17554089630667,88.26441655391977,55.49308072222576,60.64977969666763,60.34567199539869,58.974434111498816,65.65816998872455,59.7201307437773,697.401,715.266,507.922,522.109,535.182,516.939,541.056,528.447
streamweave,1783622256.5827415,15227.400285612,,,,,,,,,,,,,,,,
streamweave,1783622256.7831361,15227.600680107,89.9226645880487,87.4685308672297,72.7353552939766,70.30153564339999,72.26986252747885,65.66066647968142,69.82710112097145,71.27843259668595,680.878,717.432,647.426,646.776,655.617,612.376,635.522,653.505
streamweave,1783622271.5828078,15242.400351893,,,,,,,,,,,,,,,,
streamweave,1783622271.7831655,15242.600709472,86.77191883349383,80.53327263721111,0,0,0,0,56.189234783231804,60.956367028282386,909.484,864.796,240.767,241.424,245.462,244.049,511.802,519.883
streamweave,1783622286.582444,15257.399987856,,,,,,,,,,,,,,,,
streamweave,1783622286.7828996,15257.600443712,21.737827805852454,5.779771701044462,75.03297693548848,76.36516757754698,76.76637405723295,76.8362695389326,75.48215045650325,75.10406255472857,819.079,863.533,659.94,665.619,668.395,663.444,664.205,662.738
streamweave,1783622301.582711,15272.400254964,,,,,,,,,,,,,,,,
streamweave,1783622301.7833042,15272.600848186,0,0,85.03780990450873,86.56605726452564,85.52856177307507,85.8141889328391,85.97862524007537,85.83027731875691,247.15,244.076,824.819,809.563,823.634,830.965,816.422,814.903
streamweave,1783622316.582229,15287.399772999,,,,,,,,,,,,,,,,
streamweave,1783622316.7825003,15287.600044249,0,0,65.65098443077854,57.054985494627694,66.65053418546574,66.93702759594392,64.29333713714414,64.26206627983734,246.409,242.99,531.973,523.047,556.094,552.805,531.476,536.056
streamweave,1783622331.5822968,15302.399840939,,,,,,,,,,,,,,,,
streamweave,1783622331.7826753,15302.600219169,0,0,70.58581220210658,64.611570388544,69.4892220298305,66.22550964546917,69.28916223652493,65.71240991038347,245.904,242.5,607.979,646.339,629.418,658.46,637.154,605.395
streamweave,1783622346.5826018,15317.400145691,,,,,,,,,,,,,,,,
streamweave,1783622346.7830572,15317.600601215,0,0,72.97251266126662,68.39317974214653,71.01289106009432,72.81366229923597,72.63914500683335,71.71481934796225,245.566,242.172,637.333,598.721,645.49,640.003,645.932,638.893
streamweave,1783622361.5826712,15332.400215183,,,,,,,,,,,,,,,,
streamweave,1783622361.7829175,15332.600461594,0,0,0,0,57.904293451824614,0,30.295186569221418,57.987095318259854,245.377,242.241,239.926,240.509,522.978,243.767,516.305,522.856
streamweave,1783622376.5820813,15347.399625257,,,,,,,,,,,,,,,,
streamweave,1783622376.7824903,15347.600034171,0,0,78.3491772870801,81.29624950994118,79.91890215891063,78.69747881193506,80.34566838237416,23.478759795355813,245.288,242.051,780.116,770.327,809.811,777.015,801.368,679.262
streamweave,1783622391.5821018,15362.399645836,,,,,,,,,,,,,,,,
streamweave,1783622391.7824652,15362.600009282,0,0,66.59972745661734,67.18156064802676,67.02370502431333,67.83656911548036,66.21051667366513,66.77338051217464,245.212,241.879,548.226,547.949,578.795,561.505,572.434,580.746
streamweave,1783622406.582102,15377.399646011,,,,,,,,,,,,,,,,
streamweave,1783622406.782456,15377.599999884,0,0,0,0,0,0,0,0,245.143,241.813,240.605,241.199,246.747,243.998,241.746,243.596
streamweave,1783622421.5823133,15392.399857186,,,,,,,,,,,,,,,,
streamweave,1783622421.7825975,15392.600141464,0,0,0,0,0,0,0,0,245.05,241.747,239.546,239.911,244.723,242.735,240.03,242.241
streamweave,1783622436.5826762,15407.400220249,,,,,,,,,,,,,,,,
streamweave,1783622436.783027,15407.600570877,0,0,0,0,0,0,0,0,245.08,241.721,239.074,239.448,243.839,242.198,239.584,241.761
streamweave,1783622451.5826416,15422.400185675,,,,,,,,,,,,,,,,
streamweave,1783622451.783156,15422.600699909,88.82831003970053,84.06203379416631,75.6831472801482,72.49351271546357,74.7420768068356,73.33179853166169,72.10092320763837,74.39539953085817,879.596,878.839,651.324,655.739,668.606,667.852,658.594,666.799
streamweave,1783622466.5820708,15437.399614727,,,,,,,,,,,,,,,,
streamweave,1783622466.782289,15437.599833068,21.643771939036842,0,0,0,0,0,56.16955013958468,0,844.617,749.123,239.593,239.811,245.344,242.754,509.131,243.29
streamweave,1783622481.5827963,15452.400340317,,,,,,,,,,,,,,,,
streamweave,1783622481.7832494,15452.60079335,91.13690565278296,89.84797951893938,73.94926557667604,75.45773674525168,74.94510219855056,73.83477600482124,75.17222764047146,74.03657197806247,587.495,566.765,653.763,651.428,671.997,668.29,658.435,661.342
streamweave,1783622496.5826674,15467.400211434,,,,,,,,,,,,,,,,
streamweave,1783622496.7830336,15467.600577547,84.05749292640826,82.77768897466396,61.001933868623425,62.64494652607879,55.16108859258316,59.08057367623189,55.8597092273077,58.11758748378355,841.04,854.203,522.192,523.668,512.362,530.24,525.912,526.624
streamweave,1783622511.5822115,15482.399755491,,,,,,,,,,,,,,,,
streamweave,1783622511.7825994,15482.600143377,21.62465093108247,3.6584274727380817,65.90511925870835,66.38582989929435,61.88920119155776,65.86670728576871,65.4137182047274,62.674667972363295,803.814,847.345,550.23,542.686,535.699,564.598,539.124,542.936
streamweave,1783622526.5825236,15497.40006752,,,,,,,,,,,,,,,,
streamweave,1783622526.7829835,15497.600527644,89.98307461932058,89.5446778820287,74.88242147638705,75.87220002867699,75.44233004453902,75.52027115175596,76.80453749520274,76.63045974299119,892.205,942.644,649.984,665.352,667.64,667.96,666.859,662.407
streamweave,1783622541.582724,15512.400267992,,,,,,,,,,,,,,,,
streamweave,1783622541.783269,15512.600813017,91.56121829238603,90.61869374956613,59.186415164341945,0,61.65018092818708,55.89619466769179,58.542345617239455,0,512.544,488.709,507.235,240.733,528.468,525.036,521.793,242.531
streamweave,1783622556.582214,15527.399758155,,,,,,,,,,,,,,,,
streamweave,1783622556.7826405,15527.600184572,80.67315528145251,80.54681769867575,72.92663795743269,74.41967028912141,72.3292088069574,72.7255519292022,71.18877212533411,72.89758351442003,877.959,869.308,613.31,633.808,638.768,634.037,632.245,631.644
streamweave,1783622571.5827737,15542.400317583,,,,,,,,,,,,,,,,
streamweave,1783622571.78326,15542.60080406,91.10550757113391,90.05684740010112,77.03036546228068,76.76203713247615,78.31096700769899,77.91098842784012,77.62404791307536,77.54932680587473,916.718,893.879,666.479,660.664,686.899,692.327,678.516,683.127
streamweave,1783622586.582124,15557.399668107,,,,,,,,,,,,,,,,
streamweave,1783622586.7825804,15557.600124468,83.97368996377669,86.92681422810476,67.95946316275847,68.53000088014394,66.20893713232181,67.53280686974242,65.90004231077543,65.52202237889675,911.588,874.253,571.989,586.477,572.638,588.118,568.905,592.268
streamweave,1783622601.5817823,15572.399326325,,,,,,,,,,,,,,,,
streamweave,1783622601.782251,15572.599794817,85.98861036826612,82.54437709534125,71.09800617748454,69.93581548550685,72.02450890421272,69.60927585544357,70.90734371750771,73.342781052611,881.91,864.638,654.465,645.51,656.702,662.59,661.288,667.866
streamweave,1783622616.581964,15587.399507989,,,,,,,,,,,,,,,,
streamweave,1783622616.7822955,15587.599839576,92.58651691306316,91.75954630396706,57.13513888189529,62.928465016133664,60.85229337020001,55.643333715380635,55.15981861342849,55.391359995967946,613.647,660.359,508.092,527.859,527.87,514.195,517.493,512.456
streamweave,1783622631.582202,15602.39974603,,,,,,,,,,,,,,,,
streamweave,1783622631.792786,15602.610329821,91.40446627776515,90.1075469128811,69.40470991080947,74.77883898612306,76.24799503859931,70.97441057011062,71.40832486383465,72.43686793078791,823.094,820.518,647.403,656.019,677.042,662.709,662.648,666.336
streamweave,1783622646.5825996,15617.400143578,,,,,,,,,,,,,,,,
streamweave,1783622646.7830033,15617.600547303,90.9018194561753,87.17420632653264,62.856453263284905,60.69702746554954,55.590603483671664,0,60.15727014347557,51.74723208104086,886.967,861.906,523.024,523.606,514.214,279.039,519.639,516.015
streamweave,1783622661.5828264,15632.400370416,,,,,,,,,,,,,,,,
streamweave,1783622661.7832658,15632.60080977,26.616572195477616,70.65601826252062,0,66.22040061092038,58.32714537203303,59.26262297914033,2.1346562174810835,0,726.481,714.432,266.821,538.485,517.154,518.638,456.805,407.167
streamweave,1783622676.5820863,15647.399630372,,,,,,,,,,,,,,,,
streamweave,1783622676.7825449,15647.600088864,94.8638484893906,90.04081756647837,73.96633474509065,77.1145343541447,73.42713747671255,75.28067022135195,76.04263415642917,76.01690281978846,913.278,919.263,657.253,656.131,663.407,667.691,651.133,656.206
streamweave,1783622691.5821805,15662.399724518,,,,,,,,,,,,,,,,
streamweave,1783622691.7825963,15662.600140287,90.98878522838135,89.09192201027805,73.76486584704037,75.25106771238582,75.67315593643433,74.9614854620232,76.84379972033275,73.18068578887811,520.182,514.313,659.823,659.2,674.314,670.755,657.678,663.554
streamweave,1783622706.582134,15677.399678094,,,,,,,,,,,,,,,,
streamweave,1783622706.7873783,15677.604922344,0,0,0,0,0,0,0,0,560.665,565.468,365.689,364.712,370.4,384.14,374.317,373.817
streamweave,1783622721.5825768,15692.400120714,,,,,,,,,,,,,,,,
streamweave,1783622721.7830272,15692.60057121,87.35964200841686,87.98130415753937,72.3291230678225,75.50089141591685,73.69239843466598,73.05861539703838,74.02860337790158,75.4869772414662,907.386,873.404,655.725,658.6,667.528,665.645,659.893,666.487
streamweave,1783622736.5820754,15707.399619285,,,,,,,,,,,,,,,,
streamweave,1783622736.7825227,15707.600066796,88.40648227788556,90.19908165841048,55.87729168692863,61.1401741050871,60.75895367887083,65.91588776156091,61.55763745972991,55.54250161619285,427.461,418.471,507.123,523.728,534.117,546.2,523.139,512.698
streamweave,1783622751.5821354,15722.399679358,,,,,,,,,,,,,,,,
streamweave,1783622751.7824295,15722.599973359,0,0,61.70447537878522,58.39985167980664,59.75421426314349,66.24527019319132,62.74841264270605,55.39452348165626,648.824,590.526,522.554,515.451,531.882,551.435,525.823,516.223
streamweave,1783622766.5819964,15737.399540553,,,,,,,,,,,,,,,,
streamweave,1783622766.7824898,15737.600033733,0,0,72.07385371143744,67.35318609945337,71.8176526298837,70.58191232425861,70.48819712842726,71.57590303768873,251.594,248.017,654.498,652.935,651.527,653.914,644.781,648.548
streamweave,1783622781.5821764,15752.399720496,,,,,,,,,,,,,,,,
streamweave,1783622781.7822704,15752.599814477,93.81392902379757,91.09998910410428,62.18154231222586,66.12784512211104,62.302551181868935,67.13175430826357,66.90072451410353,63.76484668293472,905.756,901.834,529.09,551.6,539.387,554.8,544.528,539.72
streamweave,1783622796.582479,15767.400022994,,,,,,,,,,,,,,,,
streamweave,1783622796.783029,15767.600573179,83.79898364145215,83.07084473264956,57.161070168117035,0,56.81882601882804,57.15548278362155,0,57.129949693390024,898.58,863.427,507.994,411.441,516.401,514.845,240.612,517.651
streamweave,1783622811.5826285,15782.400172502,,,,,,,,,,,,,,,,
streamweave,1783622811.7830372,15782.600581074,85.73752874430497,84.88585947027329,73.8555339123389,74.3922027473911,73.49646129889355,73.5559942394196,72.82358590569751,72.27251655207934,920.638,897.165,631.793,636.038,646.155,643.936,632.321,623.705
streamweave,1783622826.5820427,15797.399586707,,,,,,,,,,,,,,,,
streamweave,1783622826.7825208,15797.600064692,83.49808182753542,82.26955311786094,72.95593054242005,74.68527415040712,72.92268657182682,72.94706740253284,72.69348305778198,73.47984441748166,912.689,896.059,631.491,646.516,643.19,652.789,636.869,634.64
streamweave,1783622841.5826213,15812.400165388,,,,,,,,,,,,,,,,
streamweave,1783622841.783122,15812.600666158,81.68006531716604,82.72408561614361,76.11983005068697,73.6808726105938,72.98529182421743,73.57353006684343,72.79523138114874,73.927503600562,859.222,848.732,648.048,664.492,663.645,641.179,663.018,664.371
streamweave,1783622856.5819013,15827.399445365,,,,,,,,,,,,,,,,
streamweave,1783622856.7824075,15827.599951587,90.86894946043716,89.13810234800533,0,62.62592169039798,0,61.020274457449084,56.10836986818172,60.197109995739474,898.988,910.48,241.804,533.817,313.479,535.314,510.852,527.749
streamweave,1783622871.5826337,15842.400177846,,,,,,,,,,,,,,,,
streamweave,1783622871.7831273,15842.600671199,91.88223919338152,89.38233101623689,77.13678375240998,73.92056834582723,74.54814101223867,71.83295266756875,74.29709006307868,74.4060218866222,821.673,796.856,662.568,660.939,669.537,658.121,666.775,668.725
streamweave,1783622886.582517,15857.400060794,,,,,,,,,,,,,,,,
streamweave,1783622886.7830644,15857.600608398,0,0,81.24253211821947,81.5429981627436,81.07645886110811,81.47308283317248,81.06245861089553,80.81342246622827,247.931,244.682,779.327,781.901,794.004,791.159,771.57,789.133
streamweave,1783622901.5822349,15872.399778824,,,,,,,,,,,,,,,,
streamweave,1783622901.782599,15872.600143083,0,0,67.07596824988259,67.52704473596638,66.77889518635712,67.25832830323742,67.54378641842527,65.78180815681038,246.526,243.148,556.423,548.462,570.582,577.318,590.859,583.867
streamweave,1783622916.5826273,15887.400171184,,,,,,,,,,,,,,,,
streamweave,1783622916.7827985,15887.600342438,0,0,0,0,0,0,0,0,245.891,242.744,240.133,241.782,459.189,244.424,241.752,242.723
streamweave,1783622931.5823982,15902.39994222,,,,,,,,,,,,,,,,
streamweave,1783622931.7829516,15902.600495544,0,0,85.90052291797286,84.20991694855772,84.29226464621745,81.77414966492947,85.65829081897792,84.44982994684486,245.634,242.372,829.968,804.57,823.706,801.341,840.619,813.187
streamweave,1783622946.5826826,15917.400226646,,,,,,,,,,,,,,,,
streamweave,1783622946.7831285,15917.600672409,0,0,61.2057063942752,57.167560668797236,0,57.539344003965795,66.94066259355134,57.16464723323526,245.588,242.151,519.789,515.833,245.903,521.646,552.739,523.178
streamweave,1783622961.582713,15932.400256822,,,,,,,,,,,,,,,,
streamweave,1783622961.7829843,15932.600528143,0,0,80.42448171262578,79.97415013877048,0,79.25395588069647,79.82478220497359,74.03411874827863,245.394,242.166,788.54,791.457,574.244,799.168,789.822,750.221
streamweave,1783622976.5822666,15947.399810533,,,,,,,,,,,,,,,,
streamweave,1783622976.782693,15947.600236847,0,0,78.82940931665306,80.27225578302561,74.91073740374048,79.91811704429874,74.29921032464848,81.6770990832833,245.268,242.016,724.602,731.254,741.997,733.115,729.065,740.842
streamweave,1783622991.5824811,15962.400025249,,,,,,,,,,,,,,,,
streamweave,1783622991.782847,15962.60039101,0,0,66.6242954023293,61.700904538826165,65.67536163284908,0,61.9439711218154,61.48720682148707,245.26,241.853,545.096,525.84,542.337,243.868,535.529,527.525
streamweave,1783623006.582477,15977.400021171,,,,,,,,,,,,,,,,
streamweave,1783623006.7827644,15977.600308465,0,0,0,0,0,56.59033311522551,0,0,245.163,241.872,316.073,240.919,245.481,517.674,240.887,242.82
streamweave,1783623021.5821855,15992.399729453,,,,,,,,,,,,,,,,
streamweave,1783623021.7824492,15992.599993312,0,0,0,0,0,0,0,0,245.11,241.774,239.217,239.658,243.972,242.514,239.767,241.775
streamweave,1783623036.5820484,16007.399592446,,,,,,,,,,,,,,,,
streamweave,1783623036.7823107,16007.599854813,0,0,0,0,0,0,0,0,245.12,241.76,239.035,239.308,243.604,242.07,239.275,241.472
streamweave,1783623051.5823705,16022.399914584,,,,,,,,,,,,,,,,
streamweave,1783623051.7828124,16022.600356451,0,0,53.59333743404237,46.63000969404112,53.10799926755202,50.93553633126564,51.65869200366555,50.84015572406824,245.313,242.004,293.555,304.865,296.626,312.685,313.372,299.784
streamweave,1783623066.5827208,16037.400264752,,,,,,,,,,,,,,,,
streamweave,1783623066.783158,16037.600702092,89.37205065854126,88.9553052294332,68.72203381479206,69.02888912134114,69.22879363118962,72.79854065380528,72.27533408290519,69.14126822820938,893.025,878.055,592.39,581.86,617.981,628.799,619.634,613.889
streamweave,1783623081.5824482,16052.399992334,,,,,,,,,,,,,,,,
streamweave,1783623081.7828984,16052.600442475,0.00004110524297647752,24.522798671858336,55.254544020157596,43.35456702540795,50.34358243088145,28.730402671323922,52.36236422869007,52.52257174270384,249.31,245.943,313.201,273.06,296.383,272.997,284.993,513.984
streamweave,1783623096.584259,16067.401802921,,,,,,,,,,,,,,,,
streamweave,1783623096.7839942,16067.601538301,0,0,65.23604558731272,62.538408967365534,64.75789763915057,66.17935990796983,65.44211515120236,60.43483310518175,479.043,434.578,556.944,540.58,553.095,559.596,564.395,541.075
streamweave,1783623111.582756,16082.400299947,,,,,,,,,,,,,,,,
streamweave,1783623111.7831318,16082.600675938,0,21.631444458879393,72.75793049076266,73.69200595322735,73.93990402232188,74.47645830799054,73.02636069635946,72.87038206279081,762.354,727.32,631.047,635.859,640.49,661.0,633.148,639.483
streamweave,1783623126.5821297,16097.399673698,,,,,,,,,,,,,,,,
streamweave,1783623126.7825189,16097.600062768,90.49651344543132,88.88061917936403,71.98127730984503,75.11143425961023,72.59203946157753,72.0929887733886,70.80968300782072,73.29369074440541,906.373,898.51,654.527,657.463,674.445,668.629,639.118,667.462
streamweave,1783623141.583035,16112.400578945,,,,,,,,,,,,,,,,
streamweave,1783623141.7836623,16112.601206432,92.12951533078716,85.21206030790476,55.869848012657265,59.07293757204658,58.196128601293005,63.7476917561084,64.51081703467851,0,888.379,882.474,511.153,510.562,530.835,540.684,535.941,269.744
streamweave,1783623156.582682,16127.400225784,,,,,,,,,,,,,,,,
streamweave,1783623156.782971,16127.600514905,82.78010799550547,91.7688426078401,58.27815117966956,0,0,56.94939337184097,58.36853362735892,60.63052211261497,543.483,561.475,519.65,242.469,247.039,516.123,521.679,529.571
streamweave,1783623171.582261,16142.399805153,,,,,,,,,,,,,,,,
streamweave,1783623171.7827349,16142.60027878,91.12074058287021,88.0663236712076,62.93454319610433,72.50531965724538,68.45763543601268,69.50834069520188,74.74070361272061,67.8845758144666,899.732,905.002,640.205,643.514,648.83,653.019,647.474,646.743
streamweave,1783623186.5826368,16157.400180875,,,,,,,,,,,,,,,,
streamweave,1783623186.7831075,16157.600651473,85.42591511693693,83.80949212632636,73.02930940869248,69.8029678205165,74.31662700923732,71.58336679937142,74.31740067299238,67.54709789347541,888.781,864.945,651.483,655.527,663.678,664.435,644.345,661.007
streamweave,1783623201.5818949,16172.399438769,,,,,,,,,,,,,,,,
streamweave,1783623201.782482,16172.600025893,89.92690984242557,86.89729312516683,56.12994607272304,0,55.158078245134654,0,0,0,548.353,526.15,506.458,242.207,511.491,245.359,241.552,243.524
streamweave,1783623216.5821412,16187.39968515,,,,,,,,,,,,,,,,
streamweave,1783623216.7838714,16187.601415515,61.0320626393826,88.51997300924162,73.16387781793762,72.00077193909429,73.10719548880712,73.26822805692021,74.64908867371712,70.4637837573638,903.958,905.011,662.75,646.586,670.096,662.292,660.383,663.673
streamweave,1783623231.5820365,16202.399580554,,,,,,,,,,,,,,,,
streamweave,1783623231.7823632,16202.599907115,0,0,63.15721045634587,57.037837147507716,64.60738736685349,65.61613893012212,0,62.4463173579161,597.678,574.572,533.676,516.877,541.466,570.796,401.105,535.78
streamweave,1783623246.582689,16217.40023304,,,,,,,,,,,,,,,,
streamweave,1783623246.782994,16217.600537957,76.84401633214073,71.36536227676054,0,55.216317988348884,54.978505690789945,62.573104541191626,57.839480668009,60.21452391041161,910.56,913.975,315.019,511.554,518.852,540.876,515.893,535.025
streamweave,1783623261.5818563,16232.399400134,,,,,,,,,,,,,,,,
streamweave,1783623261.78254,16232.600084169,90.25190307361436,88.69823879932724,69.88439825168264,70.07627004289886,71.31078854173228,73.95215936926256,71.79531295854188,70.58416877523493,894.395,888.374,630.249,640.867,650.235,652.63,638.989,653.892
streamweave,1783623276.582344,16247.399887976,,,,,,,,,,,,,,,,
streamweave,1783623276.7828817,16247.600425694,2.828168214789058,0,72.97859269486014,71.78771587017437,73.28128143884338,74.57536347000064,72.32086021503844,72.36260704385667,251.723,248.526,649.184,656.232,671.102,671.161,658.609,666.018
streamweave,1783623291.582578,16262.400121837,,,,,,,,,,,,,,,,
streamweave,1783623291.7829413,16262.600485444,0,0,0,58.72380980660503,0,0,56.10536217118589,0,631.472,691.129,360.498,523.054,246.233,245.287,509.271,280.203
streamweave,1783623306.582576,16277.400120063,,,,,,,,,,,,,,,,
streamweave,1783623306.7830193,16277.600563359,89.54088862003275,87.48693116490486,69.40840233092929,72.79465863355074,69.62215596838813,72.2366410268727,69.2264263148816,69.92559911940555,894.189,904.765,609.924,623.235,621.094,632.565,614.386,614.707
streamweave,1783623321.5826862,16292.400230135,,,,,,,,,,,,,,,,
streamweave,1783623321.7830753,16292.60061945,79.87586147951062,85.6532565047177,0,0,0,0,0,0,826.452,820.321,239.686,240.295,245.409,244.08,240.232,242.463
streamweave,1783623336.5827758,16307.400319887,,,,,,,,,,,,,,,,
streamweave,1783623336.7832332,16307.600777195,81.49378139343224,81.14666202931706,69.13702672496869,65.56213865553082,68.64323505397057,68.4831696302965,65.85635959976803,68.27360032259396,877.201,851.872,587.429,564.379,596.455,602.186,577.209,595.205
streamweave,1783623351.5825357,16322.40007978,,,,,,,,,,,,,,,,
streamweave,1783623351.7829998,16322.600543858,88.6826159661929,87.49516150632907,69.4093623999156,71.37210347923859,69.39215068024134,68.80562160186807,68.39712701024226,68.10438288456207,921.225,903.169,615.487,613.643,615.507,606.911,593.516,598.31
streamweave,1783623366.582598,16337.400141968,,,,,,,,,,,,,,,,
streamweave,1783623366.7830725,16337.600616583,74.3488585765238,74.31582464497882,77.66088318129086,77.54004656050746,78.06709682422184,78.30431738246901,78.6705474030384,77.78539876238047,904.079,917.098,669.667,670.913,679.025,680.617,677.485,677.04
streamweave,1783623381.5818648,16352.399408757,,,,,,,,,,,,,,,,
streamweave,1783623381.78235,16352.599894144,83.67769631512158,88.04629158464007,67.52088703580091,55.221626756941625,0,0,55.61141574651853,59.463223688759435,866.259,863.077,537.017,505.436,373.658,244.436,503.769,518.539
streamweave,1783623396.5820327,16367.399576788,,,,,,,,,,,,,,,,
streamweave,1783623396.78243,16367.599973923,92.3310347717056,89.26079182390394,67.98933415640062,70.67573302772924,68.51929170384238,69.78705118340278,69.61670755251114,70.55181176334709,879.611,887.36,586.044,607.594,584.857,608.831,615.95,619.277
streamweave,1783623411.582172,16382.399715954,,,,,,,,,,,,,,,,
streamweave,1783623411.7826009,16382.600144827,91.80384737984313,89.09076261888436,0,0,0,0,56.849988763250316,0,880.102,923.446,239.712,240.549,245.518,243.321,509.399,242.032
streamweave,1783623426.5826101,16397.40015411,,,,,,,,,,,,,,,,
streamweave,1783623426.783056,16397.600600058,88.08287549542065,82.94237271458167,73.16940416730688,74.01453062349637,72.5848215946716,74.28099645446328,73.34134060224352,74.00053455842772,868.273,863.825,630.917,636.447,645.27,648.603,634.838,642.166
streamweave,1783623441.5826933,16412.40023736,,,,,,,,,,,,,,,,
streamweave,1783623441.7831986,16412.600742577,70.10073867694008,88.8623405439945,68.58057704910256,70.77586028539542,69.77250935787347,69.68056151345408,72.88732680904339,72.06694334437901,640.761,639.695,591.2,612.577,622.213,604.217,630.242,621.343
streamweave,1783623456.5828228,16427.400366893,,,,,,,,,,,,,,,,
streamweave,1783623456.7832315,16427.600775485,89.19958291791148,85.04225164318488,74.6766300651587,74.94295398961233,75.70816759174154,71.34948503948436,72.92436105542848,74.67295043761764,910.2,892.878,659.412,665.565,682.279,658.575,664.295,668.602
streamweave,1783623471.5826917,16442.400235625,,,,,,,,,,,,,,,,
streamweave,1783623471.783187,16442.600730986,0,0.004994737169300432,66.88460361168008,66.0913338367489,65.88024454279696,59.82310794259833,63.37795975398536,65.58967444162711,250.509,247.255,541.764,539.478,548.927,523.893,532.722,542.518
streamweave,1783623486.5820081,16457.399552028,,,,,,,,,,,,,,,,
streamweave,1783623486.7824225,16457.599966588,91.54635054103724,90.8287766637324,65.7793449033264,66.86923784879461,66.20962928467189,63.767109338984284,64.78220143430828,57.425266278402475,613.452,609.297,579.359,546.86,554.572,548.409,537.066,522.552
streamweave,1783623501.5823874,16472.399931408,,,,,,,,,,,,,,,,
streamweave,1783623501.7832816,16472.600825615,0,0,78.257765508092,79.07461631021987,80.85703069319108,80.25204837977842,71.9104931899193,70.88965226015851,247.978,244.712,758.81,776.757,787.778,810.207,719.185,747.303
streamweave,1783623516.5821347,16487.39967861,,,,,,,,,,,,,,,,
streamweave,1783623516.7826102,16487.600154149,0,0,68.35437846142156,66.90020409248193,66.84987614324082,63.34080096173827,66.37604195913987,68.50533758886367,246.638,243.232,552.983,546.876,567.19,537.33,559.613,568.645
streamweave,1783623531.5826275,16502.400171531,,,,,,,,,,,,,,,,
streamweave,1783623531.7829309,16502.600474932,0,0,0,0,0,0,0,0,246.037,242.723,240.44,240.471,244.823,243.113,368.083,243.131
streamweave,1783623546.5822265,16517.399770611,,,,,,,,,,,,,,,,
streamweave,1783623546.7825732,16517.600117106,0,0,82.68258687947248,85.93589928138013,86.19143045728383,82.63302345906733,85.8291271135744,82.96827476652376,245.741,242.23,795.362,807.013,811.891,798.284,790.485,801.487
streamweave,1783623561.5822608,16532.399804957,,,,,,,,,,,,,,,,
streamweave,1783623561.7824879,16532.600031894,0,0,0,67.19797812223887,65.01920717514163,67.13311562553744,0,57.27616548503172,245.426,242.262,240.473,553.012,537.33,555.588,241.89,521.494
streamweave,1783623576.5826826,16547.400226708,,,,,,,,,,,,,,,,
streamweave,1783623576.7829719,16547.600515878,0,0,80.39115489056918,80.22108025007218,81.06925631000306,79.88377413142706,80.02482798775611,80.65645831604496,245.292,242.054,790.849,470.396,814.017,799.742,795.231,801.182
streamweave,1783623591.5818646,16562.39940867,,,,,,,,,,,,,,,,
streamweave,1783623591.7822921,16562.599836228,0,0,77.28872205666897,82.22626464271696,78.91605270413908,80.93837924062346,73.3823881437065,79.16675161800049,245.266,242.03,719.512,728.058,741.271,743.125,707.362,740.982
streamweave,1783623606.5824924,16577.40003635,,,,,,,,,,,,,,,,
streamweave,1783623606.7829175,16577.600461604,0,0,66.96819393181553,68.18789959116309,67.5409254152853,69.79365575417334,64.68488457377362,66.86001487369062,245.176,241.85,551.04,553.993,558.618,593.817,537.893,555.765
streamweave,1783623621.582148,16592.399691992,,,,,,,,,,,,,,,,
streamweave,1783623621.7825487,16592.60009272,0,0,56.51739701428501,0,56.029645270536776,56.2955578566718,2.5029740322001555,0,245.222,241.929,507.431,241.253,516.726,518.221,472.378,313.588
streamweave,1783623636.5827668,16607.400310876,,,,,,,,,,,,,,,,
streamweave,1783623636.7830746,16607.600618621,0,0,0,0,0,0,0,0,245.116,241.76,239.252,239.711,244.075,242.712,239.754,241.829
streamweave,1783623651.582631,16622.400175046,,,,,,,,,,,,,,,,
streamweave,1783623651.7829907,16622.600534699,0,0,0,0,0,0,0,0,245.118,241.755,238.986,239.409,243.572,242.134,239.246,241.496
streamweave,1783623666.5826297,16637.400173718,,,,,,,,,,,,,,,,
streamweave,1783623666.7831032,16637.600647131,68.07467437670584,91.26293425411973,77.4834354316808,77.66441540978938,77.6651409766255,77.50670772479691,76.01295046198005,77.12392435814284,905.199,902.45,657.318,655.909,670.544,666.998,662.443,669.755
streamweave,1783623681.582165,16652.399709105,,,,,,,,,,,,,,,,
streamweave,1783623681.7825577,16652.600101647,85.71357911353718,83.63371998090273,69.54499355952748,66.66625347201318,69.53284980222976,63.822903842017,60.85029873248813,65.52914651158494,584.894,554.182,651.477,634.864,664.994,661.963,642.478,660.173
streamweave,1783623696.5825539,16667.400097949,,,,,,,,,,,,,,,,
streamweave,1783623696.7829123,16667.600456209,90.3613643449041,87.39315074488826,57.42436874807624,64.61954888813581,56.83554702982907,0,55.54310888464477,0,899.023,886.686,506.835,530.08,515.725,244.611,493.787,242.914
streamweave,1783623711.5818696,16682.399413709,,,,,,,,,,,,,,,,
streamweave,1783623711.7823396,16682.599883466,90.75773561589486,87.34666865851608,70.68899077633614,69.98974183751687,71.8750996579647,72.62436492111412,72.07792000371158,69.41564562821286,889.771,896.739,630.677,652.255,648.967,657.167,641.882,650.129
streamweave,1783623726.5828881,16697.400432079,,,,,,,,,,,,,,,,
streamweave,1783623726.783339,16697.600882907,88.50205137145988,89.51957682054118,77.3659456316525,77.63342734207781,75.09629112010904,76.55072736408613,76.38860934029007,77.35230314480285,333.271,388.871,646.194,621.606,649.583,649.773,639.856,648.603
streamweave,1783623741.5826662,16712.400210132,,,,,,,,,,,,,,,,
streamweave,1783623741.8485432,16712.666087188,0,0,0,0,0,0,0,0,251.959,248.844,243.542,244.455,249.88,247.284,244.949,246.1
streamweave,1783623756.581931,16727.399475006,,,,,,,,,,,,,,,,
streamweave,1783623756.7824426,16727.599986575,91.15177050579956,88.47016485249995,74.72919046138102,74.02393036091782,74.33370140576633,74.70254349820891,73.6373110007105,74.28280272895265,897.613,898.257,664.743,663.853,677.318,672.382,660.429,671.725
streamweave,1783623771.5824938,16742.400037819,,,,,,,,,,,,,,,,
streamweave,1783623771.7829788,16742.600522702,86.93960317850463,89.59793937720775,66.13274728020038,73.87456112044651,73.10074095916971,69.13724893144631,68.71569134663733,73.93388421653559,826.247,796.623,622.44,647.527,648.736,633.229,656.458,650.016
streamweave,1783623786.5824049,16757.399948791,,,,,,,,,,,,,,,,
streamweave,1783623786.7828205,16757.60036436,0,0,77.61802589021379,77.7611384369567,77.14955510520332,77.27387696752466,76.96139583824953,77.28901215666058,453.065,408.767,516.283,475.001,569.081,570.088,571.619,519.652
streamweave,1783623801.5827374,16772.400281395,,,,,,,,,,,,,,,,
streamweave,1783623801.783218,16772.600761986,0,0,56.58203252110159,56.17045875257748,55.55332324903684,65.92827135651223,58.6260177268612,58.30298305105895,729.532,761.073,507.866,511.557,516.056,549.006,511.798,517.747
streamweave,1783623816.583503,16787.401046917,,,,,,,,,,,,,,,,
streamweave,1783623816.7872336,16787.604777502,92.03455655586785,62.80552197911471,74.55416966676302,74.88273181955499,75.97042269245445,75.06471072920452,74.87138639530185,75.17767865742488,906.162,894.564,664.494,662.867,676.95,676.888,666.579,675.278
streamweave,1783623831.5828059,16802.400349845,,,,,,,,,,,,,,,,
streamweave,1783623831.7831979,16802.600741961,87.17210343910034,83.93100831975089,68.82893493560958,71.71527944415791,72.85047005012683,64.86400287725647,71.52338449203825,73.546369464014,880.358,868.484,646.425,638.76,665.567,630.601,657.614,660.361
streamweave,1783623846.5823333,16817.399877215,,,,,,,,,,,,,,,,
streamweave,1783623846.7825596,16817.600103733,91.46424170769313,89.84394016917,65.28139256053245,56.11544555623892,55.467806923114296,60.34121023482838,0,0,867.563,870.094,526.599,512.349,515.478,530.241,241.44,243.323
streamweave,1783623861.5824146,16832.399958525,,,,,,,,,,,,,,,,
streamweave,1783623861.7828314,16832.600375478,66.6515366875592,0,70.81818550225047,72.91700074036453,65.51442471279711,73.3717849745122,73.73604009596674,75.19859176870528,936.967,866.345,655.851,644.267,654.881,665.001,644.451,668.59
streamweave,1783623876.5827065,16847.40025048,,,,,,,,,,,,,,,,
streamweave,1783623876.7944875,16847.612031575,87.8000515135165,69.19043494204516,70.58587005864572,71.53476195258683,73.97351881240195,70.96219184216038,67.97970375631671,71.02349344007183,880.24,866.623,554.26,524.617,565.324,558.487,516.257,567.497
streamweave,1783623891.5828605,16862.400404358,,,,,,,,,,,,,,,,
streamweave,1783623891.7831109,16862.600654974,0,0,0,55.424171988196825,58.42416218371728,58.97951417578575,56.232393911158596,60.3022862521754,256.225,249.231,464.659,510.423,514.335,519.294,514.583,519.522
streamweave,1783623906.5828807,16877.400424643,,,,,,,,,,,,,,,,
streamweave,1783623906.7831547,16877.600698634,91.60408711054819,89.91051943032097,74.8650118088555,74.40178819383165,74.32499451778372,74.17378852809324,74.35926219240733,74.76642705939956,896.499,885.418,638.371,652.871,655.545,659.117,639.002,646.458
streamweave,1783623921.582217,16892.399760911,,,,,,,,,,,,,,,,
streamweave,1783623921.782683,16892.600226821,82.0939110993591,84.11170844077606,74.41780894289934,73.51488880680193,70.68198625018913,69.01423159442983,74.48229872963724,69.33551211216484,391.64,355.652,657.789,659.411,661.185,658.462,665.115,656.6
streamweave,1783623936.582126,16907.399669925,,,,,,,,,,,,,,,,
streamweave,1783623936.782529,16907.600073109,0,0.38375701689952335,59.53814297058489,57.2863968235454,55.277344207766035,56.76324823411382,55.75823332528373,0,808.767,830.456,517.335,513.063,513.748,520.916,531.861,242.64
streamweave,1783623951.5827496,16922.400293718,,,,,,,,,,,,,,,,
streamweave,1783623951.7832992,16922.600843271,90.73562181742146,87.43584652474537,71.8201570688029,69.35806626634435,72.99613481889543,74.34028125926218,74.19500978113732,68.73043830291361,920.606,879.6,652.418,644.89,673.221,669.111,661.836,648.51
streamweave,1783623966.5823293,16937.399873255,,,,,,,,,,,,,,,,
streamweave,1783623966.7828038,16937.600347874,90.4392049393516,89.8665531740374,73.90712697714507,74.39469533752178,74.22736109075849,74.33747680801287,73.40992956765331,74.61617908927273,859.56,885.523,645.403,643.187,656.17,657.301,641.878,667.817
streamweave,1783623981.5826786,16952.400222606,,,,,,,,,,,,,,,,
streamweave,1783623981.7829144,16952.600458298,84.45576324155599,82.20683742172875,0,0,0,0,0,0,610.669,612.295,239.874,240.192,252.816,243.987,240.406,242.307
streamweave,1783623996.58205,16967.399594087,,,,,,,,,,,,,,,,
streamweave,1783623996.782501,16967.600044932,91.96017604345904,90.88458967943347,71.88000220818347,70.706230774227,72.73325999016708,64.44980639714373,71.60637921759509,70.70063135560693,905.392,906.787,656.536,662.767,671.454,657.295,667.433,670.462
streamweave,1783624011.5825653,16982.400109214,,,,,,,,,,,,,,,,
streamweave,1783624011.7830951,16982.600639007,0,0,72.75091988333409,76.00126924579969,74.96729705544467,73.71715003696046,72.02016281069542,73.86367961003268,249.943,246.729,647.161,661.309,672.255,653.497,666.095,686.788
streamweave,1783624026.5825326,16997.400076692,,,,,,,,,,,,,,,,
streamweave,1783624026.782791,16997.600334862,90.26434441323303,88.70562650405105,56.029796910404585,0,55.810307306336135,0,61.98137786134909,0,904.62,888.126,506.061,320.416,516.07,306.079,523.485,242.698
streamweave,1783624041.5821304,17012.399674404,,,,,,,,,,,,,,,,
streamweave,1783624041.782652,17012.600195959,91.36333310873471,83.62652346870559,72.05538272402696,72.45273196927944,71.06422206537624,72.948181799728,74.04583258388871,74.08913734636488,880.763,906.349,655.988,660.084,668.36,670.798,657.926,660.023
streamweave,1783624056.5823045,17027.39984841,,,,,,,,,,,,,,,,
streamweave,1783624056.7827368,17027.600280862,83.17614244161929,88.8619909071008,37.53196666282905,37.96777079878652,47.57602157025039,48.3126738406201,46.57753953142118,47.71770721173566,908.082,907.934,511.374,278.659,511.128,517.118,514.753,533.743
streamweave,1783624071.5821393,17042.399683308,,,,,,,,,,,,,,,,
streamweave,1783624071.782464,17042.600007978,0,0,59.45455838039536,0,55.21933367706079,56.297609246310046,61.028702067864614,58.335571934826845,252.387,249.585,511.372,241.028,515.482,516.47,519.716,519.524
streamweave,1783624086.5823872,17057.399931101,,,,,,,,,,,,,,,,
streamweave,1783624086.782855,17057.600399092,90.92603008449365,87.50602209528317,69.55085775998687,73.7690467765697,66.4725874106897,72.83695212132343,69.85366071530993,68.5343253604279,590.841,595.668,645.041,655.484,653.771,653.139,647.026,655.256
streamweave,1783624101.5820742,17072.399618107,,,,,,,,,,,,,,,,
streamweave,1783624101.7825644,17072.600108471,0,0,85.03375513828209,78.38427277214194,78.50249387378354,79.68777770747128,71.75366355296656,80.06229968868554,247.344,243.981,783.946,771.035,786.724,780.942,754.975,785.632
streamweave,1783624116.582044,17087.399587907,,,,,,,,,,,,,,,,
streamweave,1783624116.782368,17087.599911871,0,0,64.213157279592,67.13089842729471,64.64967371858046,0,66.61965494505799,61.257464047918994,246.158,242.851,530.572,550.215,536.403,449.616,533.918,523.556
streamweave,1783624131.582788,17102.400332067,,,,,,,,,,,,,,,,
streamweave,1783624131.7830484,17102.600592476,0,0,81.4867464977911,80.05998061592229,81.99073044030115,81.93609035974558,81.45675305156234,81.72708399851348,245.75,242.421,801.553,790.065,817.327,820.811,813.142,819.944
streamweave,1783624146.5827522,17117.400296251,,,,,,,,,,,,,,,,
streamweave,1783624146.7831419,17117.60068593,0,0,68.85716919396187,70.6068703549112,67.09640049115293,68.12948808425861,67.00243833285727,66.96427788711736,245.361,242.042,575.095,612.531,576.046,555.018,553.504,570.979
streamweave,1783624161.5826561,17132.400200203,,,,,,,,,,,,,,,,
streamweave,1783624161.7830732,17132.600617273,0,0,0,0,0,0,0,31.13892537141181,245.314,241.93,240.276,241.942,519.963,243.165,241.086,499.364
streamweave,1783624176.5829313,17147.400475179,,,,,,,,,,,,,,,,
streamweave,1783624176.7831082,17147.60065235,0,0,86.82772801220496,85.75002669409541,85.73267116654031,86.40207698886258,85.66889515234637,85.5697596488747,245.089,241.731,801.081,799.969,807.863,817.52,797.582,806.408
streamweave,1783624191.5822763,17162.39982025,,,,,,,,,,,,,,,,
streamweave,1783624191.7827919,17162.600335926,0,0,69.48879879833893,66.74878089372868,67.16376266614297,66.3202763691499,66.75763888317324,69.13398910539324,245.273,241.692,595.831,580.253,577.417,584.631,579.74,607.848
streamweave,1783624206.58204,17177.39958407,,,,,,,,,,,,,,,,
streamweave,1783624206.7923648,17177.609908826,0,0,0,0,0,0,0,0,245.123,241.709,240.598,240.754,245.943,243.294,241.066,243.436
streamweave,1783624221.5818765,17192.399420595,,,,,,,,,,,,,,,,
streamweave,1783624221.7821963,17192.599740336,0,0,0,0,0,0,0,0,245.087,241.657,239.516,240.023,244.572,242.493,239.774,241.896
streamweave,1783624236.5820704,17207.399614334,,,,,,,,,,,,,,,,
streamweave,1783624236.7824817,17207.600025733,0,0,0,0,0,0,0,0,245.012,241.623,238.895,239.368,243.629,241.872,239.273,241.502
streamweave,1783624251.5819108,17222.399454804,,,,,,,,,,,,,,,,
streamweave,1783624251.7823126,17222.599856598,0,0,0,0,0,0,0,0,244.957,241.968,238.568,238.94,243.258,241.651,239.094,241.153
streamweave,1783624266.5825336,17237.400077696,,,,,,,,,,,,,,,,
streamweave,1783624266.782854,17237.600398008,91.17080936657092,92.19199032091723,0,0,0,0,0,0,908.573,897.551,238.305,238.639,243.032,241.423,238.811,241.1
streamweave,1783624281.5825732,17252.400117072,,,,,,,,,,,,,,,,
streamweave,1783624281.7830138,17252.600557849,0,0,72.25043195139135,71.902876691523,73.10737124567785,73.44311647893443,72.65820879024963,73.02595804452785,250.086,246.889,625.752,615.917,637.578,649.479,629.553,638.05
streamweave,1783624296.5825217,17267.400065705,,,,,,,,,,,,,,,,
streamweave,1783624296.782991,17267.600534975,89.33347211087924,89.15739388939518,74.44153499285162,74.91848910030289,72.89245636979304,73.73082771196205,73.01176734460445,71.91888187761563,896.782,909.252,637.853,645.145,643.318,644.023,633.702,644.465
streamweave,1783624311.5825744,17282.400118304,,,,,,,,,,,,,,,,
streamweave,1783624311.7830057,17282.600549726,92.31855317483634,90.93402985321788,74.05893150318576,69.36047521116514,73.93172210753288,74.25391499759338,76.2280793855222,74.32675593830619,629.99,603.662,649.38,647.672,662.571,652.685,649.497,660.654
streamweave,1783624326.5820198,17297.399563843,,,,,,,,,,,,,,,,
streamweave,1783624326.7823575,17297.599901435,0,0,58.9951316869212,0,9.002858457942803,63.768099219935706,57.57114977279455,57.91609120042283,250.932,247.517,512.696,458.787,480.871,533.646,517.694,525.408
streamweave,1783624341.5824587,17312.400002764,,,,,,,,,,,,,,,,
streamweave,1783624341.7828474,17312.600391353,91.92093844346329,87.94262018642557,69.71116425963059,68.86986088971344,68.77261482650829,69.19524352509656,68.79737017750926,65.91615257185978,887.38,906.728,605.409,585.004,600.859,609.242,593.774,575.38
streamweave,1783624356.5822897,17327.399833596,,,,,,,,,,,,,,,,
streamweave,1783624356.7827854,17327.600329486,42.25665581698298,42.29978206232197,0,0,0,57.25820382253629,0,0,767.275,769.618,239.716,239.801,244.25,517.621,239.793,242.074
streamweave,1783624371.582441,17342.399985038,,,,,,,,,,,,,,,,
streamweave,1783624371.7828684,17342.600412395,83.51390615628675,83.23562747373552,75.51879899666623,73.34556731982617,69.48308947117697,66.30121263541936,69.86233866454167,68.72155085339409,873.451,858.118,636.291,648.249,647.503,652.63,645.959,660.15
streamweave,1783624386.5825417,17357.400085804,,,,,,,,,,,,,,,,
streamweave,1783624386.7832623,17357.60080619,89.95208029064148,88.44402506110752,58.56205945985808,0,65.60863849943281,60.19341325026758,58.70660923994304,61.62787956696014,890.769,881.239,507.372,420.787,541.742,538.004,518.499,528.375
streamweave,1783624401.582183,17372.399726992,,,,,,,,,,,,,,,,
streamweave,1783624401.7826197,17372.600163793,93.42997613577447,90.16561308714161,77.10204126134951,76.1400073916945,76.3970621170739,73.96139712538647,76.32580171754124,76.6606021731657,876.568,870.441,666.184,661.673,676.634,675.494,662.436,674.272
streamweave,1783624416.582123,17387.39966703,,,,,,,,,,,,,,,,
streamweave,1783624416.7830584,17387.600602362,85.23880052305269,89.6789019729397,66.45373274770094,62.53076182392843,66.71757764217841,66.99116750331832,60.259001055127314,65.33306192170197,813.354,823.812,542.863,542.747,543.576,553.352,537.969,546.322
streamweave,1783624431.5826545,17402.40019846,,,,,,,,,,,,,,,,
streamweave,1783624431.783003,17402.600547081,89.38730436783494,87.7950410635828,56.94390488226275,56.84371199043834,65.3999952545988,66.02971852610273,66.16223199399037,58.16362275982732,924.551,903.727,500.223,516.81,536.374,550.322,539.558,522.267
streamweave,1783624446.582423,17417.399967085,,,,,,,,,,,,,,,,
streamweave,1783624446.7828996,17417.600443578,79.87695497029956,74.71599812075286,70.68546235540192,69.57294296255714,69.57652617289752,72.04893515675136,69.93253845493477,69.01731772293078,735.713,769.393,648.627,638.467,657.609,650.46,651.327,660.021
streamweave,1783624461.5825372,17432.400081167,,,,,,,,,,,,,,,,
streamweave,1783624461.7830293,17432.600573297,90.10032167415545,89.4077492000819,76.21367228286539,73.5942934810874,74.94072050516395,73.15632318421424,76.58876299294697,74.43186021574503,885.982,868.849,665.522,662.06,676.566,667.304,666.397,676.678
streamweave,1783624476.5824063,17447.399950259,,,,,,,,,,,,,,,,
streamweave,1783624476.782899,17447.600442912,81.2752405278114,88.88447586859108,61.80844451430466,65.43570370889836,66.0477175637953,66.38644792805908,57.59543084654896,57.34468436481207,857.953,836.881,528.559,529.88,550.619,551.144,521.636,514.598
streamweave,1783624491.5826578,17462.400201846,,,,,,,,,,,,,,,,
streamweave,1783624491.7831492,17462.600693297,90.70618644740198,90.40458487808553,74.23778779427931,76.45325488107156,76.68002433985185,76.46171416104386,75.83323863372866,74.8857507873516,915.109,894.511,666.7,665.472,678.142,674.612,661.177,670.221
streamweave,1783624506.582736,17477.400280067,,,,,,,,,,,,,,,,
streamweave,1783624506.7831063,17477.600650407,86.25026121795793,83.60663571191984,66.87460109090534,67.74096496516636,67.19115724931403,66.52502254483478,64.50535995903088,61.886030744347806,798.353,787.67,548.903,553.86,563.752,556.621,529.534,534.208
streamweave,1783624521.5826547,17492.400198811,,,,,,,,,,,,,,,,
streamweave,1783624521.7957573,17492.613301262,87.26051166246415,80.38658819161046,62.98043687733161,65.95292873680194,65.99224763141385,66.37747777336186,55.31159492364377,57.73842899657624,884.491,855.813,530.113,537.419,557.758,552.623,508.379,513.352
streamweave,1783624536.58297,17507.400514009,,,,,,,,,,,,,,,,
streamweave,1783624536.7833104,17507.600854377,90.64724151783571,91.3061517509282,73.02351392063467,72.40991226676917,70.38526056209821,70.22156791503718,68.38926808450573,71.17913637396018,916.646,876.302,643.254,657.353,651.457,664.986,623.577,643.534
streamweave,1783624551.5818527,17522.399396712,,,,,,,,,,,,,,,,
streamweave,1783624551.7823684,17522.599912523,82.90870621808881,86.91518696481302,75.28723897985033,76.92330489798418,72.96360836108421,75.68237131723167,73.55937683544252,75.8809294033614,757.182,727.662,664.188,668.466,667.249,675.115,664.814,680.06
streamweave,1783624566.5822432,17537.399787146,,,,,,,,,,,,,,,,
streamweave,1783624566.7826293,17537.600173333,89.74663594577777,87.18858388278711,66.88848022688425,66.27249473464438,65.84262197049739,66.05450666330474,66.05445240572594,63.165667007861906,886.998,886.441,558.948,571.76,547.379,547.351,540.342,537.637
streamweave,1783624581.5826325,17552.400176659,,,,,,,,,,,,,,,,
streamweave,1783624581.7831724,17552.600716395,90.2573373812365,73.88654276413308,76.77609228092851,74.96379471271786,75.27103892705131,74.85750152423847,75.29621414808129,75.59245555431443,867.347,922.464,661.745,665.491,671.836,679.695,670.839,674.022
streamweave,1783624596.5824935,17567.400037598,,,,,,,,,,,,,,,,
streamweave,1783624596.7828534,17567.600397396,87.86476698483628,83.30531332565985,70.12645766648608,68.90100349338626,65.17993818540748,65.24876923674454,64.61707030806846,67.2943193015592,872.605,879.057,614.56,586.742,587.249,565.622,563.159,581.354
streamweave,1783624611.5824928,17582.400036736,,,,,,,,,,,,,,,,
streamweave,1783624611.7828412,17582.600385185,91.88701035352885,89.70576797397955,68.34584264157223,66.63171031830932,65.26128932073276,66.60944424469515,66.42772366526746,65.80616850893661,899.026,902.655,583.525,540.589,597.384,579.173,541.733,546.68
streamweave,1783624626.5827672,17597.40031121,,,,,,,,,,,,,,,,
streamweave,1783624626.7832754,17597.600819298,86.55681262282953,87.52640187994609,62.15818106973764,65.27537048210066,56.66599358779263,0,0,61.97012403195566,912.148,885.083,530.02,535.712,507.281,243.367,239.954,523.649
streamweave,1783624641.5828962,17612.400440195,,,,,,,,,,,,,,,,
streamweave,1783624641.7834036,17612.600947522,92.11547970536695,89.56792982829953,74.98825755533557,74.72725792346509,73.95424089147056,73.59454889370065,75.41094221007202,74.54743295980239,897.974,893.057,660.041,642.506,652.907,647.702,657.613,652.282
streamweave,1783624656.5823123,17627.399856281,,,,,,,,,,,,,,,,
streamweave,1783624656.782812,17627.600356218,86.8212325770715,81.33995920343652,71.74965594550181,70.73625550513201,71.14815713720739,72.42160934087102,70.72047809811683,71.41936854561737,914.688,908.978,642.698,643.594,645.21,655.279,645.625,651.905
streamweave,1783624671.581881,17642.399425108,,,,,,,,,,,,,,,,
streamweave,1783624671.7822068,17642.599750842,0.6760030514386887,0.0010841082160405041,63.52748430723232,0,62.60421529332862,0,0,55.630330015006024,250.588,247.393,525.001,241.538,532.909,413.446,241.114,512.629
streamweave,1783624686.5820193,17657.399563392,,,,,,,,,,,,,,,,
streamweave,1783624686.7825866,17657.600130667,90.83387441068787,89.31649389829902,74.35593584801694,68.35542465807836,72.84716148848266,68.97503474478978,71.84257119258078,70.34908019663835,854.779,850.091,653.033,641.009,675.367,658.281,662.152,653.159
streamweave,1783624701.5826821,17672.400226015,,,,,,,,,,,,,,,,
streamweave,1783624701.7831147,17672.600658647,90.8688895970187,88.93007437576942,72.93334076352079,73.95289783788468,72.75225404202953,73.03813517741983,73.41393987749632,72.56153006945824,856.923,828.851,631.528,638.326,645.577,643.476,631.53,639.774
streamweave,1783624716.582643,17687.400187086,,,,,,,,,,,,,,,,
streamweave,1783624716.7831686,17687.600712507,0,0,12.16156921860517,0.33870588202370483,0,0.629149024620381,0.33412668672128276,2.770110180971288,249.549,246.396,239.532,240.192,245.529,243.054,240.29,243.252
streamweave,1783624731.582485,17702.400028958,,,,,,,,,,,,,,,,
streamweave,1783624731.7828567,17702.600400731,0,0,73.13831754006468,73.34856623883911,73.73536864430848,72.97131257872427,73.48505612374095,73.79381147136522,246.541,243.441,657.458,639.47,657.271,656.53,647.08,710.188
streamweave,1783624746.5828607,17717.40040477,,,,,,,,,,,,,,,,
streamweave,1783624746.7829022,17717.600446248,0,0,0,0,57.693233947406306,0,0,57.771107850836486,246.064,242.631,241.223,241.719,524.452,243.751,240.283,520.883
streamweave,1783624761.5824766,17732.400020553,,,,,,,,,,,,,,,,
streamweave,1783624761.7827666,17732.600310594,0,0,88.41913988671202,88.39570854022811,86.7304481654621,88.19950598249883,86.2408625843118,88.04843286677149,245.688,242.142,825.917,815.154,813.874,842.737,798.232,844.498
streamweave,1783624776.5819354,17747.399479401,,,,,,,,,,,,,,,,
streamweave,1783624776.7827938,17747.600337753,0,0,67.02527804442077,63.744084388881305,63.233346882692295,64.8445044838897,63.04602320079368,60.55022448351226,245.475,242.053,537.29,533.17,545.132,542.236,536.659,524.684
streamweave,1783624791.5827477,17762.400291778,,,,,,,,,,,,,,,,
streamweave,1783624791.782976,17762.600519851,0,0,79.81781157993969,79.05893814357377,79.90297849757827,79.2957587796009,69.53055305374731,80.87332023135934,245.178,241.959,791.56,769.745,789.129,781.286,730.659,806.442
streamweave,1783624806.5821557,17777.399699687,,,,,,,,,,,,,,,,
streamweave,1783624806.7828982,17777.600442143,0,0,82.14211592459466,75.00048653723361,80.82100934846757,73.49042256010303,81.65604392949056,80.912920215036,245.184,241.83,726.122,729.506,739.374,740.354,732.062,742.938
streamweave,1783624821.5828,17792.400344022,,,,,,,,,,,,,,,,
streamweave,1783624821.7831154,17792.600659438,0,0,66.95673618657484,66.76271483184972,66.93096094840591,0,66.7428694628901,66.05212376326166,245.171,241.601,547.989,546.012,556.552,247.761,549.023,542.91
streamweave,1783624836.5827863,17807.40033026,,,,,,,,,,,,,,,,
streamweave,1783624836.782877,17807.600421069,0,0,0,0,0,56.891735432010215,0,56.44242003632076,244.947,241.721,240.535,241.108,385.204,518.244,240.97,516.381
streamweave,1783624851.5823157,17822.399859693,,,,,,,,,,,,,,,,
streamweave,1783624851.782407,17822.599950962,0,0,0,0,0,0,0,0,244.976,241.721,239.077,239.613,243.985,242.363,239.741,242.048
streamweave,1783624866.582616,17837.400160179,,,,,,,,,,,,,,,,
streamweave,1783624866.7844179,17837.601961885,0,0,0,0,0,0,0,0,244.913,241.669,238.719,239.251,243.359,241.864,239.227,241.471
streamweave,1783624881.5826776,17852.400221618,,,,,,,,,,,,,,,,
streamweave,1783624881.7830493,17852.600593422,0,0,0,0,0,0,0,0,692.336,694.366,238.465,238.635,243.092,241.497,239.005,241.152
streamweave,1783624896.582178,17867.399722133,,,,,,,,,,,,,,,,
streamweave,1783624896.7839847,17867.601528736,90.15589473965882,88.55381817966727,69.72727020131285,66.70432527640943,73.76376423813457,73.28650349891588,73.5156042036915,71.80827449741017,862.265,834.543,641.31,640.279,665.21,657.558,654.281,657.935
streamweave,1783624911.5819545,17882.399498403,,,,,,,,,,,,,,,,
streamweave,1783624911.782522,17882.600065917,86.25848418704757,37.121432060481126,74.89262455819411,75.845330320695,74.81534058418502,73.51416131100753,72.63265246277814,75.07759147978201,916.075,867.519,646.918,641.288,657.4,659.791,657.875,652.174
streamweave,1783624926.582182,17897.399726015,,,,,,,,,,,,,,,,
streamweave,1783624926.7829053,17897.60044939,0,0,77.40808046971857,77.10577743048131,77.34675916262401,77.74275740988071,77.35673476002712,77.4696303480861,752.042,672.733,596.027,613.401,594.52,630.937,610.539,626.328
streamweave,1783624941.5827959,17912.400339969,,,,,,,,,,,,,,,,
streamweave,1783624941.7831051,17912.600649142,92.45075374488272,89.76595374388492,62.21055977278398,66.38086522770558,62.98768496470662,61.33296132567866,60.89670034081182,66.25655804203745,606.548,607.799,532.454,545.649,539.479,531.374,530.6,542.869
streamweave,1783624956.5817537,17927.399297758,,,,,,,,,,,,,,,,
streamweave,1783624956.7882137,17927.60575784,91.47000754562829,90.7191022808591,74.62942699924373,74.49591217078499,74.16399282293258,74.31419518650469,74.34989246068204,74.11210022381077,906.02,909.548,656.932,650.925,663.764,664.005,652.761,657.507
streamweave,1783624971.5823917,17942.399935778,,,,,,,,,,,,,,,,
streamweave,1783624971.7828548,17942.600398712,90.57706170108023,90.5048270314382,73.70884493682877,73.41523292197493,72.62781439805367,75.4023934067582,71.57877856693044,73.11840044682516,902.887,903.723,653.342,636.07,656.813,651.272,648.954,654.188
streamweave,1783624986.5825357,17957.400079741,,,,,,,,,,,,,,,,
streamweave,1783624986.7845066,17957.602050669,87.36038617971523,86.85379206537985,67.3827131822084,77.34762160518129,72.52162846108324,77.82859676699874,74.34760109725204,70.40528037486465,625.975,627.746,523.126,467.496,538.019,503.495,517.217,510.678
streamweave,1783625001.5821838,17972.399727949,,,,,,,,,,,,,,,,
streamweave,1783625001.782509,17972.60005298,86.0553076998206,86.93301392612233,68.17034498327241,73.17534797677101,69.93864420694058,69.543569368814,68.20987532439145,68.499843906192,906.727,891.446,592.676,629.481,628.59,618.06,575.5,590.891
streamweave,1783625016.5822172,17987.399761324,,,,,,,,,,,,,,,,
streamweave,1783625016.7828338,17987.600377822,92.37751027702183,89.50989204191764,66.47581613562245,69.63940125087562,74.18530771839154,71.25674182720881,70.09979806752425,68.77785490967003,904.6,913.184,512.194,485.996,494.439,514.757,470.82,506.25
streamweave,1783625031.5827985,18002.400342521,,,,,,,,,,,,,,,,
streamweave,1783625031.7833202,18002.600864227,0.5356879699475529,0.00032481586084813735,68.8994764207949,70.81706104873284,68.42647433198793,69.21760334590145,69.44542131005065,68.31181312415785,249.835,246.712,581.869,603.744,590.382,604.655,597.511,591.196
streamweave,1783625046.5826147,18017.40015868,,,,,,,,,,,,,,,,
streamweave,1783625046.7832527,18017.600796811,91.34194404906148,89.4852625752917,68.3250973628777,68.99126903300042,69.47847664134883,68.58250637259921,69.01498381697326,68.29934046699555,714.376,691.023,604.866,595.519,618.636,585.313,597.924,573.498
streamweave,1783625061.5828793,18032.400423415,,,,,,,,,,,,,,,,
streamweave,1783625061.7833846,18032.600928614,85.516843852671,83.8653692889749,69.5887587545169,75.47087204903423,69.45670766708106,71.5763091277891,71.50975807720508,71.88116438710085,660.375,714.542,671.556,677.337,683.81,681.137,661.743,683.459
streamweave,1783625076.5826716,18047.400215662,,,,,,,,,,,,,,,,
streamweave,1783625076.7831438,18047.600687711,0,0,75.39997063546215,75.95250781248856,76.71671756674812,78.4880449986731,74.6845215589507,77.58584414181914,251.981,248.731,562.017,569.588,580.269,556.105,559.565,523.73
streamweave,1783625091.5823455,18062.399889371,,,,,,,,,,,,,,,,
streamweave,1783625091.7826738,18062.600217885,90.18792839745244,90.26031948051084,67.0105666383406,68.72925017931284,67.00711320130212,66.05334113745853,66.26081954653678,66.75537877244113,886.068,865.353,553.526,581.705,559.782,566.717,566.21,566.342
streamweave,1783625106.5821579,18077.399701767,,,,,,,,,,,,,,,,
streamweave,1783625106.7840674,18077.60161139,0,0,66.3684315120456,65.54692147589553,65.90387814876215,62.23646031893407,74.38263436108345,66.43293121875989,357.51,362.139,418.809,468.777,477.246,418.196,465.401,453.207
streamweave,1783625121.5823655,18092.399909554,,,,,,,,,,,,,,,,
streamweave,1783625121.7828393,18092.600383355,41.84797162889335,41.80160101161741,68.52274777364407,67.90189065091306,68.75846794078375,67.48617429214252,65.8179604542702,65.68866110758495,899.554,895.653,593.138,576.64,595.213,596.266,563.846,561.585
streamweave,1783625136.582846,18107.400390037,,,,,,,,,,,,,,,,
streamweave,1783625136.7833066,18107.600850648,88.5950164084005,87.98216498072661,72.7817185162659,74.91142799201054,72.36718225243266,72.85343668746991,73.25030690262537,73.36872366251761,901.974,867.605,629.282,633.89,642.125,638.914,636.093,643.318
streamweave,1783625151.5826018,18122.400145832,,,,,,,,,,,,,,,,
streamweave,1783625151.7830822,18122.600626343,85.76672112306521,85.6488042451728,70.62068116360689,67.5248676071183,71.03682745481741,70.00912921561726,65.86663535190189,72.62524470134716,893.764,891.919,656.937,622.208,670.445,661.223,624.085,653.126
streamweave,1783625166.5834258,18137.400969859,,,,,,,,,,,,,,,,
streamweave,1783625166.7843413,18137.601885373,83.31318225609463,82.59922302334505,64.8261594243818,74.67495899116386,58.27705351866301,66.60857634822214,54.87503494088539,55.6245203949037,903.384,882.055,517.702,516.921,541.624,534.741,526.851,530.931
streamweave,1783625181.582689,18152.400232957,,,,,,,,,,,,,,,,
streamweave,1783625181.7831454,18152.600689487,91.91614306671372,91.10947216937203,67.70262390849985,66.46678976875225,67.03965453186979,69.5929769684408,65.26541060078387,65.82989696373645,902.678,876.499,549.013,567.91,563.843,583.032,575.671,556.062
streamweave,1783625196.5821614,18167.399705537,,,,,,,,,,,,,,,,
streamweave,1783625196.7828104,18167.600354455,91.23812237835274,89.65785003740105,75.5302357897957,76.60295711446572,74.90876640236455,77.79084996974596,76.3727848028699,75.59723219820698,864.219,823.941,658.646,655.017,672.411,675.934,662.8,670.557
streamweave,1783625211.5819986,18182.399542694,,,,,,,,,,,,,,,,
streamweave,1783625211.7823703,18182.599914397,81.04999764597537,86.13908465437993,62.33287922565711,60.216587488577744,60.99996630988368,61.743750142628386,65.8936027202048,0,867.137,874.025,514.411,524.752,523.385,523.937,544.417,242.945
streamweave,1783625226.5827527,18197.400296775,,,,,,,,,,,,,,,,
streamweave,1783625226.7835052,18197.601049099,93.19591226273937,92.53174959436538,75.72002575573669,73.58568923099395,73.01192428419814,76.22966920047264,74.98885148928582,74.80827855377564,863.463,854.245,664.377,666.941,678.578,678.294,666.838,665.921
streamweave,1783625241.5828035,18212.400347533,,,,,,,,,,,,,,,,
streamweave,1783625241.7833369,18212.600880838,88.62069038178964,86.04967229078186,71.79036555224027,74.31559736661764,74.78031314750712,74.43806207749137,65.77918849270777,71.25594221553993,842.651,855.674,649.6,656.729,673.192,671.394,643.036,678.65
streamweave,1783625256.5826433,18227.400187309,,,,,,,,,,,,,,,,
streamweave,1783625256.7834811,18227.601025033,89.69084917585761,84.63097354665187,66.63228201472572,66.72373194784588,68.4019432928452,69.02478927487952,70.44853876397443,68.05607753610533,910.384,886.386,580.327,571.818,611.819,605.95,622.186,591.631
streamweave,1783625271.5821502,18242.399694314,,,,,,,,,,,,,,,,
streamweave,1783625271.788166,18242.605710123,0,0,57.51937178953847,0,0,0,0,56.6454680260026,374.728,369.647,508.897,241.283,244.847,244.033,242.334,514.376
streamweave,1783625286.5818336,18257.399377533,,,,,,,,,,,,,,,,
streamweave,1783625286.7827215,18257.600265493,91.37206358264056,89.27002911956386,70.00857796817012,70.54594959869782,70.6788531483116,71.6384117987208,73.08911422207073,70.70761101502329,899.901,878.831,646.484,650.758,654.539,645.68,646.107,640.396
streamweave,1783625301.582088,18272.399631929,,,,,,,,,,,,,,,,
streamweave,1783625301.782564,18272.600107841,0,0,77.265699305762,77.58811143383038,77.14078185389177,77.55267012928864,76.82652092579298,77.93366422746418,251.904,248.791,664.78,661.292,675.149,668.763,666.424,677.159
streamweave,1783625316.58253,18287.400073906,,,,,,,,,,,,,,,,
streamweave,1783625316.7832305,18287.600774661,94.27198673205785,91.28254167442952,59.73780396098434,55.97542419602777,58.95156472027473,56.38204343613755,0,56.07812944386757,919.904,907.341,523.717,500.237,516.647,517.432,242.16,515.241
streamweave,1783625331.582205,18302.399749167,,,,,,,,,,,,,,,,
streamweave,1783625331.7825718,18302.60011582,0,0,71.57061938237574,81.4281748575887,71.54476605552625,82.89565281716649,82.61220254284054,84.51533418110249,246.864,243.637,719.624,799.226,716.822,797.603,783.122,810.536
streamweave,1783625346.5821407,18317.399684588,,,,,,,,,,,,,,,,
streamweave,1783625346.784017,18317.601560975,0,0,57.72467832854255,0,63.28447550133948,57.5754852200611,60.97723803599213,57.91693638703761,246.085,242.711,513.442,242.286,536.306,524.632,519.44,525.249
streamweave,1783625361.5824525,18332.399996563,,,,,,,,,,,,,,,,
streamweave,1783625361.7828107,18332.600354784,0,0,80.13083318729423,81.46324364540571,81.55481770328461,80.8640556278904,80.0540258316311,81.5750571109015,245.657,242.325,771.743,796.827,808.071,795.245,782.58,784.717
streamweave,1783625376.58255,18347.400093958,,,,,,,,,,,,,,,,
streamweave,1783625376.7845104,18347.602054348,0,0,73.19580069515887,73.07220460376529,69.40772053034401,67.08698359268271,70.02916087191623,72.69126528727153,245.264,241.968,631.844,639.236,611.917,591.465,615.234,652.836
streamweave,1783625391.5819848,18362.399528861,,,,,,,,,,,,,,,,
streamweave,1783625391.7824636,18362.600007492,0,0,63.8892741546045,0,0,0,0,0,245.164,241.768,521.877,241.28,245.142,243.764,241.498,242.803
streamweave,1783625406.5820425,18377.399586437,,,,,,,,,,,,,,,,
streamweave,1783625406.7829053,18377.600449403,0,0,82.30936388038094,81.36774364721478,80.17299304788172,82.00362801380375,81.92544571618338,80.0220127223479,245.016,241.709,778.631,782.98,783.119,804.959,782.052,811.147
streamweave,1783625421.5825837,18392.400127577,,,,,,,,,,,,,,,,
streamweave,1783625421.7876313,18392.605175392,0,0,67.0099600465477,71.91080398313566,68.58051951083036,71.19592682118069,70.69025673882311,69.56085200415565,245.144,241.64,582.831,605.588,596.482,632.668,615.836,605.516
streamweave,1783625436.582573,18407.400116986,,,,,,,,,,,,,,,,
streamweave,1783625436.7833073,18407.600851275,0,0,0,65.69072028617012,0,0,0,0,245.09,241.585,240.373,555.863,246.868,244.891,241.503,243.028
streamweave,1783625451.5821376,18422.399681634,,,,,,,,,,,,,,,,
streamweave,1783625451.7823148,18422.599858782,0,0,0,0,0,0,0,0,245.064,241.683,239.34,240.179,244.55,243.02,239.851,242.07
streamweave,1783625466.58262,18437.400163929,,,,,,,,,,,,,,,,
streamweave,1783625466.7832596,18437.60080355,0,0,0,0,0,0,0,0,244.868,241.624,238.844,239.378,243.577,242.075,239.382,241.565
streamweave,1783625481.582135,18452.399679054,,,,,,,,,,,,,,,,
streamweave,1783625481.7836058,18452.601149901,0,0,0,0,0,0,0,0,245.221,241.938,238.527,239.02,243.211,241.714,239.108,241.129
streamweave,1783625496.582191,18467.39973488,,,,,,,,,,,,,,,,
streamweave,1783625496.786409,18467.603952955,84.32320262206393,84.36163754541153,70.85901599396462,67.96939857032903,70.5531788654603,66.0680124264219,70.51303992742827,68.52644755390168,902.234,895.053,642.092,633.736,659.88,626.204,646.987,644.995
streamweave,1783625511.5822353,18482.399779415,,,,,,,,,,,,,,,,
streamweave,1783625511.78255,18482.600094181,84.66992070566343,79.64465507778222,59.41426680882454,0,59.09282746847556,56.08006830607383,62.70838013715079,0,878.376,864.544,509.442,240.904,524.245,516.9,524.609,243.069
streamweave,1783625526.5826666,18497.400210537,,,,,,,,,,,,,,,,
streamweave,1783625526.7836142,18497.601158043,27.291178390257947,18.298670501637716,71.53150644784952,69.74738318044366,73.31447197597053,68.06621839900741,69.58337250935355,65.48445796813773,622.785,632.727,642.001,632.113,646.93,630.729,641.974,640.831
streamweave,1783625541.5826287,18512.400172837,,,,,,,,,,,,,,,,
streamweave,1783625541.7831364,18512.600680413,91.1311000646738,90.3336418388691,76.57920824680285,77.72488364352263,77.60156404276918,77.61089398108238,77.65539622803,77.06801589574766,860.931,849.335,671.869,674.917,686.691,684.719,674.193,677.783
streamweave,1783625556.5821807,18527.399724802,,,,,,,,,,,,,,,,
streamweave,1783625556.7829635,18527.6005074,90.2242313289351,83.40831805257125,60.07608789722052,0,55.71566646127201,55.987257721669046,0,58.983570457379564,878.255,885.571,511.355,240.677,511.676,513.942,310.856,516.606
streamweave,1783625571.582618,18542.400162075,,,,,,,,,,,,,,,,
streamweave,1783625571.8029113,18542.620455258,0,0,75.42909173788887,75.71654743491914,75.55597314132874,75.10867176463763,75.25550477841527,75.50923347742383,248.325,245.238,668.01,665.11,671.701,664.208,662.914,671.723
streamweave,1783625586.5827646,18557.400308572,,,,,,,,,,,,,,,,
streamweave,1783625586.783649,18557.601192946,84.00830188573764,81.44075377314599,0,56.31608801945266,0,56.98634554295232,0,0,896.932,895.743,239.762,510.273,246.907,519.323,240.264,242.455
streamweave,1783625601.5824692,18572.400013156,,,,,,,,,,,,,,,,
streamweave,1783625601.782977,18572.600521206,91.84691153193964,90.1845606986534,76.06782178253314,74.43081875767463,76.88536403023333,74.79698520185353,76.1351638505074,69.59143906620598,591.658,620.113,663.148,663.491,670.722,657.13,670.193,660.509
streamweave,1783625616.5828116,18587.400355546,,,,,,,,,,,,,,,,
streamweave,1783625616.784805,18587.602349072,47.48152073672679,50.538640769962406,55.76236707271962,60.69273828405435,59.79090514880666,61.44474495357408,60.00405275404886,65.42973673705116,250.206,246.983,505.523,523.26,535.884,530.186,525.072,542.776
streamweave,1783625631.5818334,18602.399377326,,,,,,,,,,,,,,,,
streamweave,1783625631.7822785,18602.599822583,90.21841269787433,88.79537207015353,68.33599377042758,67.34159896264896,69.15890054933855,72.14721286885494,69.38923633919147,69.1551313476499,897.048,898.654,584.284,583.984,614.666,639.223,608.086,608.273
streamweave,1783625646.5826406,18617.40018467,,,,,,,,,,,,,,,,
streamweave,1783625646.8259356,18617.643479484,92.49810237737728,89.7925638423736,70.1177958037026,64.9408343512811,69.76865360404364,71.0159288362681,70.21015741730936,65.86252602552268,905.268,904.615,644.393,645.855,660.929,648.796,641.173,626.599
streamweave,1783625661.5823705,18632.399914535,,,,,,,,,,,,,,,,
streamweave,1783625661.7827919,18632.600335821,84.78767562273475,84.50646323925861,75.13952375522811,75.06071015798135,74.21987654869062,76.66704897742304,70.67909638072288,72.34755335373436,893.188,884.556,652.174,656.158,664.66,647.562,647.141,663.448
streamweave,1783625676.5825944,18647.40013848,,,,,,,,,,,,,,,,
streamweave,1783625676.7832704,18647.600814388,90.9607253983079,89.08413541584396,57.239689029134865,55.19311813814877,61.897675693250044,25.559088005620477,58.633880041913244,0,916.09,910.878,505.119,515.183,540.494,498.92,511.443,335.803
streamweave,1783625691.5821602,18662.399704279,,,,,,,,,,,,,,,,
streamweave,1783625691.782574,18662.600117994,91.14314584962162,89.57734617643214,73.06511338048091,73.97656900347295,73.04294905848582,73.5631234916872,72.97641859391581,72.85003917796337,905.174,913.026,631.177,636.009,638.665,644.474,636.445,644.303
streamweave,1783625706.5827212,18677.400265143,,,,,,,,,,,,,,,,
streamweave,1783625706.7835467,18677.601090686,89.71264623623686,89.79844941933516,68.09677049067379,71.9477799740911,71.3915979738404,68.51969879884075,71.55800239681867,71.40031870749068,894.817,868.483,645.902,654.572,657.991,660.938,645.081,655.309
streamweave,1783625721.5821164,18692.39966029,,,,,,,,,,,,,,,,
streamweave,1783625721.7824216,18692.599965683,83.82371580008233,83.73426362484301,55.84527249619011,0,0,0,0,0,874.577,869.908,505.776,241.046,463.211,244.247,240.892,242.738
streamweave,1783625736.5821056,18707.399649667,,,,,,,,,,,,,,,,
streamweave,1783625736.8007066,18707.618250671,91.8598449348041,92.088319401425,70.28113038987875,70.29842266443744,69.28304404583815,77.14974745677637,64.26749821681787,72.24985020004125,903.89,901.872,658.869,663.624,669.227,675.397,662.696,663.328
streamweave,1783625751.582272,18722.39981599,,,,,,,,,,,,,,,,
streamweave,1783625751.7827165,18722.600260571,89.83381218249703,86.82344119703075,73.08323296357136,73.86300164683192,73.31893226455882,73.22253169983995,73.23582762563777,72.84270571198134,875.038,864.896,632.962,640.021,644.137,644.924,632.757,639.528
streamweave,1783625766.581993,18737.399537089,,,,,,,,,,,,,,,,
streamweave,1783625766.7822788,18737.599822784,86.69679549355142,85.69471579580924,0,0,0,56.82249195627331,0,0,901.052,887.725,239.901,240.07,244.882,514.395,240.969,242.326
streamweave,1783625781.582885,18752.400429112,,,,,,,,,,,,,,,,
streamweave,1783625781.7832317,18752.600775838,81.55081175880743,79.92777110827907,72.08823647202844,74.20804753373592,72.55519516812538,74.52524033852077,74.85539610846868,73.64437587540775,902.502,880.948,630.351,636.578,646.624,655.768,645.44,650.57
streamweave,1783625796.5819097,18767.399453696,,,,,,,,,,,,,,,,
streamweave,1783625796.782423,18767.599967112,91.67794625506993,90.37909088434706,74.31449113729488,75.83942436389297,74.22619963445146,74.6132070212316,75.32202070759298,75.38520689853762,838.532,847.351,648.584,656.429,648.095,660.38,651.767,665.304
streamweave,1783625811.5827472,18782.400291128,,,,,,,,,,,,,,,,
streamweave,1783625811.783183,18782.600727107,83.64802396037508,90.51519974506229,0,65.75272659603647,56.498999580773656,0,0,0,876.817,878.295,239.943,530.674,515.405,244.728,240.194,242.994
streamweave,1783625826.5822005,18797.399744607,,,,,,,,,,,,,,,,
streamweave,1783625826.7826943,18797.600238437,91.21915504269556,90.11711003883444,67.29867604938678,64.56625463439163,69.71218839495322,57.86536813784681,66.1830541387287,70.49540015880729,864.457,845.358,646.289,642.136,654.994,650.412,653.601,645.356
streamweave,1783625841.582765,18812.400309077,,,,,,,,,,,,,,,,
streamweave,1783625841.7832913,18812.600835335,90.97017955069991,89.56750510872132,75.22594238656761,75.39977835483234,72.83471228697253,72.20110066443378,73.37553182791099,74.52201324962677,930.145,908.031,664.218,664.822,678.25,677.237,656.24,677.637
streamweave,1783625856.582272,18827.399815991,,,,,,,,,,,,,,,,
streamweave,1783625856.7826195,18827.600163559,0,0,63.440505883779686,64.91841970439114,62.436824764680054,66.01138949807012,55.48780140583608,64.70573808140009,724.898,707.209,523.163,531.12,530.62,548.205,506.654,540.942
streamweave,1783625871.5827532,18842.400297069,,,,,,,,,,,,,,,,
streamweave,1783625871.7831318,18842.600675944,92.48517904121994,89.71783456196331,74.53334819331316,74.64699409058649,74.81029756491098,75.16894553441426,74.27667310819359,74.63619308203177,908.02,879.832,639.542,651.372,659.133,656.333,638.889,660.756
streamweave,1783625886.582337,18857.399880832,,,,,,,,,,,,,,,,
streamweave,1783625886.7827694,18857.600313367,94.76043028394983,88.90494084401598,57.78435849772801,61.51698105308249,0,61.12978425752006,57.21466832879592,64.73820980657507,446.625,449.839,508.61,520.467,466.51,522.893,509.817,536.095
streamweave,1783625901.582208,18872.399751944,,,,,,,,,,,,,,,,
streamweave,1783625901.7825592,18872.600103203,0,0,73.53661306721058,74.83105070222402,73.32737197814319,72.68454646880352,72.26720006932712,73.00311384705984,515.326,481.134,628.274,639.948,647.362,633.79,617.076,636.657
streamweave,1783625916.5826426,18887.400186578,,,,,,,,,,,,,,,,
streamweave,1783625916.7835088,18887.601052859,92.04961205417409,89.96433664608855,76.93919407325134,76.44358359286977,74.56238077131218,76.63440586886102,75.50522359848158,75.71692332851615,904.577,917.763,652.7,662.058,653.238,664.822,653.006,660.035
streamweave,1783625931.582082,18902.39962609,,,,,,,,,,,,,,,,
streamweave,1783625931.7825284,18902.600072431,0,0,77.15685650234828,77.52568428421216,74.09539673728251,81.78647698081369,76.58535570545162,76.24471790520514,247.907,244.598,773.821,782.463,755.606,814.669,772.65,478.88
streamweave,1783625946.5820482,18917.399592291,,,,,,,,,,,,,,,,
streamweave,1783625946.7824297,18917.599973644,0,0,65.7654305951133,71.79831733183566,69.96815689955913,65.91047937107881,65.90911982418474,69.52093374016921,246.418,243.021,578.342,618.061,630.186,582.488,584.796,649.05
streamweave,1783625961.5826209,18932.400164908,,,,,,,,,,,,,,,,
streamweave,1783625961.7829063,18932.600450266,0,0,0,0,62.658139323823704,0,64.20120124999235,0,245.686,242.417,240.531,240.762,530.993,244.583,525.272,242.779
streamweave,1783625976.5819774,18947.399521304,,,,,,,,,,,,,,,,
streamweave,1783625976.7824118,18947.599955756,0,0,86.82353007976464,87.95212597048085,87.68207263589345,87.27871915345598,85.94161192001756,89.23630126397416,245.509,242.107,620.955,815.959,823.25,372.012,799.864,829.998
streamweave,1783625991.5824819,18962.400025861,,,,,,,,,,,,,,,,
streamweave,1783625991.7827966,18962.600340513,0,0,67.24977100713133,60.728766339519794,60.930763128479136,64.4308473707926,61.14290071006177,67.32769927084951,245.195,241.909,537.842,517.567,525.046,541.155,519.139,555.826
streamweave,1783626006.5825765,18977.400120423,,,,,,,,,,,,,,,,
streamweave,1783626006.7842083,18977.601752189,0,0,81.34556823717354,80.62441619300233,81.64608249354443,80.22817055185732,71.25947479195109,80.91663443101169,245.146,241.708,798.658,779.358,806.859,792.21,704.885,787.832
streamweave,1783626021.5828056,18992.400349549,,,,,,,,,,,,,,,,
streamweave,1783626021.801571,18992.619114964,0,0,75.26481316727242,82.17630037005769,76.35183315765138,77.73489294410967,79.98725026833517,77.20583198447034,244.886,241.765,730.633,735.382,747.893,739.097,759.411,751.462
streamweave,1783626036.5827706,19007.400314574,,,,,,,,,,,,,,,,
streamweave,1783626036.7831364,19007.60068034,0,0,62.39085443526551,63.0083688723242,67.27126068994458,67.11795852378205,65.17408737347608,66.98280265937505,245.056,241.531,515.41,535.372,575.399,557.628,537.775,555.855
streamweave,1783626051.5822716,19022.399815495,,,,,,,,,,,,,,,,
streamweave,1783626051.7836454,19022.601189289,0,0,0,0,0,56.92843231146759,0,57.27537469535575,244.914,241.636,240.693,358.115,357.328,518.702,303.721,516.733
streamweave,1783626066.5824344,19037.399978357,,,,,,,,,,,,,,,,
streamweave,1783626066.7825677,19037.600111724,0,0,0,0,0,0,0,0,244.949,241.621,239.069,239.498,243.893,242.498,239.687,241.887
streamweave,1783626081.5821373,19052.399681291,,,,,,,,,,,,,,,,
streamweave,1783626081.7824688,19052.600012775,0,0,0,0,0,0,0,0,244.883,241.551,238.765,239.07,243.301,241.793,239.19,241.517
streamweave,1783626096.582052,19067.399595945,,,,,,,,,,,,,,,,
streamweave,1783626096.7981448,19067.615688763,0,21.62741560307827,0,0,0,0,0,0,346.38,346.049,238.477,238.856,243.014,241.648,239.031,241.216
streamweave,1783626111.5822754,19082.399819273,,,,,,,,,,,,,,,,
streamweave,1783626111.7827256,19082.600269566,87.71403150179141,86.67487039581158,74.82671432344948,73.5312414475921,74.30796868353305,75.27373772979305,73.65249821949344,74.39160094069116,907.141,874.93,636.612,630.563,645.458,651.239,641.498,649.55
streamweave,1783626126.5824535,19097.399997464,,,,,,,,,,,,,,,,
streamweave,1783626126.7829847,19097.600528738,44.4837879353307,44.59522259277078,75.74915656843328,76.11638764997936,76.13891699993383,76.89382317829477,76.17328874370969,75.50302638187398,896.779,884.714,665.677,661.098,672.608,659.232,659.088,664.115
streamweave,1783626141.5822027,19112.399746651,,,,,,,,,,,,,,,,
streamweave,1783626141.7825062,19112.600050124,82.98695790803852,85.29263960559362,56.66154058786468,0,0,56.57418708254303,0,0,842.777,805.762,505.606,240.56,244.804,516.392,240.589,242.309
streamweave,1783626156.582602,19127.400146137,,,,,,,,,,,,,,,,
streamweave,1783626156.7842855,19127.601829481,56.364221332457035,56.47271522853588,71.70493165276747,66.07216300039984,71.84568083894229,72.0233157777783,65.719810051257,68.67028157057189,880.31,867.207,640.145,647.061,649.957,660.605,637.035,656.011
streamweave,1783626171.582421,19142.399965059,,,,,,,,,,,,,,,,
streamweave,1783626171.7828748,19142.600418881,91.17175817262222,89.06912815379808,78.03361716351155,76.93662757956461,75.03329603044155,76.29724468785247,77.0783514192989,77.45720648116709,851.838,849.098,662.061,672.535,674.486,678.441,671.621,677.42
streamweave,1783626186.5823467,19157.399890772,,,,,,,,,,,,,,,,
streamweave,1783626186.7826667,19157.600210793,0,0,55.684022577246786,55.58395075611256,0,0,58.36056363371891,0,254.505,250.076,420.142,425.251,245.684,244.368,449.537,242.795
streamweave,1783626201.5827053,19172.400249142,,,,,,,,,,,,,,,,
streamweave,1783626201.7831626,19172.600706629,87.78872447189246,88.16043108470085,74.43995038775559,74.34427140196202,74.41580174671424,74.88601860689229,74.75395944731045,74.53541068876194,901.066,898.956,645.275,639.646,662.254,664.686,654.925,661.521
streamweave,1783626216.5825114,19187.400055466,,,,,,,,,,,,,,,,
streamweave,1783626216.7829852,19187.60052918,55.34106570428317,57.83249955828362,70.74898229342871,74.67527119777115,68.4412507013899,70.71460730225158,72.41930610901031,69.32885578067422,264.33,275.265,649.49,652.023,649.976,645.356,652.436,646.95
streamweave,1783626231.582159,19202.39970316,,,,,,,,,,,,,,,,
streamweave,1783626231.7825408,19202.600084684,0,0,0,0,0,0,0,56.08690199300853,904.166,870.614,240.585,240.901,245.23,243.268,240.577,516.525
streamweave,1783626246.5821135,19217.399657455,,,,,,,,,,,,,,,,
streamweave,1783626246.796096,19217.61364014,90.24593835489713,89.5686203967934,70.01921192184038,72.19798205793249,70.46468072691363,69.65002691911947,73.5142467155594,73.56616757617319,917.218,909.726,647.718,649.726,659.413,658.034,645.7,654.53
streamweave,1783626261.5827212,19232.400265238,,,,,,,,,,,,,,,,
streamweave,1783626261.7832797,19232.600823606,91.95055734130946,89.64546818317302,73.89122531923313,73.41313062931884,75.98172484802251,75.68947702652892,74.732354631175,75.98572365216255,925.039,895.038,660.281,665.277,667.146,668.24,666.756,668.399
streamweave,1783626276.58237,19247.399913983,,,,,,,,,,,,,,,,
streamweave,1783626276.7827246,19247.600268515,0,0,0,64.88661571789812,0,61.92895695032846,58.93590186851407,55.366456066002954,252.365,250.971,240.838,439.561,247.135,447.887,439.209,410.211
streamweave,1783626291.5824583,19262.400002263,,,,,,,,,,,,,,,,
streamweave,1783626291.7829354,19262.600479496,91.06376828595334,89.0626856250588,73.42370958834837,75.05026169457811,74.50340045470405,73.07969482373441,72.99750927938099,72.7283902606462,901.346,892.75,630.405,637.495,647.863,642.265,638.607,644.303
streamweave,1783626306.582326,19277.399869967,,,,,,,,,,,,,,,,
streamweave,1783626306.782808,19277.600352118,90.07895189711192,88.21835179380878,72.07773847818869,68.60376273430222,69.03714696693545,70.75831460737926,68.40675771370957,72.53813693965343,871.473,862.858,640.081,650.236,657.687,650.335,649.897,641.045
streamweave,1783626321.582421,19292.399964963,,,,,,,,,,,,,,,,
streamweave,1783626321.7918637,19292.609407732,0,0,0,55.33958778411932,0,55.805671398548405,0,55.77122302546089,250.696,247.274,240.235,506.141,246.544,515.966,241.075,520.092
streamweave,1783626336.5826783,19307.400222352,,,,,,,,,,,,,,,,
streamweave,1783626336.783135,19307.600679045,91.77808895909907,88.8803753637782,70.492257323491,72.0910237451491,70.60946308946733,68.43739995362519,71.66139268596541,70.90956464761258,874.768,867.227,639.767,649.063,665.488,653.379,651.235,644.545
streamweave,1783626351.5822995,19322.399843401,,,,,,,,,,,,,,,,
streamweave,1783626351.7824492,19322.599993324,91.14669029693005,89.58157748218848,72.80126264370826,73.18839952927975,73.30709371165916,72.97065580598873,73.54956978081229,72.41591195320264,860.503,852.241,632.82,640.09,645.936,645.411,637.692,650.754
streamweave,1783626366.5828898,19337.400433713,,,,,,,,,,,,,,,,
streamweave,1783626366.783213,19337.600756996,0,0,0,0,60.9186861838527,0,57.55243701593904,0,262.363,261.6,247.348,246.367,320.81,249.123,313.894,249.614
streamweave,1783626381.5823777,19352.399921692,,,,,,,,,,,,,,,,
streamweave,1783626381.782855,19352.600399056,93.03660859925148,84.71335737023149,75.24585745508907,75.38075804105122,75.35953110947669,74.43264926468939,74.08793082724763,75.02640282351372,892.934,895.19,649.925,650.924,660.23,651.26,641.42,646.093
streamweave,1783626396.582741,19367.400284954,,,,,,,,,,,,,,,,
streamweave,1783626396.783242,19367.600786004,0,0,74.43473283948329,73.84359225750326,69.98215284623804,73.77370520419113,72.93511576027402,71.566218951299,498.245,478.386,655.106,671.424,661.06,686.001,655.581,659.072
streamweave,1783626411.582113,19382.399657005,,,,,,,,,,,,,,,,
streamweave,1783626411.78236,19382.599904029,91.00479314669482,90.29589983055469,11.392266527081901,61.095953140285744,63.41394927343506,0,64.90570228918,59.34251874179952,908.606,920.526,502.646,524.634,538.892,245.163,536.002,515.947
streamweave,1783626426.5820284,19397.399572438,,,,,,,,,,,,,,,,
streamweave,1783626426.7824972,19397.600041225,87.89214467609308,85.78462540631342,73.2573402157012,70.94176589379664,74.05762180502347,73.64963110106432,72.75604739874278,71.5919028662049,889.689,890.458,636.372,653.076,672.962,666.199,653.75,644.06
streamweave,1783626441.5822775,19412.39982156,,,,,,,,,,,,,,,,
streamweave,1783626441.782724,19412.600267785,0,0,77.12907316268955,72.38509620948764,74.95684853635466,77.5530735909287,73.54506376857427,72.24985954668684,251.601,248.19,658.009,643.572,659.661,665.149,650.251,650.521
streamweave,1783626456.5821092,19427.399653205,,,,,,,,,,,,,,,,
streamweave,1783626456.782459,19427.600002975,0,0,0,0,0,0,0,0,717.355,667.529,440.492,450.26,439.196,444.463,427.281,438.801
streamweave,1783626471.582829,19442.400372972,,,,,,,,,,,,,,,,
streamweave,1783626471.7833285,19442.600872566,80.26906604466095,80.0829657460878,74.72112958626033,74.4650354935923,74.3223468178864,74.91885870618478,73.86391404766837,74.01627684525425,893.32,889.413,650.847,656.026,669.435,654.843,649.499,662.208
streamweave,1783626486.5823493,19457.399893344,,,,,,,,,,,,,,,,
streamweave,1783626486.782809,19457.600352939,90.85063029810689,84.93461719332073,0,56.82324031978933,0,61.09381131562881,0,0,882.995,893.716,239.809,511.797,245.236,525.567,240.695,311.424
streamweave,1783626501.5824692,19472.400013137,,,,,,,,,,,,,,,,
streamweave,1783626501.782826,19472.600369879,91.6579506806342,88.7553921873438,74.75067707467862,74.07564403765798,73.34269989147113,74.60476344195095,74.17018886664579,74.78777044546526,914.618,901.269,632.333,633.193,638.881,653.918,641.585,652.825
streamweave,1783626516.5820603,19487.399604449,,,,,,,,,,,,,,,,
streamweave,1783626516.7825031,19487.600047189,87.72327355521021,84.60058300696434,69.77886987577176,72.58226162434427,67.78016654374382,73.21350520529583,71.8814430406604,73.99964795704072,912.435,898.133,655.796,654.836,670.697,671.421,646.601,664.333
streamweave,1783626531.5827239,19502.40026775,,,,,,,,,,,,,,,,
streamweave,1783626531.783002,19502.600545833,12.770994177519187,14.949168225197479,73.07863365317493,72.44939955978215,68.46173973986674,60.39941086903288,72.2191625358494,74.1717736456485,251.419,248.012,559.343,568.275,572.4,501.504,567.505,564.286
streamweave,1783626546.5822084,19517.399752457,,,,,,,,,,,,,,,,
streamweave,1783626546.78369,19517.601233948,87.29638555185124,87.19353030164967,69.56175650127017,72.59270302136851,72.28081267269707,72.65598231729325,68.31792470482557,70.09068257745797,895.405,888.046,614.537,635.055,626.286,646.599,597.145,609.162
streamweave,1783626561.582167,19532.399710985,,,,,,,,,,,,,,,,
streamweave,1783626561.7850835,19532.602627647,0,0,74.71451360301778,76.51650917692633,73.83205861652107,73.37641716321994,74.14344296200386,77.64173532199646,247.447,244.068,735.328,772.576,760.796,743.388,725.129,747.609
streamweave,1783626576.5822108,19547.399754871,,,,,,,,,,,,,,,,
streamweave,1783626576.7825353,19547.600079397,0,0,65.79591293157871,67.97528275664288,62.0047043361116,66.93738850573592,66.28291444545157,66.61622000530927,246.244,242.853,567.166,568.12,536.891,570.864,558.808,564.682
streamweave,1783626591.582816,19562.400359889,,,,,,,,,,,,,,,,
streamweave,1783626591.7833686,19562.600912547,0,0,0,0,0,0,0,0,245.797,242.377,406.69,240.589,244.375,244.798,241.028,242.915
streamweave,1783626606.5827997,19577.400343739,,,,,,,,,,,,,,,,
streamweave,1783626606.7833574,19577.600901348,0,0,83.71050141956458,85.58660695583303,88.23038475014503,83.85011749244038,81.96592665633041,88.59576914422834,245.194,242.087,796.12,821.916,843.435,805.126,819.924,846.158
streamweave,1783626621.5823698,19592.399913808,,,,,,,,,,,,,,,,
streamweave,1783626621.7827477,19592.600291857,0,0,65.34594110517735,62.781760591136226,60.564005205082125,62.056022266498665,61.06047121281287,60.76173023038307,245.306,241.874,532.572,532.25,524.19,528.317,519.436,523.276
streamweave,1783626636.582687,19607.400231017,,,,,,,,,,,,,,,,
streamweave,1783626636.7831187,19607.600662707,0,0,81.33595677556643,81.35929360297585,81.62600394255252,81.08908993858583,72.35845904329689,81.22222008600528,245.048,241.898,789.994,800.936,809.173,807.453,738.759,795.674
streamweave,1783626651.5825794,19622.400123429,,,,,,,,,,,,,,,,
streamweave,1783626651.783088,19622.600631885,0,0,77.28335413691954,73.94384887166754,73.87323782858795,75.41919670690545,82.74123596368537,76.53164084705533,245.198,241.783,734.711,725.217,735.117,739.882,794.075,747.977
streamweave,1783626666.5822623,19637.399806357,,,,,,,,,,,,,,,,
streamweave,1783626666.7823963,19637.599940267,0,0,67.79778921061704,62.17767335008128,67.458565153866,57.389168595436615,66.93284287163227,57.52153801407709,245.141,241.535,553.688,525.114,560.374,522.153,548.762,526.574
streamweave,1783626681.582163,19652.399706986,,,,,,,,,,,,,,,,
streamweave,1783626681.7826567,19652.600200604,0,0,0,25.310692253550883,0,0,0,0,244.965,241.581,280.095,512.418,245.436,453.049,241.085,243.333
streamweave,1783626696.5820081,19667.399552202,,,,,,,,,,,,,,,,
streamweave,1783626696.7822607,19667.599804663,0,0,0,0,0,0,0,0,244.838,241.696,239.124,239.503,243.776,242.442,239.629,241.697
streamweave,1783626711.582042,19682.399585869,,,,,,,,,,,,,,,,
streamweave,1783626711.7823527,19682.599896678,0,0,0,0,0,0,0,0,244.928,241.606,238.787,239.058,243.327,241.838,239.129,241.301
streamweave,1783626726.5828052,19697.400349241,,,,,,,,,,,,,,,,
streamweave,1783626726.7888913,19697.606435401,87.45431647291997,84.20971357944822,75.03778617590844,78.31286490657774,73.54464576008151,77.45006008634371,77.58789874163858,76.84325903971403,595.53,612.246,661.002,655.316,670.878,675.055,663.265,670.322
streamweave,1783626741.581952,19712.399496135,,,,,,,,,,,,,,,,
streamweave,1783626741.7823822,19712.599926218,91.59356642855472,89.8714932501782,65.61383769613187,65.49277165711716,65.78986080841534,66.45609062318579,66.08452786852507,65.94698782167382,913.68,885.305,556.051,572.55,569.399,556.874,561.543,559.464
streamweave,1783626756.582803,19727.400346916,,,,,,,,,,,,,,,,
streamweave,1783626756.7832105,19727.600754465,82.58795583748359,80.69036509285527,77.85291464054251,77.8789797845517,75.5023714244413,77.7627611870839,76.60493456892178,76.55067536073904,923.418,907.624,664.146,664.845,670.246,672.024,665.684,671.82
streamweave,1783626771.5828295,19742.400373483,,,,,,,,,,,,,,,,
streamweave,1783626771.7832406,19742.600784668,0.0009441478964555207,0.36281361446971233,67.44054239741489,66.54672551188561,64.88760204236293,66.77934521142143,65.32295210823594,68.20272988240107,249.158,245.999,571.231,569.233,583.977,577.545,580.482,581.148
streamweave,1783626786.582733,19757.400276879,,,,,,,,,,,,,,,,
streamweave,1783626786.7831383,19757.600682314,90.38022682145001,89.14380013416886,60.47375149795432,55.632145208675055,0,64.30097899644919,0,57.46928853106637,906.734,884.261,520.929,512.729,441.109,541.884,423.048,521.495
streamweave,1783626801.5823436,19772.399887644,,,,,,,,,,,,,,,,
streamweave,1783626801.7853444,19772.602888277,82.20923077569647,89.81396428044614,72.982459764265,74.14148364802476,69.68386512142152,69.4460076067408,68.75372075452134,67.18322302412231,699.904,690.888,644.187,648.115,641.871,642.615,638.562,652.556
streamweave,1783626816.5822475,19787.399791462,,,,,,,,,,,,,,,,
streamweave,1783626816.7824984,19787.600042346,0,0,0,0,0,0,0,0,499.065,489.276,327.752,334.342,325.569,333.873,325.195,310.177
streamweave,1783626831.5819588,19802.399502671,,,,,,,,,,,,,,,,
streamweave,1783626831.7824209,19802.599964762,92.07617791443894,90.46070687545264,72.14000296800049,68.88557773109726,68.75916836868797,73.00234004535008,75.1994091678037,72.40787858411949,872.674,886.787,635.203,631.544,656.551,649.417,657.605,652.342
streamweave,1783626846.582051,19817.399595011,,,,,,,,,,,,,,,,
streamweave,1783626846.782516,19817.600059966,86.5324134484178,79.6352084756714,76.19672963339798,74.49829296856021,74.26097199655781,78.5507370139474,75.48180698708212,76.74687095666661,867.253,870.887,653.317,665.017,678.322,678.543,668.204,673.741
streamweave,1783626861.5826013,19832.400145251,,,,,,,,,,,,,,,,
streamweave,1783626861.783131,19832.60067487,90.54102810990669,90.54991101474906,66.16390493951047,65.76612555929209,65.56303837967893,66.32912963988011,65.96282303183004,65.08202016306878,930.499,911.854,559.254,568.368,586.785,557.075,550.419,563.646
streamweave,1783626876.5826983,19847.400242349,,,,,,,,,,,,,,,,
streamweave,1783626876.7831588,19847.600702874,93.91205168365812,92.11408356590546,75.0422055873748,75.17730928906006,74.26397334539098,74.64353497986372,74.43027487983406,72.46716677519966,899.385,874.549,650.5,652.46,650.687,658.199,640.703,643.332
streamweave,1783626891.5825913,19862.40013535,,,,,,,,,,,,,,,,
streamweave,1783626891.7831364,19862.600680302,14.016599500680119,0,68.66544505553296,71.25117072397948,74.2642622537889,68.55312744367048,62.06183847741744,69.20028269885067,250.354,247.006,649.447,660.369,657.592,662.829,632.422,663.924
streamweave,1783626906.5831618,19877.400705937,,,,,,,,,,,,,,,,
streamweave,1783626906.7857273,19877.603271216,6.377566298447608,5.3311608247764655,0.8699054224349066,0.406271584078765,0.9678315937628393,0.26850754390980536,1.1181669450423901,0.5474543111196989,251.213,247.333,246.196,246.955,251.3,249.108,247.675,248.847
streamweave,1783626921.582606,19892.400149976,,,,,,,,,,,,,,,,
streamweave,1783626921.783038,19892.600581968,88.73390988253388,87.69688531202397,71.87706510686999,70.99665044556501,73.2129337672796,71.9815823556002,68.7229322414887,74.10522918987486,901.953,901.293,665.418,671.348,667.541,670.454,667.148,661.111
streamweave,1783626936.5826828,19907.400226806,,,,,,,,,,,,,,,,
streamweave,1783626936.7830932,19907.600637209,56.766134030171756,8.26395946091895,75.27853893400423,77.67397217234266,74.40526948199722,74.35636517623169,75.11750278763786,76.73170116718904,923.328,895.914,664.278,668.488,675.322,674.149,659.812,673.554
streamweave,1783626951.5826392,19922.400183131,,,,,,,,,,,,,,,,
streamweave,1783626951.7829373,19922.600481346,0,0,57.32854795227643,56.75744016623423,55.53089662256031,56.30951858547789,55.71626453584578,59.44773480131577,251.12,247.647,507.311,512.921,516.591,515.555,512.771,526.068
streamweave,1783626966.5824296,19937.399973587,,,,,,,,,,,,,,,,
streamweave,1783626966.7839158,19937.601459822,92.46234420682212,90.56850323381977,74.31946943335019,74.71253937254258,74.1711374172105,74.07126964724895,74.2773266668361,74.32102528280214,906.316,902.694,658.309,662.922,680.055,675.885,651.119,668.93
streamweave,1783626981.582843,19952.400387086,,,,,,,,,,,,,,,,
streamweave,1783626981.7833352,19952.600879262,91.46462427272758,46.71112017536555,75.0646483259492,72.2840713052413,73.92519927667168,71.91100176748854,71.38365206486787,69.51586300131535,261.899,318.9,655.455,646.609,658.82,645.781,659.885,656.499
streamweave,1783626996.5833008,19967.400844731,,,,,,,,,,,,,,,,
streamweave,1783626996.7831442,19967.600688306,92.70359433204347,90.49723350417273,56.39555194797708,58.68976546354986,55.70047119415443,0,0,58.85677930302187,908.613,884.695,506.473,511.897,518.11,244.015,241.634,516.296
streamweave,1783627011.5823014,19982.399845282,,,,,,,,,,,,,,,,
streamweave,1783627011.7827764,19982.600320263,89.39980877999112,87.87815028846148,72.9518978393115,73.61536772335826,68.9200118038249,70.91271326791743,71.22933019241667,74.04098181207956,922.634,898.615,660.936,660.531,654.014,639.643,662.804,659.348
streamweave,1783627026.5818799,19997.399423899,,,,,,,,,,,,,,,,
streamweave,1783627026.782339,19997.599882977,0,0,76.26946843614446,74.04196724215993,75.91704985603003,77.52688499677437,75.20527932817014,76.53515177165706,490.214,509.175,666.557,667.608,676.496,669.152,670.887,674.364
streamweave,1783627041.5825174,20012.400061424,,,,,,,,,,,,,,,,
streamweave,1783627041.7827995,20012.600343556,0,0,62.30460866454376,59.07104123812612,58.71983430179891,59.39897616381572,58.21326224894043,55.84694444120508,252.063,249.068,525.173,518.682,526.02,519.631,521.412,514.647
streamweave,1783627056.582052,20027.399596021,,,,,,,,,,,,,,,,
streamweave,1783627056.7824836,20027.600027551,88.69754102497363,93.27299001137376,74.4977802257398,74.25135175936806,74.61641130645148,74.52749494418292,74.49819735510775,74.49502660313628,918.416,923.04,647.985,652.048,664.359,660.387,650.392,656.641
streamweave,1783627071.5820503,20042.399594209,,,,,,,,,,,,,,,,
streamweave,1783627071.7824843,20042.600028301,0,5.4465859799253185,73.32028482937456,73.95268340487337,72.71781010240386,72.51630964268728,70.22960541364178,74.64522596428878,250.678,247.215,644.141,653.199,654.005,663.677,643.897,666.935
streamweave,1783627086.5827453,20057.400289431,,,,,,,,,,,,,,,,
streamweave,1783627086.7831702,20057.600714109,92.597034764377,90.82431810021288,63.362869062093516,66.48361528012612,62.15391765138566,56.1145008848301,62.90339973782567,64.7808892039312,892.306,899.232,524.622,540.921,531.532,512.795,526.953,534.377
streamweave,1783627101.5822737,20072.399817603,,,,,,,,,,,,,,,,
streamweave,1783627101.7827477,20072.600291695,91.68720554630337,89.50579035678831,71.05180415494168,71.90137477598695,72.62332373895018,75.00478833726383,69.97640291120393,70.93632158424315,882.303,873.452,650.985,662.676,662.695,666.574,654.153,665.308
streamweave,1783627116.5825632,20087.400107136,,,,,,,,,,,,,,,,
streamweave,1783627116.7829766,20087.600520708,0,0,77.26903224587895,77.64297253993433,74.8014969760542,77.8204652108996,77.06808970641433,77.0382809323844,273.865,260.158,615.573,626.035,617.999,628.472,621.39,628.764
streamweave,1783627131.5818062,20102.399350157,,,,,,,,,,,,,,,,
streamweave,1783627131.7822886,20102.599832585,92.8505147550281,89.76282596453288,65.49491995336638,66.02598544998371,65.21026061775751,61.62914488266848,65.91421302303345,65.15411272248306,909.943,890.765,539.357,533.917,544.782,531.885,540.684,538.965
streamweave,1783627146.5825186,20117.400062571,,,,,,,,,,,,,,,,
streamweave,1783627146.7830505,20117.600594493,91.21104110295467,88.18293988437804,74.73691541080773,74.88041161067291,74.42422249726837,74.75163595558102,74.3925966828187,74.31244855916881,912.35,913.57,661.381,665.157,674.594,679.42,668.576,681.367
streamweave,1783627161.5820885,20132.399632551,,,,,,,,,,,,,,,,
streamweave,1783627161.7825096,20132.600053667,41.12793558511337,84.75044113173361,0,0,0,0,0,0,893.095,887.778,240.986,240.834,247.289,243.486,241.249,242.812
streamweave,1783627176.5827918,20147.400335854,,,,,,,,,,,,,,,,
streamweave,1783627176.783274,20147.600817903,92.12357568046468,90.30893082676482,73.9801115148918,74.6137258854261,74.58906550039548,74.44075835020925,74.67748844908016,74.75006153615467,909.092,911.551,648.598,661.443,658.86,666.594,661.315,654.909
streamweave,1783627191.5821257,20162.39966966,,,,,,,,,,,,,,,,
streamweave,1783627191.782568,20162.600112077,0,0,83.32642235584292,84.09917720199739,86.50661798045553,80.31759076624401,80.51829984033141,81.57320712920847,246.998,243.787,787.72,810.942,833.438,782.368,787.337,813.641
streamweave,1783627206.5827906,20177.400334728,,,,,,,,,,,,,,,,
streamweave,1783627206.7831378,20177.600681868,0,0,61.09543092760582,65.2961086114074,67.05704063295703,67.30193311367648,65.54860100027983,60.29565648594871,245.98,242.747,515.949,540.245,556.901,549.061,534.328,533.246
streamweave,1783627221.5829718,20192.400515776,,,,,,,,,,,,,,,,
streamweave,1783627221.783168,20192.60071201,0,0,79.67649868230305,78.27600751683481,80.08907600903127,79.35495800942995,0,80.87743951578824,245.368,242.323,789.984,786.669,792.418,786.705,644.725,809.484
streamweave,1783627236.5825634,20207.40010735,,,,,,,,,,,,,,,,
streamweave,1783627236.7831056,20207.600649542,0,0,72.76544419776933,72.85850007097095,70.980615268652,74.39912550526564,73.77391270341913,72.67299042375569,245.348,241.978,690.686,692.297,642.488,733.569,653.832,658.542
streamweave,1783627251.5825956,20222.400139517,,,,,,,,,,,,,,,,
streamweave,1783627251.7828758,20222.600419778,0,0,0,0,0,0,0,0,245.126,242.007,240.458,241.052,365.666,244.069,240.785,242.413
streamweave,1783627266.582757,20237.400300912,,,,,,,,,,,,,,,,
streamweave,1783627266.783143,20237.600686951,0,0,87.6948367714577,86.94748541521341,0,87.62172682643279,74.33765228632329,82.77456384492147,245.141,241.82,820.841,817.732,564.942,829.735,751.618,827.393
streamweave,1783627281.5835419,20252.401085952,,,,,,,,,,,,,,,,
streamweave,1783627281.7828841,20252.600428114,0,0,67.59829346942061,71.05405323779165,67.36200050015275,67.31715536182824,69.98517503663152,65.49780985461383,245.086,241.656,561.793,601.299,575.615,575.207,583.955,589.907
streamweave,1783627296.5822415,20267.399785529,,,,,,,,,,,,,,,,
streamweave,1783627296.7825253,20267.600069197,0,0,0,0,0,0,0,0,244.921,241.735,240.34,240.867,244.738,244.025,241.766,243.205
streamweave,1783627311.5828857,20282.400429792,,,,,,,,,,,,,,,,
streamweave,1783627311.7833154,20282.600859508,0,0,0,0,0,0,0,0,244.875,241.629,239.455,240.039,244.1,242.717,239.948,241.922
streamweave,1783627326.5827472,20297.400291164,,,,,,,,,,,,,,,,
streamweave,1783627326.7831461,20297.600690026,0,0,0,0,0,0,0,0,244.865,241.713,238.977,239.373,243.474,242.145,239.397,241.474
streamweave,1783627341.5825522,20312.400096258,,,,,,,,,,,,,,,,
streamweave,1783627341.8306615,20312.648205478,0,0,0,0,0,0,0,0,535.927,569.237,238.597,238.995,243.143,241.702,239.143,241.212
streamweave,1783627356.5824215,20327.399965428,,,,,,,,,,,,,,,,
streamweave,1783627356.7826645,20327.600208495,90.79751703633609,90.80750496681371,64.84638855119577,64.88746810599449,68.3404528595804,68.63111754705128,65.81481398189673,65.55573367446823,917.639,912.846,573.248,556.609,602.147,605.565,575.13,552.989
streamweave,1783627371.5827758,20342.400319835,,,,,,,,,,,,,,,,
streamweave,1783627371.783169,20342.600712978,80.71257297510405,86.03653479901928,70.25967349519838,70.91651013078099,64.2367511396639,70.20273850647646,70.88696830664128,72.3921819758639,903.86,892.336,649.935,638.991,640.721,609.361,656.198,650.02
streamweave,1783627386.5828495,20357.400393419,,,,,,,,,,,,,,,,
streamweave,1783627386.7842546,20357.601798661,91.9761860507809,85.15109692398146,61.61744153893993,69.69068630451434,71.10537469688072,53.56661031401946,61.19538403445088,69.62037444384244,888.818,887.606,517.329,542.064,559.949,529.016,482.393,520.589
streamweave,1783627401.582696,20372.400239884,,,,,,,,,,,,,,,,
streamweave,1783627401.783083,20372.600626991,92.4366180838236,89.98926201322861,66.20243188816093,61.41503481797783,67.46203567989728,63.59842881795855,63.02556763912446,65.3843652633877,869.54,859.548,540.965,530.233,556.79,538.012,531.208,548.351
streamweave,1783627416.582536,20387.400079969,,,,,,,,,,,,,,,,
streamweave,1783627416.7958975,20387.613441512,21.622129252053483,0,75.05686295501339,75.50442673853408,74.51203383837954,75.63995774635433,75.11633871962837,74.89959186569446,760.53,768.381,660.242,664.408,670.248,663.065,668.508,666.273
streamweave,1783627431.5828469,20402.40039085,,,,,,,,,,,,,,,,
streamweave,1783627431.7832713,20402.600815283,86.66036014707262,83.63062102290279,0,55.45440950649465,0,63.41896239445228,0,0,892.621,886.599,239.619,499.213,244.712,533.266,240.259,242.357
streamweave,1783627446.5823936,20417.399937691,,,,,,,,,,,,,,,,
streamweave,1783627446.7828228,20417.600366782,92.29602293386392,91.12219950554984,73.2673833280426,74.96766848512529,73.91072199510675,75.47314074508165,74.92677069392771,75.38034117317008,863.83,862.234,643.95,664.435,668.365,670.469,653.802,665.521
streamweave,1783627461.5823233,20432.399867204,,,,,,,,,,,,,,,,
streamweave,1783627461.7828732,20432.600417124,89.9591862366828,87.47161284790191,72.50807342732851,73.17359041131199,72.68783783246894,73.63729621876122,75.49317509608905,72.51222092952901,683.439,727.539,669.27,668.527,672.099,682.794,676.594,674.024
streamweave,1783627476.5827558,20447.400299751,,,,,,,,,,,,,,,,
streamweave,1783627476.7830431,20447.60058722,82.8077486356525,81.7342802451981,76.3349134244805,76.32551419716562,76.90852963352974,76.90442187575022,76.57502685387286,75.20303037482411,868.052,845.481,518.523,558.789,561.603,564.052,562.763,573.586
streamweave,1783627491.582123,20462.399666929,,,,,,,,,,,,,,,,
streamweave,1783627491.7825782,20462.6001222,85.57971880617136,84.21252033405963,68.34617602314414,70.80748361618599,68.5642508316646,68.33208145613182,68.90310691889333,68.1850514369512,857.387,868.738,585.805,610.861,585.337,605.998,606.764,588.305
streamweave,1783627506.5820625,20477.399606495,,,,,,,,,,,,,,,,
streamweave,1783627506.7826273,20477.600171426,91.59678344147079,89.26956599989381,75.09691895108662,76.0317261506153,74.2282982505807,75.74757995343366,75.92988357459802,75.20083624982269,896.641,883.958,652.559,659.867,668.177,668.206,654.201,654.747
streamweave,1783627521.582051,20492.399595044,,,,,,,,,,,,,,,,
streamweave,1783627521.7824302,20492.599974166,91.5903516002974,90.3217087495203,0,56.25069469241897,0,0,56.1149179913408,33.58833242616799,504.565,473.228,239.709,511.613,244.884,243.611,510.498,512.716
streamweave,1783627536.5827,20507.400244032,,,,,,,,,,,,,,,,
streamweave,1783627536.7831566,20507.600700639,56.37749026582538,63.137810629374925,71.8047324107646,74.83075080582513,75.52992382841646,75.9177053927558,75.23264582151948,75.35415199244348,851.462,868.117,640.881,651.92,661.338,669.66,656.788,655.965
streamweave,1783627551.5825503,20522.400094202,,,,,,,,,,,,,,,,
streamweave,1783627551.782997,20522.600540914,47.434139664890814,57.14437011226756,72.66328381445457,72.31046073771485,73.00877322774218,73.2242698528142,72.63082424475266,73.31735459564227,900.066,888.0,661.374,647.028,683.439,670.128,666.237,672.416
streamweave,1783627566.5827644,20537.400308398,,,,,,,,,,,,,,,,
streamweave,1783627566.7830052,20537.600549252,85.23237189818383,89.70932238539018,69.32739397666298,61.12625738520173,71.93806228076754,69.28987774427672,72.60152787720652,69.28264113102355,864.57,865.026,508.315,491.629,519.834,530.36,518.446,554.434
streamweave,1783627581.5831032,20552.400647213,,,,,,,,,,,,,,,,
streamweave,1783627581.7830527,20552.600596738,91.73356132033564,92.25790592027228,69.74935411303011,73.19929701627808,69.45074753793835,72.22417454618693,72.03761618827383,69.43335624800203,883.411,850.333,612.155,632.272,621.026,633.471,624.26,623.081
streamweave,1783627596.583814,20567.401357882,,,,,,,,,,,,,,,,
streamweave,1783627596.7831266,20567.600670551,93.02565279110088,91.19824254717177,74.8045424320903,74.72796773052252,74.27931758626639,74.65506504254235,74.39152764986007,74.43775298343253,874.293,866.621,668.458,673.211,673.079,674.212,667.471,671.122
streamweave,1783627611.582956,20582.400500129,,,,,,,,,,,,,,,,
streamweave,1783627611.7833476,20582.600891576,19.452847032528712,0.017976594500364075,0,0,0,57.2576532431151,0,0,248.954,245.818,240.114,240.952,244.941,517.826,240.388,242.323
streamweave,1783627626.582525,20597.400069096,,,,,,,,,,,,,,,,
streamweave,1783627626.7829907,20597.600534714,87.78669325179742,80.02670117984097,73.84649754214585,73.7821219913784,71.73773526766736,67.21785798601914,66.59720494849849,73.22139484732098,905.517,908.121,651.854,643.633,655.929,652.941,634.025,662.842
streamweave,1783627641.5826237,20612.400167661,,,,,,,,,,,,,,,,
streamweave,1783627641.7830105,20612.600554481,92.02023502345739,89.37630154158474,77.60713101208779,76.69053489202105,76.56568662765689,76.65637257104152,75.76330361547066,70.90267150087367,910.079,904.025,678.894,686.513,687.614,689.022,676.211,672.032
streamweave,1783627656.5820596,20627.399603717,,,,,,,,,,,,,,,,
streamweave,1783627656.7825527,20627.60009678,81.9655712067953,91.3522291240283,76.57307435064014,75.43620917263954,76.47204130929376,76.7357779249074,76.44757997341439,72.726013505993,643.379,677.031,513.553,533.644,458.488,524.481,454.61,527.874
streamweave,1783627671.5827866,20642.400330645,,,,,,,,,,,,,,,,
streamweave,1783627671.7831628,20642.600706714,90.96207307263616,92.99153720005354,65.2823956936931,69.59523395687111,68.89507238130696,69.28925067851736,67.52311811346374,68.41421353406739,933.742,908.593,579.21,602.724,604.52,607.581,584.984,599.445
streamweave,1783627686.582272,20657.399816143,,,,,,,,,,,,,,,,
streamweave,1783627686.7827487,20657.600292613,90.70597335938686,88.69226936505112,61.303929541784285,62.308857169171006,55.11645627966843,60.21063916714097,63.41646754345037,59.634349645088946,913.958,907.987,412.412,529.345,398.488,418.957,527.217,435.232
streamweave,1783627701.5822365,20672.399780468,,,,,,,,,,,,,,,,
streamweave,1783627701.8070962,20672.624640171,0,0,0.40288527971631793,0.48736446860453014,0.5446559215529339,0.4934449576163498,0,0,264.136,256.271,249.065,248.997,254.39,250.977,248.529,250.267
streamweave,1783627716.5827599,20687.400303896,,,,,,,,,,,,,,,,
streamweave,1783627716.7829041,20687.600448111,90.3423151539281,89.77493272224247,66.14285707611025,67.18204481772054,65.78683460766581,66.7157699941468,65.82199122638465,68.41200723923941,886.715,888.891,563.846,566.146,574.093,592.635,562.415,592.842
streamweave,1783627731.5823178,20702.399861937,,,,,,,,,,,,,,,,
streamweave,1783627731.7827947,20702.6003387,87.04026588480635,83.80611443096149,74.56687687656911,76.43653756454424,74.42392970797988,73.2758955220885,74.80251482339789,71.37424033430084,910.584,894.025,660.573,661.824,670.282,650.655,657.87,656.178
streamweave,1783627746.5827703,20717.400314419,,,,,,,,,,,,,,,,
streamweave,1783627746.7841444,20717.601688337,89.61541564495028,88.08249951364509,59.059315015313295,55.370055586420364,57.76668092022666,63.148276029676445,55.76336905767148,66.28133794830443,928.217,892.947,516.583,522.801,523.751,547.595,506.04,550.509
streamweave,1783627761.5819106,20732.399454684,,,,,,,,,,,,,,,,
streamweave,1783627761.7823696,20732.59991353,91.4062613449628,89.09453480272433,69.70470782016437,73.17600010505359,71.75745838649709,72.22726443638294,73.50569209024607,71.14677004744584,896.639,887.05,640.797,656.62,641.267,664.773,656.871,667.858
streamweave,1783627776.5825315,20747.400075501,,,,,,,,,,,,,,,,
streamweave,1783627776.7829103,20747.600454413,85.25278083925592,89.27939651311213,77.30229288085458,0,76.13520684307565,77.44705950191066,73.06939549172128,74.80835935609981,902.441,858.056,477.765,419.401,533.537,480.154,528.527,491.839
streamweave,1783627791.5829985,20762.400542531,,,,,,,,,,,,,,,,
streamweave,1783627791.810819,20762.628362888,84.70876697356604,78.41605156106267,61.78691607155393,65.38421555271813,61.22835769091948,61.146427429969464,66.81268646909096,66.74641958489383,942.674,929.439,529.125,538.75,531.627,537.534,542.682,547.374
streamweave,1783627806.5821247,20777.39966874,,,,,,,,,,,,,,,,
streamweave,1783627806.7826123,20777.600156376,0,0,80.61530684371306,75.94855324107017,83.00807248021474,83.75941495961355,78.57406723035223,75.57295091212679,246.981,243.686,777.597,758.829,797.601,795.278,759.664,755.636
streamweave,1783627821.5828145,20792.400358444,,,,,,,,,,,,,,,,
streamweave,1783627821.7831776,20792.600721513,0,0,57.572994717341864,63.551955551629845,0,57.71196719280993,66.7562273456686,66.66732777032783,246.161,242.811,514.812,540.922,327.378,520.545,546.599,555.868
streamweave,1783627836.582082,20807.399625951,,,,,,,,,,,,,,,,
streamweave,1783627836.782418,20807.599961932,0,0,80.51337825062825,79.74203353846592,71.62134578117804,78.79659672013794,79.64002171063652,79.66972021143803,245.53,242.421,768.963,763.519,780.078,749.76,791.715,772.184
streamweave,1783627851.5821853,20822.399729274,,,,,,,,,,,,,,,,
streamweave,1783627851.7825842,20822.600128119,0,0,71.72879192993207,73.70325262847048,80.74714346788386,74.6881603651231,75.98574506232335,79.77519986248221,245.179,242.115,677.228,674.621,738.038,662.793,652.2,740.186
streamweave,1783627866.5825994,20837.400143463,,,,,,,,,,,,,,,,
streamweave,1783627866.7830482,20837.600592113,0,0,0,0,0,0,0,66.69179932829557,245.186,242.02,240.669,241.739,245.058,243.228,240.989,555.85
streamweave,1783627881.5826128,20852.400156742,,,,,,,,,,,,,,,,
streamweave,1783627881.7841299,20852.601673763,0,0,80.64315777281833,81.86920917049775,79.074461133112,70.11051939387475,0,81.88810282574418,244.956,241.922,811.901,823.11,787.168,756.044,528.11,815.549
streamweave,1783627896.582902,20867.400446067,,,,,,,,,,,,,,,,
streamweave,1783627896.7832203,20867.600764315,0,0,72.34882424079424,76.42715789442046,72.57009218240647,73.97207790992422,73.3902798754323,74.75599455327689,244.96,241.809,635.735,659.887,649.134,708.85,649.334,664.575
streamweave,1783627911.5821216,20882.399665558,,,,,,,,,,,,,,,,
streamweave,1783627911.7823958,20882.59993974,0,0,58.691436835817036,0,58.38655966354225,58.35974482494034,63.848938387794476,63.26804873817342,244.986,241.644,524.126,478.741,526.909,523.697,525.766,528.474
streamweave,1783627926.58206,20897.399604038,,,,,,,,,,,,,,,,
streamweave,1783627926.782333,20897.599876848,0,0,0,0,0,0,0,0,244.916,241.721,239.551,240.397,244.541,242.833,240.435,242.437
streamweave,1783627941.582152,20912.399695987,,,,,,,,,,,,,,,,
streamweave,1783627941.7884662,20912.606010215,0,0,0,0,0,0,0,0,244.843,241.695,238.96,239.516,243.629,241.963,239.523,241.651
streamweave,1783627956.5826914,20927.400235456,,,,,,,,,,,,,,,,
streamweave,1783627956.782915,20927.600459192,0,0,0,0,0,0,0,0,246.404,243.776,238.666,239.086,243.211,241.723,239.136,241.165
streamweave,1783627971.5825224,20942.400066477,,,,,,,,,,,,,,,,
streamweave,1783627971.7829125,20942.600456478,0,0,0,0,0,0,0,0,309.388,324.068,238.447,238.959,242.922,241.468,238.988,241.166
streamweave,1783627986.582439,20957.399982869,,,,,,,,,,,,,,,,
streamweave,1783627986.7829375,20957.600481513,0,0,75.65334950117489,76.2995926684622,77.0386928512149,76.24605738572518,75.3820942934322,76.08977151658864,618.604,631.226,655.732,658.572,668.271,659.485,668.283,668.201
streamweave,1783628001.5818193,20972.399363347,,,,,,,,,,,,,,,,
streamweave,1783628001.7823374,20972.59988132,38.5145417603629,50.86509181042494,76.70027802132915,74.77603841780113,75.83649858255566,77.03397761068476,74.72644755270245,74.05848386343912,915.71,893.734,645.239,647.786,664.324,659.207,650.111,657.299
streamweave,1783628016.582377,20987.399920919,,,,,,,,,,,,,,,,
streamweave,1783628016.7826738,20987.600217721,90.13087981880443,88.946851419684,77.80478242499683,78.00670503251453,77.07436298685579,77.98401736303225,77.56977508009044,77.05494611708258,880.716,863.029,661.732,668.688,674.116,674.332,667.139,664.667
streamweave,1783628031.5827591,21002.400303031,,,,,,,,,,,,,,,,
streamweave,1783628031.7829964,21002.600540321,89.33814265977716,87.44585241565808,62.26376658820089,66.24511633553166,65.36099937677014,69.01947096567291,66.13693507991638,63.3970424561218,914.542,890.762,532.482,547.45,583.971,580.411,552.94,552.66
streamweave,1783628046.5826092,21017.400153215,,,,,,,,,,,,,,,,
streamweave,1783628046.7829046,21017.600448563,92.20485300141753,90.1712719159074,78.37131411340347,77.58878176923962,77.41179244646645,77.66472215433437,77.25167744010948,76.3044306748388,898.731,882.579,607.367,640.501,656.374,653.336,663.445,659.269
streamweave,1783628061.5819802,21032.399524271,,,,,,,,,,,,,,,,
streamweave,1783628061.7824419,21032.599985818,0,0,74.85467032938948,74.48520436542108,75.35476160272448,75.36043943115543,73.71878008094018,75.29875489967569,254.448,249.978,624.28,615.19,622.183,648.534,624.103,634.646
streamweave,1783628076.5821602,21047.399704149,,,,,,,,,,,,,,,,
streamweave,1783628076.7825098,21047.600053878,85.51049102137705,83.60239754571175,66.2515210256362,67.13856807917587,65.84138662561297,66.62641481799999,65.6525328290239,66.53974029367049,909.676,899.134,556.677,566.851,558.793,552.005,560.685,543.611
streamweave,1783628091.5829287,21062.400472773,,,,,,,,,,,,,,,,
streamweave,1783628091.7834578,21062.601001753,0.0016909860103423494,0.4049190811735593,72.42151019432826,73.46131881557687,74.92977372758187,68.75249399912283,68.08286944062694,70.79848705557879,250.253,246.944,662.214,659.149,675.544,655.448,651.268,659.115
streamweave,1783628106.5822022,21077.399746282,,,,,,,,,,,,,,,,
streamweave,1783628106.7826283,21077.600172377,82.48144620244253,80.92607025206432,55.97968292898917,66.45963216418205,55.343914225519896,55.62870559287033,0,62.58103076866311,924.565,911.43,505.439,546.786,514.838,514.377,241.563,530.51
streamweave,1783628121.582721,21092.400264986,,,,,,,,,,,,,,,,
streamweave,1783628121.7833104,21092.600854496,91.44069008911892,87.13120693525606,75.30196937635671,73.07253085590884,75.30895582592217,76.23920852726968,73.38884203788722,70.19932027753248,902.534,886.261,666.578,663.065,682.958,683.151,669.286,680.684
streamweave,1783628136.5823205,21107.399864504,,,,,,,,,,,,,,,,
streamweave,1783628136.7827227,21107.600266773,81.98968047174456,87.29366052686326,76.15768374593907,77.3402762461629,75.94152081862786,77.77511082135462,77.62807660317429,77.4410393215406,871.514,843.662,618.187,572.698,628.644,643.875,619.091,625.923
streamweave,1783628151.5824773,21122.400021256,,,,,,,,,,,,,,,,
streamweave,1783628151.782808,21122.600352018,90.41806411769505,88.84891014827329,65.53402290659002,59.1190043476163,55.09477111059541,58.90978999939554,58.43580466023353,61.004666338161606,874.396,861.818,536.749,529.334,514.083,531.591,519.231,528.351
streamweave,1783628166.582456,21137.400000158,,,,,,,,,,,,,,,,
streamweave,1783628166.7828963,21137.600440261,91.68593465289008,89.80154034563022,78.18997157997063,75.40001995337552,77.74704024973371,76.55901294092752,77.3973803283158,77.11258802882722,907.257,898.922,663.247,660.435,666.284,664.71,656.253,668.805
streamweave,1783628181.5829191,21152.400463039,,,,,,,,,,,,,,,,
streamweave,1783628181.7843888,21152.601932885,0,0.6757555539264601,69.66693953309026,70.83394632466367,68.55839953066946,69.69882343270106,69.130753523023,70.4020057677642,249.756,246.573,602.91,630.163,599.323,617.621,604.699,627.672
streamweave,1783628196.582799,21167.400343059,,,,,,,,,,,,,,,,
streamweave,1783628196.783206,21167.600750052,91.10760640221308,89.61590169669121,65.87767675482029,62.59601570401547,62.22925229655182,66.49138622822538,59.98967615243275,63.4245813983355,896.364,883.049,544.671,529.407,541.035,561.449,524.884,535.925
streamweave,1783628211.5829473,21182.400491161,,,,,,,,,,,,,,,,
streamweave,1783628211.7834013,21182.600945154,0,0,71.01245445202706,71.19215023166096,72.31351993038824,69.85812451291213,69.52114224850182,71.18927381574484,375.202,349.151,642.132,648.706,655.844,664.112,650.417,657.216
streamweave,1783628226.5819454,21197.399489487,,,,,,,,,,,,,,,,
streamweave,1783628226.7913706,21197.608914556,91.14662719897028,89.65570853936681,0,58.701505576676084,62.23945775345623,64.68643877577624,55.389997431046275,58.29720759862522,923.377,924.181,491.513,510.644,529.82,534.945,517.889,505.945
streamweave,1783628241.582541,21212.400084963,,,,,,,,,,,,,,,,
streamweave,1783628241.7827687,21212.600312704,95.12557738378572,91.5992075112649,75.31332317597052,75.82799310068502,75.21830594825916,75.28082217789293,75.3414645015433,76.54687218454994,902.726,904.606,666.373,661.291,674.751,673.602,672.721,686.209
streamweave,1783628256.5828667,21227.400410773,,,,,,,,,,,,,,,,
streamweave,1783628256.783306,21227.600849921,82.59214772714495,82.59149346434526,76.26596183762277,74.05626084148278,76.21545563451679,75.38490943496922,77.10581181849437,77.38521356191723,572.104,568.562,627.176,618.612,644.903,655.564,638.264,615.463
streamweave,1783628271.5827296,21242.40027369,,,,,,,,,,,,,,,,
streamweave,1783628271.7831597,21242.600703654,54.267099279524736,53.602040640509294,66.42112827363157,66.53913819990758,65.35466735014568,65.98880401881512,65.78528550692111,66.42876870981816,890.001,879.411,560.907,560.161,553.847,559.338,572.73,565.701
streamweave,1783628286.582778,21257.400322037,,,,,,,,,,,,,,,,
streamweave,1783628286.7831933,21257.600737359,87.30919147466172,89.29864742089433,75.85064321229437,74.85996546318283,74.93203899303087,75.42707927620071,74.72561339720446,74.96443815089198,920.265,923.65,669.906,661.907,668.565,680.478,664.068,677.539
streamweave,1783628301.5828714,21272.400415379,,,,,,,,,,,,,,,,
streamweave,1783628301.7829883,21272.600532393,84.50933854837173,83.94931266347449,0,56.439717401573134,0,0,61.64840533114271,57.42917379411492,901.134,863.902,239.804,508.453,245.947,243.465,515.643,516.801
streamweave,1783628316.5824492,21287.399993297,,,,,,,,,,,,,,,,
streamweave,1783628316.7839236,21287.601467738,88.13855368182158,85.85295522080236,76.1603841302466,76.91594620003808,75.72397822934349,75.89254496366567,76.84086480522417,74.3099685858445,910.507,899.244,669.53,670.197,680.246,675.294,679.423,679.479
streamweave,1783628331.58217,21302.39971412,,,,,,,,,,,,,,,,
streamweave,1783628331.7826405,21302.600184395,91.34068618852442,90.53159803282514,72.48386511550238,71.86369470799835,75.87408558644925,72.82150226169648,75.56852631023214,75.2763344460562,905.242,903.764,650.53,649.854,655.734,666.035,644.727,651.889
streamweave,1783628346.5823123,21317.399856285,,,,,,,,,,,,,,,,
streamweave,1783628346.7827573,21317.600301282,0,0,56.69803222453966,55.626723419574176,0,56.723261905729736,0,0,249.283,245.911,506.138,514.5,244.917,511.782,240.493,242.22
streamweave,1783628361.5822704,21332.399814364,,,,,,,,,,,,,,,,
streamweave,1783628361.7827935,21332.6003376,91.1277141969303,90.63312419484895,72.04728835172686,68.54031264764446,70.62578192923317,70.54083100265102,71.76340270216689,71.80353622058162,898.084,887.267,650.451,638.879,669.467,642.997,654.533,661.281
streamweave,1783628376.5826402,21347.400184193,,,,,,,,,,,,,,,,
streamweave,1783628376.7832136,21347.600757591,0,0,77.3020698282706,77.72429461224397,77.27666268278034,77.57177087207853,78.42430651792884,77.35210355121593,630.115,632.043,644.242,639.243,646.727,654.496,653.528,653.968
streamweave,1783628391.5829842,21362.400528299,,,,,,,,,,,,,,,,
streamweave,1783628391.783072,21362.600615998,89.95547166550053,88.79880064398479,56.60747825285017,0,0,55.715267739977094,61.4676775587497,55.55443776858671,863.927,877.832,507.957,241.538,246.976,511.66,524.015,514.169
streamweave,1783628406.5821214,21377.399665435,,,,,,,,,,,,,,,,
streamweave,1783628406.7825842,21377.600128277,91.61491805689558,89.39536251173918,74.24038165692501,75.54345144718782,75.32363524924088,75.02080515778346,75.86818985761433,75.53762590959983,880.984,876.499,650.669,647.762,654.869,656.979,623.423,650.248
streamweave,1783628421.5821552,21392.39969923,,,,,,,,,,,,,,,,
streamweave,1783628421.782547,21392.600090994,86.00972525427153,87.03317449897476,56.75714294126551,56.29795588845319,0,0,56.239857105693524,56.5310422300319,862.504,825.128,505.062,510.304,245.119,243.709,508.417,515.037
streamweave,1783628436.5821435,21407.399687558,,,,,,,,,,,,,,,,
streamweave,1783628436.7825963,21407.600140413,91.73950836389272,90.027191228376,74.6266052774371,71.55020992903599,72.8885905146728,72.30121003532207,73.42520819031984,73.30279866547693,922.929,912.13,657.733,661.503,662.622,660.387,660.284,652.807
streamweave,1783628451.582519,21422.400062966,,,,,,,,,,,,,,,,
streamweave,1783628451.8061378,21422.623681802,0,0,84.84425798610128,84.91070554997378,80.74995717496071,85.01992756014779,84.8543219274687,85.37231409822326,247.084,243.73,815.191,809.039,801.236,807.987,807.232,798.292
streamweave,1783628466.5821433,21437.399687324,,,,,,,,,,,,,,,,
streamweave,1783628466.7825856,21437.600129718,0,0,57.49344428280473,61.910657607529174,56.4128520293401,66.74612062763032,60.28117411212206,65.4754681030392,246.153,242.772,513.312,531.483,520.69,552.051,523.946,547.101
streamweave,1783628481.5824735,21452.400017458,,,,,,,,,,,,,,,,
streamweave,1783628481.7828119,21452.600355935,0,0,71.39476302613514,73.90278441878027,71.95924629932449,74.24229446974914,69.30192608962918,75.18806670507172,245.73,242.377,288.541,325.122,314.586,301.028,291.636,304.03
streamweave,1783628496.5821564,21467.39970052,,,,,,,,,,,,,,,,
streamweave,1783628496.7826774,21467.60022133,0,0,76.44710383623547,79.28286833866842,74.91878558698137,75.76295170944914,78.11131202203339,81.15841626374329,245.283,241.947,736.354,763.405,743.829,737.321,741.559,740.783
streamweave,1783628511.5826929,21482.400236842,,,,,,,,,,,,,,,,
streamweave,1783628511.7830172,21482.600561268,0,0,58.199875123706036,57.59862100766183,0,0,63.53401944327227,0,245.291,241.861,513.754,517.173,245.186,244.7,521.451,242.947
streamweave,1783628526.5826488,21497.400192683,,,,,,,,,,,,,,,,
streamweave,1783628526.7831383,21497.600682357,0,0,82.15626175711128,81.80449124048364,82.7050799882526,83.12988010024459,74.80862813481166,82.3167002457876,245.138,241.727,821.057,827.123,828.799,817.162,813.667,827.011
streamweave,1783628541.5820649,21512.399608764,,,,,,,,,,,,,,,,
streamweave,1783628541.7825263,21512.600070245,0,0,73.49938477729597,74.3063270708393,74.48815290514253,73.55762280507065,75.01856565245426,75.41741674338283,245.069,241.683,639.28,654.379,668.657,670.681,654.497,669.415
streamweave,1783628556.5828962,21527.400440242,,,,,,,,,,,,,,,,
streamweave,1783628556.783266,21527.600810101,0,0,59.075426613885455,58.12191120517261,0,63.734025094460456,66.65292534294163,65.92497194089893,245.049,241.655,514.668,518.029,246.054,532.822,539.445,547.286
streamweave,1783628571.5827622,21542.400306182,,,,,,,,,,,,,,,,
streamweave,1783628571.7829897,21542.600533837,0,0,0,0,0,0,0,0,245.059,241.722,239.799,240.426,244.723,243.19,240.507,242.458
streamweave,1783628586.5824015,21557.399945592,,,,,,,,,,,,,,,,
streamweave,1783628586.7828643,21557.60040825,0,0,0,0,0,0,0,0,245.004,241.693,239.035,239.482,243.505,242.084,239.677,241.741
streamweave,1783628601.5822003,21572.399744291,,,,,,,,,,,,,,,,
streamweave,1783628601.7826333,21572.600177395,0,0,0,0,0,0,0,0,244.909,241.669,238.56,238.981,243.131,241.85,239.152,241.231
streamweave,1783628616.5820444,21587.399588344,,,,,,,,,,,,,,,,
streamweave,1783628616.7823856,21587.599929485,81.74406694769347,80.30846540694925,55.67726612858911,55.56492915752431,0,59.733767584767904,55.55161060389096,58.66416017652912,919.594,881.834,503.071,508.514,244.384,517.278,508.339,514.032
streamweave,1783628631.5821424,21602.399686249,,,,,,,,,,,,,,,,
streamweave,1783628631.7825346,21602.600078645,0,0,0,0,0,0,0,0,696.816,697.485,239.595,240.06,243.405,242.571,239.532,241.647
streamweave,1783628646.5824308,21617.399974766,,,,,,,,,,,,,,,,
streamweave,1783628646.783014,21617.600558028,89.49652467509752,92.10390009672822,75.04632754690228,74.94855859242546,74.14524691519833,74.78394672509403,75.22550658022975,73.39886400392335,899.922,885.407,653.188,654.115,654.989,664.683,664.404,648.581
streamweave,1783628661.5826592,21632.400203163,,,,,,,,,,,,,,,,
streamweave,1783628661.7831545,21632.600698453,92.68879677553214,93.73585335987244,75.10125243023836,75.174141584815,74.16661145875952,74.82894076877298,74.8366661997836,74.95524223033951,859.344,845.269,639.331,663.692,669.76,662.171,653.028,664.938
streamweave,1783628676.5820813,21647.399625295,,,,,,,,,,,,,,,,
streamweave,1783628676.7825844,21647.600128426,78.87069307077947,78.91353573885273,71.0993245079106,76.36029155079372,76.44624717565029,75.75698544017614,70.33954874264701,76.66820393479385,893.549,883.257,654.678,663.75,684.054,662.764,667.234,665.109
streamweave,1783628691.5828037,21662.400347743,,,,,,,,,,,,,,,,
streamweave,1783628691.8675508,21662.685094895,0.061335432458935156,0.8973955282035571,0.6889955621757072,0.6751706996584277,0.92756577673363,0.6900128940182071,0.6180009902414025,0.49352862753217563,257.579,253.782,247.869,248.895,254.106,251.365,249.238,250.447
streamweave,1783628706.582784,21677.400327898,,,,,,,,,,,,,,,,
streamweave,1783628706.7830963,21677.600640214,93.89752705985313,89.70318897956076,72.01095204837253,72.75074243945858,70.73479361188357,73.4466459417663,74.59952095211362,76.42490931754911,915.766,909.624,661.319,662.266,642.519,670.975,659.757,665.053
streamweave,1783628721.5819669,21692.399510959,,,,,,,,,,,,,,,,
streamweave,1783628721.7822888,21692.599832898,0,0,55.79215057034329,59.19964379320677,62.38342810094635,59.911370059724625,62.14143024523856,57.642876234305064,251.562,248.202,515.287,520.692,532.309,537.094,523.474,524.407
streamweave,1783628736.5823796,21707.399923471,,,,,,,,,,,,,,,,
streamweave,1783628736.7827194,21707.600263472,82.60932267594448,80.7304170599298,60.022526628848226,58.46202293502252,0,0,3.109722208046387,55.476016704681555,913.952,913.062,508.84,520.726,246.368,420.431,480.876,514.123
streamweave,1783628751.5819104,21722.399454288,,,,,,,,,,,,,,,,
streamweave,1783628751.7823887,21722.599932667,90.76905547167826,88.83000858111939,68.3234477929756,71.65473306651997,71.483033633486,71.8517013207361,67.08997671060504,72.39009802891182,576.815,577.568,649.954,654.215,668.912,660.703,656.535,658.855
streamweave,1783628766.5821066,21737.399650543,,,,,,,,,,,,,,,,
streamweave,1783628766.8012311,21737.618775182,67.39938246726554,68.82364133506724,74.64068718044332,75.35016591076065,73.61111800405911,75.15198631652329,74.67635824837352,74.6486343139668,896.498,881.891,664.802,667.9,664.235,681.007,672.031,681.334
streamweave,1783628781.5827649,21752.400308801,,,,,,,,,,,,,,,,
streamweave,1783628781.7830033,21752.600547289,90.77249139099007,89.53984404580416,57.680925357963964,56.54246376381117,0,59.40361435286937,55.72492870908097,62.18713703585445,877.498,848.047,512.909,521.295,301.807,521.036,484.513,530.274
streamweave,1783628796.582171,21767.39971485,,,,,,,,,,,,,,,,
streamweave,1783628796.782584,21767.600127851,91.62629022375806,89.61236562754115,75.21654423752835,74.23221140754225,74.81002054960497,77.1345874471812,67.51117504872298,71.91729633998064,596.127,627.65,663.094,661.751,679.121,679.422,657.895,675.137
streamweave,1783628811.5820866,21782.399630584,,,,,,,,,,,,,,,,
streamweave,1783628811.782611,21782.600154865,87.7003950820107,85.88063855015538,67.08471883599813,66.78403726578156,65.3539211054896,65.83513072008589,66.05391150965194,66.05612054614272,874.246,876.925,548.476,554.99,590.732,546.024,555.134,562.49
streamweave,1783628826.582288,21797.399831946,,,,,,,,,,,,,,,,
streamweave,1783628826.7824275,21797.59997164,94.3896132424206,89.99927421899017,0,62.01690901653739,65.44700706034065,62.395549179513935,56.367120888890234,65.96436583674621,856.131,846.636,435.753,526.439,547.298,535.9,504.85,543.546
streamweave,1783628841.5819373,21812.3994812,,,,,,,,,,,,,,,,
streamweave,1783628841.7823906,21812.599934675,47.47546454708128,48.20636599951548,76.27297269654171,72.82403816033455,74.12047422475904,72.93101582607414,72.24208671983826,73.98282204664295,905.606,906.615,644.494,646.419,661.207,646.397,640.343,659.429
streamweave,1783628856.5829449,21827.400488791,,,,,,,,,,,,,,,,
streamweave,1783628856.7831268,21827.600670738,87.16298733431259,89.1198272664926,60.81024242475077,56.567014739862344,55.79773357793892,66.06925341454489,65.38141599939821,0,477.918,444.4,518.699,497.349,515.718,545.845,533.835,310.293
streamweave,1783628871.5825996,21842.400143537,,,,,,,,,,,,,,,,
streamweave,1783628871.7831054,21842.600649301,91.71162401994467,89.24522154877891,73.89947604732072,73.15529226274506,73.88193677095576,73.18671251800656,74.09134073393463,72.65981815046338,906.725,911.469,629.049,644.868,654.331,659.257,630.581,635.665
streamweave,1783628886.5827298,21857.400273882,,,,,,,,,,,,,,,,
streamweave,1783628886.783219,21857.600763132,0,0,73.95704332552808,73.19403011301556,73.17193303812138,71.77883020022784,73.5011503875356,75.45004419695374,474.359,484.779,659.218,665.211,673.584,658.361,654.178,674.119
streamweave,1783628901.5822527,21872.399796756,,,,,,,,,,,,,,,,
streamweave,1783628901.782679,21872.600223071,0,0,66.6957647415608,66.80429723615111,65.48457150187595,63.63690527661726,58.35402448450701,66.54473549404008,700.96,637.645,544.326,550.02,541.8,537.205,518.42,558.404
streamweave,1783628916.582068,21887.399611918,,,,,,,,,,,,,,,,
streamweave,1783628916.7826173,21887.600161449,88.24535308375069,83.78687708129294,73.16651016303834,73.51511732743727,72.16738780381516,69.65322369131847,70.87792667886677,69.75685729979307,904.854,914.91,637.515,633.307,640.133,618.13,621.562,633.606
streamweave,1783628931.5821214,21902.399665368,,,,,,,,,,,,,,,,
streamweave,1783628931.7824621,21902.600006061,0,0,0,56.83010165685892,0,62.660369603201495,0,56.75510828954844,252.047,249.616,462.053,511.252,450.367,540.488,293.0,514.312
streamweave,1783628946.5820293,21917.399573414,,,,,,,,,,,,,,,,
streamweave,1783628946.7825441,21917.600088189,0,0,72.71153126890808,72.63302682813314,72.38997421072095,73.03442879068031,72.62577227173564,72.5896543878831,252.513,249.259,634.784,641.172,647.283,651.68,638.363,646.733
streamweave,1783628961.5827513,21932.400295231,,,,,,,,,,,,,,,,
streamweave,1783628961.783203,21932.600746871,93.44228070600575,89.98793479949141,70.97935489087787,69.26740892599621,69.64968284203515,69.89522651607338,68.54829699482283,69.37843690150848,918.126,896.676,614.89,613.004,632.344,616.567,603.171,624.3
streamweave,1783628976.5828574,21947.400401484,,,,,,,,,,,,,,,,
streamweave,1783628976.7831662,21947.60071012,87.24498759744425,85.46183538338519,76.68221306871874,75.04010092152899,74.2846233366053,70.92854306678512,75.44512381935671,73.66009590200542,910.519,876.047,638.776,662.107,666.115,658.261,659.335,664.769
streamweave,1783628991.5820565,21962.399600468,,,,,,,,,,,,,,,,
streamweave,1783628991.7823954,21962.599939459,91.40508346035347,88.49885957704457,66.38172500013093,57.63576081183251,57.96163799795623,62.40332982916112,55.694280259153686,66.2809939734578,911.876,913.76,539.897,519.977,519.365,539.619,529.106,544.333
streamweave,1783629006.5827208,21977.400264838,,,,,,,,,,,,,,,,
streamweave,1783629006.7832336,21977.600777556,81.2449816096263,80.10928823483144,74.04723755535272,74.87844489713129,76.27452975119625,72.5086712167843,62.20240061979388,78.19648388867387,920.756,900.728,662.26,675.894,674.665,667.676,669.959,667.789
streamweave,1783629021.5829108,21992.400454658,,,,,,,,,,,,,,,,
streamweave,1783629021.783435,21992.600979154,0,0,56.1473150087817,55.20654824027179,59.867812080829566,66.0189490547742,66.09525624521804,61.00274108860716,792.212,786.984,506.407,508.751,524.88,545.088,543.945,531.594
streamweave,1783629036.5821252,22007.399669257,,,,,,,,,,,,,,,,
streamweave,1783629036.782579,22007.600122856,32.34813896546841,77.6805110520958,71.72845942454128,72.16102860918467,72.64522439728864,73.04129223439116,72.46753720274558,69.42924912673635,643.65,639.35,617.996,625.103,643.888,647.343,633.899,623.655
streamweave,1783629051.582136,22022.399679978,,,,,,,,,,,,,,,,
streamweave,1783629051.782521,22022.600065015,89.77781037663581,89.80482935551993,71.51912542486927,70.34594795111158,71.2477914527913,70.09489454215802,70.90306496625819,70.92888619411023,869.157,883.138,655.211,638.741,655.748,658.294,650.489,655.744
streamweave,1783629066.5821404,22037.39968435,,,,,,,,,,,,,,,,
streamweave,1783629066.782618,22037.600162141,0,0,0,0,0.004705625655145445,0,55.69181546023355,62.898570538558786,248.995,245.733,240.16,241.391,245.059,243.649,496.289,529.192
streamweave,1783629081.5826545,22052.400198581,,,,,,,,,,,,,,,,
streamweave,1783629081.783073,22052.600617042,0,0,78.77704802378689,72.48257628847915,72.94926173006363,73.00970975676015,72.94238759636428,74.12191083398348,246.44,243.264,715.255,651.862,722.534,652.33,662.067,649.521
streamweave,1783629096.5818825,22067.399426575,,,,,,,,,,,,,,,,
streamweave,1783629096.7823951,22067.599939048,0,0,57.92364333972229,0,58.31989003643909,0,0,62.1639561940347,245.927,242.47,513.866,241.241,522.391,245.581,241.119,528.25
streamweave,1783629111.5819998,22082.399543731,,,,,,,,,,,,,,,,
streamweave,1783629111.782459,22082.600002914,0,0,81.87585429518494,81.43440554585244,82.06662351089169,80.8030100154562,81.08459666979806,72.20252782726693,245.457,242.235,772.559,755.997,411.372,771.662,776.704,751.478
streamweave,1783629126.582701,22097.400244955,,,,,,,,,,,,,,,,
streamweave,1783629126.7831478,22097.60069178,0,0,65.2966863157563,64.11570461313309,67.43643363647513,67.24942883407844,62.81175221126758,67.193207380539,245.362,241.935,534.259,539.374,571.849,560.371,545.727,568.56
streamweave,1783629141.5820477,22112.399591582,,,,,,,,,,,,,,,,
streamweave,1783629141.7824285,22112.599972573,0,0,0,0,0,0,0,0,245.178,241.812,240.035,240.996,244.983,244.201,240.165,242.384
streamweave,1783629156.5826974,22127.400241316,,,,,,,,,,,,,,,,
streamweave,1783629156.7831895,22127.600733633,0,0,86.54887169748224,86.82381992896694,86.21478008646926,88.49203982736108,87.46676396559067,86.98201833424368,245.003,241.735,819.433,820.303,846.392,851.965,812.97,835.836
streamweave,1783629171.5824852,22142.400029137,,,,,,,,,,,,,,,,
streamweave,1783629171.7829466,22142.600490578,0,0,67.35075691796195,67.70027818121159,67.0151543957061,68.45061812484641,68.54479305019949,67.07216979753923,245.038,241.556,550.718,561.197,559.931,562.972,559.734,572.384
streamweave,1783629186.58282,22157.400363929,,,,,,,,,,,,,,,,
streamweave,1783629186.7830431,22157.600587083,0,0,36.222175987304595,27.34064888550421,40.57072514966522,21.221692244940808,23.225870112155576,31.115032010286715,245.012,241.735,240.182,243.368,245.342,257.044,240.792,242.976
streamweave,1783629201.582021,22172.399565019,,,,,,,,,,,,,,,,
streamweave,1783629201.7825124,22172.600056385,0,0,0,0,0,0,0,0,244.96,241.682,239.307,239.809,244.236,242.763,239.754,242.008
streamweave,1783629216.5827363,22187.400280291,,,,,,,,,,,,,,,,
streamweave,1783629216.7831693,22187.60071323,0,0,0,0,0,0,0,0,244.919,241.577,238.906,239.274,243.445,242.034,239.169,241.482
streamweave,1783629231.5827734,22202.400317378,,,,,,,,,,,,,,,,
streamweave,1783629231.7832236,22202.600767553,0,0,0,0,0,0,0,0,245.422,241.999,238.467,238.997,243.147,241.776,239.125,241.21
streamweave,1783629246.5820718,22217.399615738,,,,,,,,,,,,,,,,
streamweave,1783629246.796817,22217.614360986,91.88634899738402,89.42299479852778,75.73837884438393,74.50261332772432,74.99504292757183,76.3269112812362,76.57881000662535,75.34226699868564,789.801,776.894,669.869,664.721,682.017,677.607,667.612,678.613
streamweave,1783629261.582652,22232.400196003,,,,,,,,,,,,,,,,
streamweave,1783629261.7831776,22232.600721667,0,0,67.49245502741985,0,0,0,0,0,462.08,458.977,532.594,241.776,244.286,242.993,240.1,242.762
streamweave,1783629276.5831223,22247.400666311,,,,,,,,,,,,,,,,
streamweave,1783629276.783476,22247.601020018,0,0,74.78395682536244,75.11622718495792,75.36645357546755,75.02269495593949,74.6913196839775,75.45455336079787,781.908,791.819,660.484,667.732,672.603,668.171,664.88,679.928
streamweave,1783629291.5821412,22262.399685128,,,,,,,,,,,,,,,,
streamweave,1783629291.7827053,22262.600249291,91.64619027699322,89.61265692905135,73.81151837155764,75.39844340025267,75.62961007212108,75.05667294969184,75.08355658786596,74.87162865015073,788.157,761.181,651.396,648.557,657.249,658.131,644.205,654.067
streamweave,1783629306.582386,22277.399929956,,,,,,,,,,,,,,,,
streamweave,1783629306.7827399,22277.600283824,88.78210373722229,88.22602772900582,76.85302524090493,77.0364789123284,75.86515586620901,74.82920579588766,77.05226159028102,76.80102149663826,350.695,344.203,658.619,660.681,668.046,676.416,662.989,667.451
streamweave,1783629321.5827072,22292.400251109,,,,,,,,,,,,,,,,
streamweave,1783629321.7867703,22292.60431446,89.40026380686948,87.46644559185884,60.718207341362614,66.23207072019844,65.92208173238193,65.43902295858888,66.70002448030726,65.55387457421652,923.83,907.122,531.132,546.464,551.443,549.897,554.711,551.71
streamweave,1783629336.5825965,22307.400140554,,,,,,,,,,,,,,,,
streamweave,1783629336.7840981,22307.601642168,86.51922784761737,84.99995272241344,74.50721576558558,75.96771031060972,75.70126838521485,75.80927903254069,75.63909696586484,75.7845564783963,712.679,739.315,659.965,655.381,665.584,668.704,656.469,671.392
streamweave,1783629351.5828586,22322.400402548,,,,,,,,,,,,,,,,
streamweave,1783629351.783134,22322.600677911,45.95281762295278,47.622396060412456,56.26011355025513,0,0,0,56.72261571582883,0,889.764,892.889,506.3,241.032,245.597,243.184,505.193,242.473
streamweave,1783629366.5821285,22337.399672625,,,,,,,,,,,,,,,,
streamweave,1783629366.78252,22337.600064123,46.896413356734335,85.18264457791206,77.70301632388355,76.92291758397542,76.65989566462036,75.36745453749238,77.06023211521386,75.1367633239545,926.741,928.16,668.327,671.82,681.871,679.87,675.431,679.62
streamweave,1783629381.5825737,22352.400117649,,,,,,,,,,,,,,,,
streamweave,1783629381.7830138,22352.600557869,89.29165862662231,87.21731508977938,71.7029141560476,73.19448089263066,74.2951721272887,72.32290030051658,72.33276726831842,72.53178546570851,901.322,890.968,632.857,638.861,651.36,647.933,637.933,642.672
streamweave,1783629396.5828848,22367.400428774,,,,,,,,,,,,,,,,
streamweave,1783629396.7832355,22367.600779504,69.86113776379078,64.89037866102186,77.27233873778401,77.7124945848472,77.7007413105741,77.78864633800464,77.25963534561508,77.8128836523133,341.277,348.965,663.953,664.425,674.637,673.084,673.02,672.953
streamweave,1783629411.5826526,22382.400196479,,,,,,,,,,,,,,,,
streamweave,1783629411.8598762,22382.677420182,0,0,0,0,0,0,0,0,252.26,248.938,243.922,244.606,249.006,247.449,244.11,246.243
streamweave,1783629426.5822287,22397.399772615,,,,,,,,,,,,,,,,
streamweave,1783629426.7826855,22397.600229534,91.5469395163659,87.99238176370187,72.33361387545548,73.92481102174638,73.09644410421959,73.01698692908786,72.18060595764267,71.58810010756534,905.072,891.517,619.004,636.877,652.663,653.358,629.121,637.423
streamweave,1783629441.5826788,22412.400222702,,,,,,,,,,,,,,,,
streamweave,1783629441.7830696,22412.600613711,32.41150923379746,0,66.10234173591915,57.21541779718212,56.81957135128095,0,0,0,852.487,839.962,531.96,507.516,518.28,244.229,241.5,242.184
streamweave,1783629456.582726,22427.400269984,,,,,,,,,,,,,,,,
streamweave,1783629456.7831411,22427.600685065,78.83348424969977,78.00078700256744,74.07868014922244,75.00070808402246,73.74180221662942,74.46038047054836,74.63854203283937,73.7711727503362,896.924,909.656,662.059,657.867,666.301,664.631,658.963,664.204
streamweave,1783629471.5820396,22442.399583647,,,,,,,,,,,,,,,,
streamweave,1783629471.782487,22442.600031026,83.45631079230297,81.17580804957973,76.38871135664793,75.9252137690022,76.10167215819214,74.30460736868852,75.9065564593718,76.28781453084973,915.1,887.046,661.759,670.261,670.035,663.434,671.743,678.918
streamweave,1783629486.5826101,22457.400154036,,,,,,,,,,,,,,,,
streamweave,1783629486.7829568,22457.600500834,87.28024697963104,83.24190991967826,77.41703393044578,77.42843602614109,76.99326529325,77.40024329912144,77.56381153577284,77.74625921953508,890.252,880.932,531.65,541.878,541.659,485.546,530.1,526.521
streamweave,1783629501.5822268,22472.399770814,,,,,,,,,,,,,,,,
streamweave,1783629501.7827024,22472.600246475,91.45393082869673,89.93843800821931,71.49662960950194,69.54315259964893,70.06905576373457,68.66552590829089,69.70434296336427,72.16090698452463,904.12,886.872,620.488,608.358,608.006,612.038,606.72,631.742
streamweave,1783629516.582216,22487.399760119,,,,,,,,,,,,,,,,
streamweave,1783629516.7825902,22487.600134165,80.46918331863336,79.81619664858653,75.16602596240168,75.72469039218377,77.63590615288211,77.49319270834219,77.38233313421503,75.7403987428922,790.748,810.721,615.568,612.107,641.281,636.143,631.2,613.133
streamweave,1783629531.5821939,22502.39973788,,,,,,,,,,,,,,,,
streamweave,1783629531.7825732,22502.600117284,0,0,65.0756710218933,57.26404123970191,66.27675886804248,66.16832238563128,66.34461158552385,65.92485568851352,679.2,728.807,540.934,529.551,567.376,553.846,545.617,558.717
streamweave,1783629546.5820558,22517.399599907,,,,,,,,,,,,,,,,
streamweave,1783629546.7824922,22517.600036246,91.87258672586816,89.84524958730401,74.63839138808403,74.4532339671189,74.50745803481209,74.92428955477439,74.55793944158361,74.69164808338253,882.11,887.535,648.658,657.77,658.402,667.621,660.032,655.165
streamweave,1783629561.5825987,22532.400142595,,,,,,,,,,,,,,,,
streamweave,1783629561.783036,22532.600580106,0.00004265974386417264,22.715417113928837,73.52347428311317,72.03800780155571,70.3302951055205,72.57180222902569,70.51024927797754,70.54754085423237,252.204,248.77,646.209,650.235,659.949,660.516,659.14,667.309
streamweave,1783629576.5825212,22547.400065109,,,,,,,,,,,,,,,,
streamweave,1783629576.782875,22547.600419109,89.43541253300502,89.50442789724785,56.67203701832639,60.53947059525011,59.33060918736322,60.13132130477026,59.01817419060988,59.66729764091819,905.504,914.58,507.884,514.623,519.277,519.065,510.954,522.502
streamweave,1783629591.5828004,22562.400344482,,,,,,,,,,,,,,,,
streamweave,1783629591.7831752,22562.600719263,91.63696278015608,88.90285139391115,71.44569671332582,72.14450516124344,71.53894552631364,72.36693254948611,73.41070945721532,73.89187778013934,917.889,891.362,653.912,652.497,664.898,669.983,653.623,663.714
streamweave,1783629606.5822165,22577.399760403,,,,,,,,,,,,,,,,
streamweave,1783629606.7826197,22577.600163817,83.97280218092313,83.79271829267513,75.48062552707798,75.10904147726441,72.00548556243136,72.38057227681317,75.74337561886931,76.09285311318816,902.144,892.27,604.127,600.106,594.929,599.021,600.576,608.793
streamweave,1783629621.5827708,22592.400314781,,,,,,,,,,,,,,,,
streamweave,1783629621.7831197,22592.600663693,91.92902975831576,89.3569041202973,65.74989232618604,62.85687153048533,55.18792893334561,66.28943019862794,62.31516064583171,57.72515305679775,894.692,890.844,529.492,529.88,513.517,554.134,532.607,519.102
streamweave,1783629636.5827012,22607.400245183,,,,,,,,,,,,,,,,
streamweave,1783629636.7906508,22607.608194955,90.10824428369712,89.14638980806822,76.69573601518917,76.75540844817839,76.6479546772661,72.26224989047073,72.44965054314369,74.58872581385668,889.333,906.205,533.587,533.253,538.948,550.666,524.123,543.482
streamweave,1783629651.5818253,22622.399369308,,,,,,,,,,,,,,,,
streamweave,1783629651.7823513,22622.59989537,84.91638675412936,81.21287079388036,68.35941957619984,66.52488161031907,66.90408943874833,66.45198769940524,69.0449340981948,68.4508943796984,646.04,661.567,578.218,554.613,600.128,563.187,587.975,582.933
streamweave,1783629666.5825603,22637.400104198,,,,,,,,,,,,,,,,
streamweave,1783629666.7829971,22637.600541026,90.29481627440694,83.52760092575141,68.40956935003123,69.8703301314467,68.54239868813885,69.67340201429843,68.60316500674664,64.65731440120346,900.356,865.225,608.184,604.349,604.399,620.723,593.587,571.312
streamweave,1783629681.5821767,22652.399720695,,,,,,,,,,,,,,,,
streamweave,1783629681.7826319,22652.600175901,0,21.6217428871647,70.91276874578482,64.48608864787185,69.69526002056067,70.47226833970743,69.4004416103073,66.63781185714541,343.624,339.482,643.876,644.383,665.439,666.226,647.494,655.396
streamweave,1783629696.5820425,22667.399586466,,,,,,,,,,,,,,,,
streamweave,1783629696.7824838,22667.600027902,0,0,0,0,0,0,0,0,449.94,430.698,326.855,242.146,313.621,328.48,318.748,320.966
streamweave,1783629711.5825093,22682.40005327,,,,,,,,,,,,,,,,
streamweave,1783629711.7829325,22682.600476471,0,0,81.21998984962741,78.6967755300491,77.5043933617944,81.6457179317123,70.93556519643795,73.73847761554458,246.896,243.444,776.401,738.719,760.845,781.57,724.638,740.657
streamweave,1783629726.5825205,22697.400064545,,,,,,,,,,,,,,,,
streamweave,1783629726.7828388,22697.600382839,0,0,61.843027292099904,57.234899455205344,63.34310257668998,52.75558177177469,64.1011670244626,60.71220740220753,246.111,242.621,519.793,515.603,542.8,515.605,533.071,526.99
streamweave,1783629741.581848,22712.399391814,,,,,,,,,,,,,,,,
streamweave,1783629741.7821906,22712.599734605,0,0,81.19267963645169,80.69412690768633,74.43193766436737,81.07750765092501,80.13869503225077,81.26347663018957,245.491,242.217,802.911,793.471,762.333,820.418,777.069,824.914
streamweave,1783629756.582396,22727.399940014,,,,,,,,,,,,,,,,
streamweave,1783629756.7829115,22727.600455484,0,0,72.3027254477873,75.50546628687455,72.76636235490611,69.60319883654064,73.501957335287,71.16673418278796,245.327,242.045,638.839,648.238,656.066,621.187,649.016,638.888
streamweave,1783629771.5819967,22742.399540715,,,,,,,,,,,,,,,,
streamweave,1783629771.7823665,22742.599910568,0,0,58.72704887813247,67.52529639053263,62.976411493642125,58.390771787479764,58.10727552005089,0,245.192,241.884,518.305,541.686,529.297,525.226,517.443,242.878
streamweave,1783629786.5820777,22757.39962178,,,,,,,,,,,,,,,,
streamweave,1783629786.7826416,22757.600185724,0,0,81.76086240984459,78.69783889976351,78.46600041205105,79.66492736445785,75.84262594985903,0,245.153,241.824,807.036,803.816,799.926,788.853,784.338,598.246
streamweave,1783629801.5821304,22772.399674441,,,,,,,,,,,,,,,,
streamweave,1783629801.7825885,22772.600132557,0,0,73.45891661248632,72.3113105541242,72.46389983426306,72.78110879192481,73.91991507117875,73.53855122172793,244.992,241.647,660.29,665.717,657.136,654.366,647.527,658.949
streamweave,1783629816.582571,22787.400115124,,,,,,,,,,,,,,,,
streamweave,1783629816.7829518,22787.600495723,0,0,67.11811262611545,65.90200437356694,64.69242505203525,64.31318468969877,65.91734375467485,63.617591267955554,245.055,241.559,545.505,540.327,544.12,533.661,544.056,531.071
streamweave,1783629831.5826023,22802.400146343,,,,,,,,,,,,,,,,
streamweave,1783629831.7827747,22802.60031859,0,0,0,0,0,0,0,0,245.034,241.721,240.016,240.815,244.85,373.362,240.349,242.513
streamweave,1783629846.5823257,22817.39986968,,,,,,,,,,,,,,,,
streamweave,1783629846.7828069,22817.600350908,0,0,0,0,0,0,0,0,244.836,241.696,239.017,239.524,243.705,242.406,239.464,241.588
streamweave,1783629861.5827122,22832.400256187,,,,,,,,,,,,,,,,
streamweave,1783629861.7831197,22832.600663574,0,0,0,0,0,0,0,0,244.831,241.611,238.694,239.154,243.194,241.827,239.108,241.144
streamweave,1783629876.5826654,22847.400209524,,,,,,,,,,,,,,,,
streamweave,1783629876.7831938,22847.600737883,92.09261261594196,89.55157787067198,75.1224734599902,75.76961688207419,77.91589905921316,70.97736764015278,76.35535616988858,76.99228026603048,899.8,895.979,660.21,664.804,660.144,674.379,666.592,673.432
streamweave,1783629891.5826838,22862.400227718,,,,,,,,,,,,,,,,
streamweave,1783629891.7831383,22862.600682207,91.20139342749538,84.97701524775808,66.84595861474166,66.85753821481086,65.48732806915373,64.47363700908426,65.877848294965,65.20591153091448,862.317,873.041,553.239,549.207,570.583,547.072,558.699,558.443
streamweave,1783629906.582126,22877.399669915,,,,,,,,,,,,,,,,
streamweave,1783629906.7825196,22877.600063696,51.63159466174753,50.273812880877124,56.67186941615139,61.924879951887135,64.65236819215644,60.86431906542757,64.25541252238226,65.06208952010752,913.09,881.095,509.73,537.77,541.747,536.627,529.34,545.684
streamweave,1783629921.5827775,22892.400321456,,,,,,,,,,,,,,,,
streamweave,1783629921.783274,22892.600817941,84.4114092776349,89.42735773001873,71.08623938983601,68.83871869948489,68.71412368298542,69.57472453745595,73.34511126757496,71.58743850425941,880.9,865.783,641.62,641.742,651.146,650.768,638.869,650.408
streamweave,1783629936.5828154,22907.400359526,,,,,,,,,,,,,,,,
streamweave,1783629936.7833042,22907.60084816,91.74106942623624,89.40017204584466,76.0772755389706,74.42710358645374,73.62009584575569,74.86053729021354,75.37551510026972,76.4780238966009,865.907,858.306,665.947,665.158,657.899,666.934,664.246,676.313
streamweave,1783629951.5820513,22922.399595194,,,,,,,,,,,,,,,,
streamweave,1783629951.7824023,22922.599946291,68.53135321394089,68.85907152078096,59.654354498136584,62.55608426275611,62.2803096362755,60.88031044700515,0,55.35355621547369,856.354,826.312,511.257,525.513,529.975,527.759,364.083,519.343
streamweave,1783629966.5820098,22937.399553887,,,,,,,,,,,,,,,,
streamweave,1783629966.7825072,22937.600051223,83.79477686883995,78.69450498742063,75.49183858116729,75.6999104770671,73.93102853776932,76.91458650355682,78.06341594894477,76.81466276258425,860.832,869.743,669.48,667.214,679.66,672.164,666.599,675.701
streamweave,1783629981.5828886,22952.400432565,,,,,,,,,,,,,,,,
streamweave,1783629981.783436,22952.600979967,84.37357697861297,82.5654865526608,65.17924168302113,0,65.82890934646477,66.37915124411347,66.1265574589869,65.85001634262126,826.615,809.305,538.661,353.605,553.965,548.53,547.869,554.703
streamweave,1783629996.5824962,22967.400040058,,,,,,,,,,,,,,,,
streamweave,1783629996.782906,22967.600450034,90.42084185049183,89.79973806948414,0,57.00166413742799,64.84843894211588,66.06914094439595,58.45795886424585,56.65367821130658,862.5,843.205,442.418,516.181,544.085,543.881,533.507,522.378
streamweave,1783630011.5819168,22982.399460701,,,,,,,,,,,,,,,,
streamweave,1783630011.7823825,22982.599926601,92.09363938720769,90.54723620490864,70.06572877719779,63.9516352944842,68.98510434160531,71.63302768232465,67.46661394619126,69.4156130642337,858.873,856.293,645.959,639.124,657.476,655.941,625.063,650.3
streamweave,1783630026.5821466,22997.399690698,,,,,,,,,,,,,,,,
streamweave,1783630026.7826355,22997.600179562,91.4040331562079,83.18338048477698,75.66486820071259,76.89409168417707,77.46816666851102,73.72878675624276,76.35419758451587,74.43581034365681,905.972,893.186,668.71,674.739,676.81,681.918,667.938,679.411
streamweave,1783630041.5822923,23012.399836299,,,,,,,,,,,,,,,,
streamweave,1783630041.782399,23012.599942838,0,0,66.28344769510328,69.06708909866181,64.28667916033129,66.40192025319584,65.83970319570929,64.74829220026241,249.285,245.976,593.257,675.813,562.085,616.742,591.463,629.888
streamweave,1783630056.582571,23027.400115099,,,,,,,,,,,,,,,,
streamweave,1783630056.782998,23027.600541998,89.83074868739843,88.71713807270957,65.6265377168242,67.12398854455306,66.51965505022244,66.16389364332011,68.3481911324998,65.44371197891795,884.735,896.537,555.126,567.595,554.559,568.432,584.431,582.817
streamweave,1783630071.5824316,23042.399975562,,,,,,,,,,,,,,,,
streamweave,1783630071.7828927,23042.600436722,88.70267968676416,88.7984121910603,69.61999767767638,71.20310004070271,69.2287704160448,68.37841821882849,72.87831498542148,70.41057421278809,902.419,875.475,645.503,654.676,666.733,666.129,651.922,657.569
streamweave,1783630086.5827606,23057.400304577,,,,,,,,,,,,,,,,
streamweave,1783630086.7831547,23057.600698727,0,0,59.07349074261694,55.5482274309554,55.83931309609213,66.25851283572743,59.30786878238672,0,397.982,397.162,511.636,511.742,521.798,543.635,512.454,498.54
streamweave,1783630101.5819242,23072.399468237,,,,,,,,,,,,,,,,
streamweave,1783630101.782389,23072.599932874,81.32368151369239,80.27189188972858,68.72707641880005,71.73728003367033,67.51929201070578,75.00461225319725,73.03134529195749,70.85619223177977,885.304,896.485,657.067,645.855,646.454,660.47,653.92,654.61
streamweave,1783630116.5825117,23087.4000556,,,,,,,,,,,,,,,,
streamweave,1783630116.7829976,23087.600541529,91.17501333743702,92.11341916551645,77.45394232601761,75.53352319049908,74.69437683255322,78.42414065522729,75.56885396410004,77.29700611624071,894.251,880.746,669.973,665.274,682.406,677.245,664.744,678.244
streamweave,1783630131.5826457,23102.400189754,,,,,,,,,,,,,,,,
streamweave,1783630131.783081,23102.600625037,0,0,0,0,0,0,0,0,799.112,736.9,435.579,454.905,245.855,244.893,241.237,242.663
streamweave,1783630146.5821302,23117.399674083,,,,,,,,,,,,,,,,
streamweave,1783630146.782606,23117.600149817,92.34627617775944,89.67359815869082,73.99685084705906,73.92076344984572,75.98868723011654,74.16873101670149,74.87274991549606,74.87011441077213,863.712,875.988,669.298,669.894,683.187,674.553,662.285,667.501
streamweave,1783630161.582689,23132.400232976,,,,,,,,,,,,,,,,
streamweave,1783630161.7831268,23132.600670925,84.60179721573833,90.80865109527218,61.33912728761438,56.00566829974972,64.93318971435069,57.10229926883049,56.3822677889072,0,568.121,604.492,513.19,510.826,534.066,514.319,506.491,242.372
streamweave,1783630176.5820274,23147.399571433,,,,,,,,,,,,,,,,
streamweave,1783630176.7960405,23147.613584528,90.66535331470725,89.7000353026012,74.51272774483516,74.7327518940012,74.58041881281262,75.27313398713167,74.46512999388055,74.70618030418929,887.05,882.753,663.164,656.841,662.233,672.768,653.481,666.035
streamweave,1783630191.5826848,23162.400228738,,,,,,,,,,,,,,,,
streamweave,1783630191.7829533,23162.600497303,92.68278405927617,89.27726743332957,74.25524904787466,73.99216563108477,71.11329500576899,71.01961764258039,71.64282923867732,71.38779994212545,914.274,903.403,662.24,669.598,668.376,676.885,655.761,662.851
streamweave,1783630206.5819972,23177.399541047,,,,,,,,,,,,,,,,
streamweave,1783630206.782387,23177.599930934,81.51023882147352,82.40187012356809,76.18181698483323,75.73439029912221,74.80784339036393,75.31753500738549,76.43961391402365,77.87934360366104,370.226,312.441,667.739,668.165,680.61,674.67,669.993,680.012
streamweave,1783630221.582662,23192.400206033,,,,,,,,,,,,,,,,
streamweave,1783630221.7939656,23192.611509655,90.48459273980221,88.16513246059122,58.27208829133777,65.17661084559204,66.28695892527496,62.32091596802777,58.21521005969886,66.15682029927255,879.109,879.087,520.066,536.364,562.833,538.938,526.193,557.261
streamweave,1783630236.5824323,23207.399976222,,,,,,,,,,,,,,,,
streamweave,1783630236.7828963,23207.600440387,72.59524466089533,89.30744591545859,76.8671117783688,76.80793323676744,74.7011321448193,74.4284070476711,73.58582078076175,74.75196123493704,817.047,820.191,658.296,667.612,679.126,678.904,669.089,673.756
streamweave,1783630251.5822556,23222.39979957,,,,,,,,,,,,,,,,
streamweave,1783630251.7966027,23222.614146662,82.34046146842955,85.14643693853297,62.822008496839565,56.53964130163749,65.94985403969382,58.29422733189017,61.023987733344576,66.34465086437032,895.256,861.027,526.369,514.912,542.161,529.453,534.75,547.136
streamweave,1783630266.582083,23237.399627105,,,,,,,,,,,,,,,,
streamweave,1783630266.7825792,23237.600123097,92.5594772501438,89.67009230673959,65.89488234439067,66.80189566597058,69.6673128027683,68.60593716976703,68.2987695553693,68.47764039366562,888.254,885.421,583.21,588.085,618.132,599.919,588.718,587.821
streamweave,1783630281.5821383,23252.399682241,,,,,,,,,,,,,,,,
streamweave,1783630281.7825987,23252.6001427,80.92751626019131,78.65209270663685,72.28948767018215,74.17777432300156,71.53701411757095,71.98377365484448,67.32784453434195,73.56266533360434,882.057,860.34,643.787,662.684,676.029,650.515,659.855,666.562
streamweave,1783630296.5822108,23267.399754815,,,,,,,,,,,,,,,,
streamweave,1783630296.7826276,23267.600171557,84.79722671657449,84.17798617013801,74.1568966144879,77.23434372515932,76.94636777209207,77.36804643961305,76.00547678385354,77.62752569414263,882.789,868.418,551.989,609.53,601.643,557.973,589.326,596.597
streamweave,1783630311.5827606,23282.400304596,,,,,,,,,,,,,,,,
streamweave,1783630311.7830887,23282.600632735,91.957317959967,88.83094883886808,68.10407896143796,68.99996939473094,68.67278265782004,66.26481735173174,68.70591405813103,68.8335268012659,921.006,904.243,575.249,592.423,591.3,559.487,601.747,616.85
streamweave,1783630326.5825522,23297.40009617,,,,,,,,,,,,,,,,
streamweave,1783630326.7829828,23297.600526923,0,0,79.90065762507355,80.46498799489842,68.35259950109732,80.56566676220899,75.10525439953611,75.2420941052573,247.294,243.913,769.253,786.687,702.542,792.359,740.997,740.883
streamweave,1783630341.5821152,23312.399659242,,,,,,,,,,,,,,,,
streamweave,1783630341.7823586,23312.599902765,0,0,66.87357203613949,62.267830971461436,66.9643631427247,67.2955914102874,66.78890825818274,66.92660502682789,246.333,242.791,538.968,530.386,551.91,558.223,557.034,575.721
streamweave,1783630356.5825508,23327.40009484,,,,,,,,,,,,,,,,
streamweave,1783630356.7829618,23327.600505767,0,0,0,0,0,0,0,0,245.772,242.366,240.285,240.7,246.137,243.44,241.238,243.188
streamweave,1783630371.5827916,23342.400335564,,,,,,,,,,,,,,,,
streamweave,1783630371.783375,23342.60091909,0,0,85.2989531429209,82.02686747700443,84.723862191103,84.70938442901812,83.44756214453517,84.7860550872269,245.516,241.922,801.849,812.956,811.104,443.593,808.859,805.426
streamweave,1783630386.5827146,23357.400258562,,,,,,,,,,,,,,,,
streamweave,1783630386.7831526,23357.60069648,0,0,0,66.06571508700154,66.23445887478498,0,0,61.960322099657795,245.24,241.811,240.694,540.297,546.695,397.892,241.01,536.614
streamweave,1783630401.582708,23372.400251986,,,,,,,,,,,,,,,,
streamweave,1783630401.783105,23372.600648782,0,0,80.40841325385702,80.46080256222669,80.4005820847123,79.82439358849291,79.9796146804328,74.8349805982848,245.176,241.906,790.207,798.547,807.061,805.626,783.064,756.69
streamweave,1783630416.5821104,23387.399654394,,,,,,,,,,,,,,,,
streamweave,1783630416.782543,23387.600086963,0,0,74.35072064757247,78.68835227092545,77.02851770064102,81.15826235217757,78.14692907955592,75.70116480920738,245.211,241.576,729.962,739.25,753.815,738.238,747.196,742.079
streamweave,1783630431.5825417,23402.400085725,,,,,,,,,,,,,,,,
streamweave,1783630431.783024,23402.600568069,0,0,66.69156444188813,57.3297960515633,66.32806949432545,67.7140981230363,57.429747458912125,66.4898247850312,244.934,241.601,548.384,514.549,552.066,560.368,517.548,548.009
streamweave,1783630446.5828834,23417.400427381,,,,,,,,,,,,,,,,
streamweave,1783630446.783247,23417.600790917,0,0,0,0,57.88151792938619,0,0,0,244.944,241.655,241.022,241.38,520.315,243.87,442.814,351.033
streamweave,1783630461.5822396,23432.399783539,,,,,,,,,,,,,,,,
streamweave,1783630461.7826843,23432.600228377,0,0,0,0,0,0,0,0,244.925,241.657,239.054,239.511,243.9,242.334,239.739,241.706
streamweave,1783630476.5826,23447.400144074,,,,,,,,,,,,,,,,
streamweave,1783630476.7828846,23447.600428631,0,0,0,0,0,0,0,0,244.945,241.477,238.491,239.03,243.435,241.814,239.128,241.287
streamweave,1783630491.5822027,23462.399746573,,,,,,,,,,,,,,,,
streamweave,1783630491.7826238,23462.600167871,80.37745672105828,84.64743962799206,77.95340023866738,76.9786644048602,76.03234170281003,76.9312253274835,76.05673265450493,77.62996186197556,541.309,554.755,657.739,660.944,670.809,670.247,663.32,670.372
streamweave,1783630506.5821242,23477.399668225,,,,,,,,,,,,,,,,
streamweave,1783630506.797545,23477.615088868,93.446525508587,92.0405346621179,66.37358552328932,66.40130101049878,65.47285783218409,67.2031610249339,66.17826163140971,66.15423023489306,889.553,886.819,565.18,577.076,576.183,578.287,552.286,553.372
streamweave,1783630521.5825043,23492.40004827,,,,,,,,,,,,,,,,
streamweave,1783630521.7828443,23492.600388342,89.28989455446012,89.99377354001071,76.00124308403579,75.52652644179041,78.04186839806883,76.69647948688898,77.6817323399306,77.15241355890502,868.741,878.914,662.26,661.954,677.128,668.117,665.189,669.603
streamweave,1783630536.582143,23507.399687021,,,,,,,,,,,,,,,,
streamweave,1783630536.782577,23507.600120994,81.36699655546155,85.29864194243375,65.06257043740686,64.91616465765652,66.27693462471325,66.3765779240967,59.31066549201864,60.113196834323446,904.134,895.319,535.338,533.051,567.987,560.52,523.918,530.766
streamweave,1783630551.582255,23522.399798947,,,,,,,,,,,,,,,,
streamweave,1783630551.782671,23522.600215031,90.23488155702412,89.4088757123737,0,55.712145442155844,65.41331835956606,60.80304629483645,0,60.28843119160066,846.792,843.592,410.224,521.668,543.989,529.173,409.063,527.682
streamweave,1783630566.5820098,23537.399553735,,,,,,,,,,,,,,,,
streamweave,1783630566.7824414,23537.599985443,90.71771071338,91.98840537290616,72.52069896195763,67.70726075065583,74.22320187234955,75.44203893739598,70.45094299427511,71.49224093661884,838.739,839.06,645.132,618.981,665.887,657.16,648.882,646.148
streamweave,1783630581.582725,23552.400269152,,,,,,,,,,,,,,,,
streamweave,1783630581.8027527,23552.620296831,0,0,0,64.84155485304028,58.274029970123976,65.08755213004436,55.31386909593806,65.55418638187598,251.637,248.438,240.438,487.931,455.323,508.598,468.818,498.841
streamweave,1783630596.582763,23567.400306853,,,,,,,,,,,,,,,,
streamweave,1783630596.7832682,23567.600812181,90.15026226839545,90.07025951646027,75.1057635132418,72.94208801517085,74.85647151965269,68.85692347394357,72.81908523459134,74.20883951245621,890.113,870.764,667.804,666.996,672.009,658.194,668.672,660.915
streamweave,1783630611.582362,23582.399905908,,,,,,,,,,,,,,,,
streamweave,1783630611.7828655,23582.600409444,90.81378013932479,88.4851386178462,77.28665446774103,77.68910647529836,75.63530814132444,77.48583024307824,77.1786830548017,77.79113354800432,904.416,900.87,657.559,662.564,666.14,671.844,666.737,668.743
streamweave,1783630626.5825899,23597.40013375,,,,,,,,,,,,,,,,
streamweave,1783630626.7829375,23597.600481426,4.453764985387947,0.00004915804601182534,56.10267830959088,0,0,0,0,55.666355910221654,250.335,246.9,510.506,241.909,245.767,243.551,259.165,514.093
streamweave,1783630641.58218,23612.399724117,,,,,,,,,,,,,,,,
streamweave,1783630641.7825413,23612.600085233,90.57772570096526,88.94647580221246,75.13479786132258,74.80128899898872,75.18470988882284,74.88805985197678,74.53441383131288,75.30525164869407,905.045,904.246,653.748,652.43,662.148,657.366,651.91,652.49
streamweave,1783630656.5821753,23627.39971925,,,,,,,,,,,,,,,,
streamweave,1783630656.7836947,23627.601238813,90.41253360961511,88.29543693884328,73.73940294156385,74.3711950804981,70.72857347323084,71.81379220478922,75.60871358475471,71.96528035902183,551.871,561.937,655.954,654.505,657.949,659.337,663.839,651.169
streamweave,1783630671.5827239,23642.400267743,,,,,,,,,,,,,,,,
streamweave,1783630671.8593507,23642.67689478,0,0,0,0,0,0,0,0,265.03,261.603,258.012,241.867,257.876,257.592,265.094,243.404
streamweave,1783630686.5825424,23657.400086339,,,,,,,,,,,,,,,,
streamweave,1783630686.7829478,23657.600491765,91.17600382820982,88.64380545226723,68.08373550984723,72.01721632620186,74.52604789256183,73.10339288097877,70.72780892446391,70.37306922097785,910.464,901.617,638.653,656.271,668.987,654.443,656.785,653.914
streamweave,1783630701.5825179,23672.400061883,,,,,,,,,,,,,,,,
streamweave,1783630701.782944,23672.60048802,5.877936303846502,5.204464702396324,77.58708754587691,77.58999753167191,77.82423369983536,75.33028226254028,77.47216234791912,76.39453345365828,249.996,246.711,667.407,662.649,668.801,664.655,651.628,655.566
streamweave,1783630716.5818455,23687.399389517,,,,,,,,,,,,,,,,
streamweave,1783630716.782258,23687.599802036,0,0,0,0,55.301197181118454,0,0,0,251.527,248.123,240.405,240.892,519.456,243.474,241.145,242.964
streamweave,1783630731.5825694,23702.400113319,,,,,,,,,,,,,,,,
streamweave,1783630731.820645,23702.638189171,91.70158495530006,90.29323098391747,74.90653714516799,75.06301811195466,75.90806132132055,74.6835973907657,74.28445704388369,74.50872801299147,854.136,836.114,665.355,665.481,680.27,671.127,669.397,675.741
streamweave,1783630746.582088,23717.399631885,,,,,,,,,,,,,,,,
streamweave,1783630746.782579,23717.600122926,88.5464912285307,90.39568982428146,76.01017457100971,73.71542819598608,70.10516976999305,71.69717030383646,72.10424911636714,75.98395133171519,391.941,394.177,650.485,654.158,636.433,668.061,658.679,671.468
streamweave,1783630761.5821848,23732.399728723,,,,,,,,,,,,,,,,
streamweave,1783630761.7824402,23732.59998427,21.622143160586518,0,59.14061806979718,61.851796279684336,0,59.87693355160992,55.91544776503441,25.802406285879805,747.552,748.976,508.843,530.943,246.344,519.45,515.736,506.721
streamweave,1783630776.582871,23747.400414935,,,,,,,,,,,,,,,,
streamweave,1783630776.7833638,23747.600907739,90.38465897846395,86.53847783061393,74.55634065209283,71.96432299778974,72.07057971872251,71.05849500767387,66.21629624291478,74.64082252027544,921.596,897.173,668.262,666.136,675.086,672.992,640.816,667.3
streamweave,1783630791.5818393,23762.399383438,,,,,,,,,,,,,,,,
streamweave,1783630791.7823792,23762.599923122,0,0,65.54355389466267,63.500311362032534,65.07730892195111,56.337175813841846,62.32360593092348,58.447650455392974,251.867,249.148,510.992,530.434,536.937,533.856,519.127,522.29
streamweave,1783630806.5828295,23777.40037339,,,,,,,,,,,,,,,,
streamweave,1783630806.7831852,23777.600729251,91.13962941391453,92.8481159797336,56.97796289871147,55.20043211515818,63.21825988865459,57.503712203320056,56.77926015932403,56.74987101158467,919.711,888.5,509.581,507.612,530.145,512.985,514.477,519.884
streamweave,1783630821.582246,23792.399789995,,,,,,,,,,,,,,,,
streamweave,1783630821.7827256,23792.600269512,82.95710119585898,79.65880423395589,74.47415008469537,75.01584408466964,72.54566662529132,73.13889935454128,75.21981298556558,72.41754720379564,892.939,883.631,645.657,641.721,659.095,665.265,648.238,653.912
streamweave,1783630836.5825183,23807.400062363,,,,,,,,,,,,,,,,
streamweave,1783630836.8035789,23807.621122954,32.4420664529274,77.58300116287403,62.528548195749956,65.8196530403256,0,66.15030367604213,55.86085245334134,65.32075311513375,890.884,865.449,515.52,536.962,245.548,552.303,500.926,540.162
streamweave,1783630851.5825152,23822.400059138,,,,,,,,,,,,,,,,
streamweave,1783630851.7829719,23822.600515911,89.49157824422555,91.63028723000812,74.70849569438768,74.72595495409699,74.69577761446887,74.74830564212817,74.73070546565374,74.50048820292442,877.971,867.08,664.742,667.52,675.418,677.327,669.03,664.84
streamweave,1783630866.5824661,23837.400010014,,,,,,,,,,,,,,,,
streamweave,1783630866.8722947,23837.689838783,85.23887670757097,72.43184934452121,76.04128227869985,77.0721654496248,76.81353882966202,76.81940953305724,77.65952522303728,75.79754098892043,895.143,874.963,666.756,674.394,690.125,687.546,678.727,675.263
streamweave,1783630881.5826209,23852.400164872,,,,,,,,,,,,,,,,
streamweave,1783630881.7829266,23852.600470659,0,0,60.581088478234705,57.61119170576474,63.12073651234894,67.40599202245754,55.82960176782563,43.65639655344724,252.003,248.843,515.316,527.021,535.938,507.784,529.921,328.065
streamweave,1783630896.582735,23867.400278981,,,,,,,,,,,,,,,,
streamweave,1783630896.78321,23867.600754142,90.10652115165314,88.80877439157231,72.85107204482091,74.06526745477389,72.95646602465303,70.93801194191073,68.8657619211899,72.14036677643823,878.91,872.637,627.132,640.199,655.629,629.973,604.533,638.802
streamweave,1783630911.5826418,23882.400185838,,,,,,,,,,,,,,,,
streamweave,1783630911.783026,23882.600570052,83.95764454484949,89.79654706091866,62.98264542461273,59.288689304711895,67.6385758564018,60.43120399986631,70.29802580948304,47.17951775089488,860.353,890.465,509.327,529.722,530.822,515.081,361.375,495.896
streamweave,1783630926.5827997,23897.400343661,,,,,,,,,,,,,,,,
streamweave,1783630926.7832208,23897.60076474,85.57256628751934,90.75525153251942,69.52489761373263,71.10669754815368,69.83552102261267,72.06362941568399,69.7360871592188,69.3437947686067,855.261,843.479,621.491,616.462,635.923,634.829,614.517,617.454
streamweave,1783630941.5819192,23912.399463271,,,,,,,,,,,,,,,,
streamweave,1783630941.7823613,23912.599905379,89.2636452554312,87.64303309282718,74.84435522023519,75.41189694243852,75.20948895897901,75.10048798789725,74.13035161486258,75.30998636164577,906.942,908.105,659.737,665.249,675.5,676.484,656.784,675.238
streamweave,1783630956.5821075,23927.39965151,,,,,,,,,,,,,,,,
streamweave,1783630956.7825239,23927.600067926,0,0,80.9103355748839,76.36204313704626,70.12290402824708,70.81283890767823,71.95637788375102,76.56924511300234,248.081,244.808,805.47,776.054,735.491,734.778,743.133,776.753
streamweave,1783630971.5822005,23942.399744417,,,,,,,,,,,,,,,,
streamweave,1783630971.7825472,23942.600091199,0,0,68.49998190248185,71.39990313551434,76.98340230274233,70.7788950034748,73.72224802699122,74.22567794647301,246.354,243.077,596.604,654.079,687.916,629.021,690.306,657.848
streamweave,1783630986.5825753,23957.400119217,,,,,,,,,,,,,,,,
streamweave,1783630986.782999,23957.600543124,0,0,58.95341424860907,62.623655713735225,57.48470353573823,58.29970781491276,57.63104875064155,0,245.95,242.432,517.348,525.322,522.491,528.691,517.416,242.855
streamweave,1783631001.5821908,23972.399734767,,,,,,,,,,,,,,,,
streamweave,1783631001.7826653,23972.600209271,0,0,80.8219045847971,83.24364443729515,80.62365425698006,80.53721661631823,82.4580722397779,80.42705249767133,245.47,242.297,804.616,824.99,805.42,817.026,817.801,791.508
streamweave,1783631016.582779,23987.400322892,,,,,,,,,,,,,,,,
streamweave,1783631016.783009,23987.60055309,0,0,64.98750787955946,69.62171345840552,64.3602853864615,64.80544959576827,66.93189888424162,66.63025396706138,245.268,241.978,543.643,588.222,555.592,545.195,570.817,564.32
streamweave,1783631031.5820732,24002.399617268,,,,,,,,,,,,,,,,
streamweave,1783631031.782481,24002.600025062,0,0,78.81439839981844,79.89565181491866,79.50462025442721,75.18951670742976,78.94262385470778,76.17891399648643,245.203,241.925,384.938,756.938,772.353,744.519,757.694,732.232
streamweave,1783631046.5819786,24017.399522469,,,,,,,,,,,,,,,,
streamweave,1783631046.7824388,24017.599982832,0,0,85.92718028530408,85.17819315680802,84.77401724805127,86.8795891141523,85.48433889749761,0,245.206,241.683,791.681,817.34,829.385,824.907,813.174,490.319
streamweave,1783631061.582021,24032.399564996,,,,,,,,,,,,,,,,
streamweave,1783631061.7824914,24032.600035564,0,0,65.53872980659918,67.19310225773873,65.10640747940289,68.25782427446865,67.36336305756355,67.55667985975732,245.059,241.63,533.981,556.717,537.493,566.889,550.125,558.12
streamweave,1783631076.5825453,24047.400089306,,,,,,,,,,,,,,,,
streamweave,1783631076.7829015,24047.600445583,0,0,58.530051631127264,55.901662923305594,57.37416096504013,59.15450362283973,58.81270292133378,58.76004767707861,245.0,241.577,512.664,517.382,521.564,526.102,522.578,522.176
streamweave,1783631091.5825243,24062.400068216,,,,,,,,,,,,,,,,
streamweave,1783631091.7829363,24062.600480327,0,0,0,0,0,0,0,0,244.93,241.696,239.016,239.575,243.953,242.623,239.793,241.756
streamweave,1783631106.5826225,24077.400166465,,,,,,,,,,,,,,,,
streamweave,1783631106.7829812,24077.600525246,0,0,0,0,0,0,0,0,244.974,241.642,238.814,239.274,243.327,241.931,239.425,241.416
streamweave,1783631121.5821488,24092.399692897,,,,,,,,,,,,,,,,
streamweave,1783631121.7826374,24092.600181302,90.39029318110295,90.26784411344154,0,0,0,0,0,0,443.901,428.785,238.55,238.893,243.078,241.733,239.063,241.178
streamweave,1783631136.5820372,24107.399581219,,,,,,,,,,,,,,,,
streamweave,1783631136.7822986,24107.599842523,92.65484127148325,91.01581947953818,69.58548648801249,73.4037172284725,69.66649059794321,73.10377515838262,70.59496942848989,70.36810672938988,916.391,908.059,609.815,630.763,619.43,637.233,621.709,620.582
streamweave,1783631151.5820727,24122.399616845,,,,,,,,,,,,,,,,
streamweave,1783631151.7825806,24122.600124729,80.4699998460347,86.1197219908726,75.17942435502712,75.31350986383129,71.79119867924439,75.10161731742797,76.55074288889833,75.45585200997958,891.343,878.87,662.283,663.431,673.357,674.272,666.721,668.135
streamweave,1783631166.5823987,24137.399942535,,,,,,,,,,,,,,,,
streamweave,1783631166.7825778,24137.600121816,86.18590448436963,86.75140678704787,76.1578857748806,75.09973591613111,77.54219208620509,70.24837363647715,74.57148909303164,75.042542324879,864.94,860.82,653.568,654.42,671.999,648.727,658.604,667.761
streamweave,1783631181.5825284,24152.400072242,,,,,,,,,,,,,,,,
streamweave,1783631181.7829232,24152.600467136,90.82762973037715,89.34757163405219,62.729289102028865,67.77278833630234,65.88296962452817,66.20644114405465,66.91448032055163,67.221763669776,877.837,875.717,524.995,561.008,554.0,545.928,557.48,553.937
streamweave,1783631196.5821953,24167.399739336,,,,,,,,,,,,,,,,
streamweave,1783631196.782603,24167.60014699,90.02813573710422,89.11530485428699,78.13526991538332,73.22507586077053,75.47191473502457,72.92419216834935,76.91606968135092,76.35443791854698,903.644,889.471,668.064,670.183,672.371,667.682,674.633,677.571
streamweave,1783631211.5829082,24182.400452103,,,,,,,,,,,,,,,,
streamweave,1783631211.7833145,24182.600858494,0,0,73.09292613805763,73.20764530370226,72.58752062888968,73.5446285246395,71.03594021356314,73.23236996016017,261.097,251.651,513.241,554.817,532.388,590.048,543.2,586.015
streamweave,1783631226.582697,24197.400240964,,,,,,,,,,,,,,,,
streamweave,1783631226.7830572,24197.600601106,91.4721512396195,75.94439403235384,64.20985913631169,55.72038194319524,59.07611328758456,65.73818713008454,62.18985434579204,61.536416175264776,847.403,846.701,537.15,518.226,521.691,545.084,531.065,534.286
streamweave,1783631241.582517,24212.400061012,,,,,,,,,,,,,,,,
streamweave,1783631241.782949,24212.600492862,90.61955253009755,86.79261166046194,0,0,0,0,0,0,415.854,404.129,239.855,240.014,244.718,243.146,239.988,242.205
streamweave,1783631256.5822132,24227.399757114,,,,,,,,,,,,,,,,
streamweave,1783631256.7827213,24227.600265228,91.90919978956971,89.23434156285914,68.1035264236168,70.73044091208733,69.11119642471579,68.3580971735951,71.95047597383127,72.00192333114114,887.424,880.268,577.342,618.186,619.558,600.704,625.982,633.338
streamweave,1783631271.5824263,24242.399970378,,,,,,,,,,,,,,,,
streamweave,1783631271.782865,24242.60040912,91.39504801604666,89.8644333292131,75.64555625530677,75.7901960315022,76.65906022200893,75.97053557408287,75.23593480269805,73.24306653503766,891.708,899.375,672.383,666.299,678.055,675.94,666.812,673.84
streamweave,1783631286.5821192,24257.3996632,,,,,,,,,,,,,,,,
streamweave,1783631286.7825398,24257.600083765,88.99449906379667,89.65347584375309,73.67725198682193,74.85307939745563,72.13914897900763,73.94041203976379,76.57055194404576,76.02709750796282,888.763,875.195,654.734,664.084,682.029,664.951,666.199,666.831
streamweave,1783631301.5821986,24272.399742701,,,,,,,,,,,,,,,,
streamweave,1783631301.7826407,24272.600184619,92.1381545551249,90.75287002460757,66.17964639962214,66.50186012973602,66.45921020795552,63.24882192605761,64.83094101709554,62.357451190231615,876.865,883.023,538.923,561.14,559.286,551.113,545.779,545.101
streamweave,1783631316.5828571,24287.400401101,,,,,,,,,,,,,,,,
streamweave,1783631316.7885783,24287.606122325,87.95372682191565,84.48626402304572,76.22683860310693,75.69098903741803,75.0676487680596,73.29479585916168,75.86295511236888,76.12464955226935,885.634,882.659,666.162,659.237,682.105,670.07,665.789,667.753
streamweave,1783631331.5822217,24302.399765676,,,,,,,,,,,,,,,,
streamweave,1783631331.8013017,24302.618845687,89.48616559276697,84.10702419455805,66.20520684731025,63.847277966722224,57.7835572050048,63.70749213521775,56.090386276216286,57.77453108711607,880.833,877.872,543.441,536.852,528.329,548.131,525.528,540.685
streamweave,1783631346.582222,24317.399765927,,,,,,,,,,,,,,,,
streamweave,1783631346.7825503,24317.6000944,84.72722376249187,78.8686288630963,0,58.05200779346264,55.646831475114475,49.21664352884294,0,55.245578388766994,852.514,824.631,461.134,519.753,514.831,514.404,241.994,514.128
streamweave,1783631361.5820746,24332.399618716,,,,,,,,,,,,,,,,
streamweave,1783631361.782524,24332.600068061,84.26971025059547,82.72682482321059,68.71851330029386,68.8836844826376,72.08879233519666,74.7678122497501,68.43079906513438,72.93445103918474,912.958,928.718,636.731,655.882,657.913,660.14,657.468,637.237
streamweave,1783631376.5830615,24347.400605426,,,,,,,,,,,,,,,,
streamweave,1783631376.7832348,24347.600778766,90.25092989883628,88.36142992773082,74.92807534277748,76.73894229952568,76.6258670793811,76.09110826784648,75.65998655204055,76.33175701958152,902.522,895.893,664.462,670.601,682.93,687.892,672.618,673.723
streamweave,1783631391.5819159,24362.39945997,,,,,,,,,,,,,,,,
streamweave,1783631391.782271,24362.599814895,0,21.64132536943253,61.34053180828344,60.96911736079378,55.37471550742266,55.605098065194326,58.56412115467607,58.560666487349046,792.427,775.274,520.871,530.663,511.706,523.853,516.721,518.268
streamweave,1783631406.5827425,24377.400286503,,,,,,,,,,,,,,,,
streamweave,1783631406.7832332,24377.600777182,88.02927540885584,91.88855963305194,77.25755779117624,78.10357748501998,76.01557749924595,76.3452301000617,74.75650013362493,76.00984835833597,917.017,891.756,668.178,673.798,673.985,671.903,665.221,678.207
streamweave,1783631421.5825977,24392.400141851,,,,,,,,,,,,,,,,
streamweave,1783631421.7828953,24392.600439209,82.24297405105496,90.83375455104121,58.10455243258755,62.04801067342244,58.857744843840095,65.029276476159,65.06838688675217,55.68282902539434,856.448,853.626,527.46,532.248,538.652,545.24,539.03,519.749
streamweave,1783631436.5828516,24407.400395536,,,,,,,,,,,,,,,,
streamweave,1783631436.7832131,24407.60075707,21.738000259046885,0,60.358535381787945,67.20682567808146,66.57783039984847,62.17638834565994,65.60953835979653,64.41843791640726,499.921,456.536,529.547,547.52,563.014,533.532,552.492,545.347
streamweave,1783631451.5818844,24422.39942841,,,,,,,,,,,,,,,,
streamweave,1783631451.7824144,24422.599958327,92.05464515480001,89.24630496845597,68.1407758625121,71.39593060383534,74.02021316944686,68.83478643106467,68.3796716257854,72.59897817113797,906.089,907.613,627.982,643.921,670.648,648.666,655.363,656.7
streamweave,1783631466.5821743,24437.399718355,,,,,,,,,,,,,,,,
streamweave,1783631466.782516,24437.60006008,0,0,71.61820369983609,77.755415074425,76.83196574736313,77.9328971734168,77.98895546369012,75.1915352092879,650.378,664.245,663.202,671.255,683.785,682.995,673.702,676.55
streamweave,1783631481.5827913,24452.400335213,,,,,,,,,,,,,,,,
streamweave,1783631481.7831855,24452.600729446,91.27659448932289,88.83648075420372,55.40829251007875,58.48898334685775,62.00192786447584,59.39219716249813,58.32467824711786,64.88610243963207,630.659,643.725,504.555,519.309,542.042,531.017,510.4,550.091
streamweave,1783631496.5824137,24467.399957658,,,,,,,,,,,,,,,,
streamweave,1783631496.7828524,24467.600396399,89.69743893963775,87.95146632161939,74.57718776502426,75.83867724027289,72.77427444119036,77.55462356773775,75.72940266743417,75.06654062310527,862.425,853.946,654.764,667.955,669.129,674.667,666.567,666.567
streamweave,1783631511.5825505,24482.400094567,,,,,,,,,,,,,,,,
streamweave,1783631511.7829325,24482.600476445,90.6957704889043,89.16476995628713,58.7430062745984,62.2133306112479,62.24605605995397,60.91027264322515,64.41564877104867,61.411992787777315,896.602,877.178,513.015,525.869,529.422,529.679,531.02,537.335
streamweave,1783631526.58256,24497.400104181,,,,,,,,,,,,,,,,
streamweave,1783631526.8145409,24497.632084836,94.00008952035054,88.08538656306996,68.45125010288041,70.83084375266253,64.71449059703366,65.27927870031095,66.59947144068009,68.71003763562568,613.857,608.114,592.361,622.682,579.74,562.784,588.758,599.891
streamweave,1783631541.5826046,24512.400148597,,,,,,,,,,,,,,,,
streamweave,1783631541.7830667,24512.600610644,92.24708885059319,88.86933819922463,72.6186449592498,73.67508432823354,72.56910753451582,70.55223232047545,68.3003040766315,68.9736644352257,755.203,747.295,648.078,653.166,656.091,657.266,639.788,647.336
streamweave,1783631556.5820851,24527.399629107,,,,,,,,,,,,,,,,
streamweave,1783631556.7824552,24527.599999286,83.63286518429011,91.01191525833572,77.95453318634216,76.3654265684876,78.07869393916266,78.2391290296278,77.77917658675871,78.0897585846767,882.395,872.762,667.488,665.171,677.828,679.079,668.603,674.59
streamweave,1783631571.5820816,24542.39962547,,,,,,,,,,,,,,,,
streamweave,1783631571.7825284,24542.600072435,95.36856179428612,93.35015860148978,69.76363442333327,65.88661288259507,68.9957029344405,66.30128928777334,68.31817257822888,69.56848049022044,868.228,859.694,610.097,577.472,605.02,602.5,584.854,623.625
streamweave,1783631586.5829744,24557.400518396,,,,,,,,,,,,,,,,
streamweave,1783631586.7833257,24557.60086973,0,0,76.29349582665974,84.66187436033088,86.70466396694006,83.9998437617638,86.86066623215552,85.14114640311915,247.142,243.729,757.627,796.194,786.026,799.681,800.259,806.259
streamweave,1783631601.582111,24572.399654891,,,,,,,,,,,,,,,,
streamweave,1783631601.7824411,24572.599985204,0,0,68.10873497479106,63.34135456284471,56.8624071431132,64.4607425526552,65.62375034288156,66.4213445805192,246.284,242.854,553.7,551.697,522.979,540.944,543.41,549.088
streamweave,1783631616.582613,24587.400156975,,,,,,,,,,,,,,,,
streamweave,1783631616.7831614,24587.600705295,0,0,0,0,0,0,0,0,245.656,242.417,240.36,240.134,244.43,243.068,240.785,242.596
streamweave,1783631631.582603,24602.40014694,,,,,,,,,,,,,,,,
streamweave,1783631631.7831345,24602.600678385,0,0,79.5302381617497,74.63292023330551,83.38177416855052,83.06607034131778,80.17019070922447,82.86211339564238,245.5,241.867,745.585,734.731,817.271,806.728,752.337,807.456
streamweave,1783631646.5826101,24617.400154041,,,,,,,,,,,,,,,,
streamweave,1783631646.7829733,24617.600517374,0,0,58.220907257244015,58.21772339321585,57.083897273879515,0,0,57.50068681270552,245.347,241.943,512.954,519.847,522.194,244.184,241.355,520.57
streamweave,1783631661.5826735,24632.400217482,,,,,,,,,,,,,,,,
streamweave,1783631661.7830458,24632.600589757,0,0,80.70220062365945,80.81081099121658,80.58639093572737,81.00411745307416,80.38764179811557,73.98048701762174,245.228,241.813,485.674,806.848,816.338,809.276,799.784,774.963
streamweave,1783631676.5821931,24647.399737238,,,,,,,,,,,,,,,,
streamweave,1783631676.7826958,24647.600239739,0,0,73.81795708838351,72.6003034152422,76.35388694439501,72.28845215295921,72.60966066293994,73.15966229019601,245.072,241.877,701.874,694.705,663.594,686.196,690.297,710.9
streamweave,1783631691.5821798,24662.399723774,,,,,,,,,,,,,,,,
streamweave,1783631691.7825441,24662.600088168,0,0,67.11368946347514,58.0922942358864,62.27363166371619,66.67913121314271,62.70150971404338,0,245.182,241.655,544.527,518.147,532.148,548.388,523.492,302.189
streamweave,1783631706.5821607,24677.399704652,,,,,,,,,,,,,,,,
streamweave,1783631706.7823558,24677.599899752,0,0,0,0,0,0,0,0,244.991,241.683,240.122,241.044,244.884,243.389,240.642,242.398
streamweave,1783631721.5820413,24692.399585311,,,,,,,,,,,,,,,,
streamweave,1783631721.7823796,24692.599923605,0,0,0,0,0,0,0,0,245.011,241.708,239.021,239.526,243.766,242.233,239.648,241.649
streamweave,1783631736.5826626,24707.400206609,,,,,,,,,,,,,,,,
streamweave,1783631736.78298,24707.600523991,0,0,0,0,0,0,0,0,244.921,241.657,238.689,239.191,243.296,241.907,239.147,241.246
streamweave,1783631751.5826225,24722.400166615,,,,,,,,,,,,,,,,
streamweave,1783631751.7831135,24722.600657448,86.3301935738555,84.63596553280365,77.27650398899081,75.27405645106,76.05664220055566,71.86163210725572,78.2983645742215,76.80532042961977,898.537,876.756,670.229,668.464,684.101,679.069,678.769,686.892
streamweave,1783631766.582342,24737.39988585,,,,,,,,,,,,,,,,
streamweave,1783631766.7827773,24737.60032138,88.97550264851719,88.53457627798169,58.025064363692714,64.370189524449,57.99985826641009,63.06922587801624,60.358084604670694,57.50239380126171,899.356,885.404,509.077,536.032,521.961,539.036,536.154,518.666
streamweave,1783631781.5827258,24752.400269748,,,,,,,,,,,,,,,,
streamweave,1783631781.782854,24752.600398152,84.29088260087241,83.40145807294975,77.80935803604764,76.77326670017472,76.89353680574729,78.02082248597117,77.77166625361072,77.52254742155856,894.362,883.553,663.098,661.896,679.518,660.092,663.43,666.451
streamweave,1783631796.5826063,24767.40015027,,,,,,,,,,,,,,,,
streamweave,1783631796.7830558,24767.600599865,85.99607010387604,81.65535972996894,64.33822490121763,62.07312166802378,59.914588874576594,58.388440285422185,55.52169369663681,0,876.433,849.371,529.754,528.5,532.006,522.734,515.552,405.422
streamweave,1783631811.5826237,24782.400167755,,,,,,,,,,,,,,,,
streamweave,1783631811.7829654,24782.600509399,52.54142492276485,64.15127230785774,65.82718634433266,60.65973353070737,65.77856989359938,0,64.3441123487621,58.56428247440939,863.015,827.328,540.254,525.241,554.768,417.749,538.52,522.502
streamweave,1783631826.5826492,24797.400193114,,,,,,,,,,,,,,,,
streamweave,1783631826.7831073,24797.600651372,49.484534187671834,47.025338200016954,69.39900404593425,67.96616973464826,69.25362387473936,66.06156243301892,70.6339205219828,68.93607466935808,849.505,828.906,626.871,638.052,650.226,619.689,645.39,641.698
streamweave,1783631841.5821693,24812.399713306,,,,,,,,,,,,,,,,
streamweave,1783631841.7826617,24812.600205702,80.6123768169275,36.17381588874966,12.651246212877293,0,58.534973665295894,0,0,19.484111608776907,251.225,296.385,496.989,240.93,520.991,243.968,439.403,494.281
streamweave,1783631856.5826008,24827.400144762,,,,,,,,,,,,,,,,
streamweave,1783631856.782934,24827.600477999,81.13628049271229,88.5573459050282,70.33369987920838,69.7160899619276,68.49285956676994,69.24334413036907,66.05277610220658,68.23502585931807,896.279,871.593,619.645,633.797,644.066,653.716,638.38,654.251
streamweave,1783631871.5819263,24842.399470321,,,,,,,,,,,,,,,,
streamweave,1783631871.7824,24842.599943918,91.15867953552362,87.1091420663147,75.96754036656752,75.9094662473715,75.05313276998749,78.08185659704593,76.42687494180836,76.68786954933779,405.03,363.177,669.871,668.868,683.301,683.716,667.942,680.912
streamweave,1783631886.5821679,24857.399711962,,,,,,,,,,,,,,,,
streamweave,1783631886.7959108,24857.613454904,81.38923294402596,83.29566761494812,57.80668796054256,55.65890381408734,62.226389732745744,0,58.94667124134676,65.09914584242925,448.674,429.497,510.002,498.682,529.957,245.034,511.618,537.196
streamweave,1783631901.582662,24872.40020608,,,,,,,,,,,,,,,,
streamweave,1783631901.7831092,24872.600653137,85.12441822764345,80.68336952433188,69.24453105486236,71.96521616935976,72.64575741667213,72.19220836485789,68.73941916734714,73.12538624406385,914.784,908.056,602.775,621.076,656.559,638.291,595.55,642.386
streamweave,1783631916.5820684,24887.399612444,,,,,,,,,,,,,,,,
streamweave,1783631916.782446,24887.599989884,91.75097598547167,89.20656687798123,0,56.662992453930514,0,57.51083472888673,0,56.806859871730886,733.391,763.135,240.902,507.26,244.923,517.021,240.032,515.027
streamweave,1783631931.582583,24902.400127028,,,,,,,,,,,,,,,,
streamweave,1783631931.7890294,24902.606573267,0.30711481960123493,0.35728826590864543,0.14318112229711819,0.015107441800877933,0.14522598525807479,0.018718495910759744,0.02100738750162209,0.0201375321485781,251.002,247.902,246.598,247.596,252.354,249.74,247.418,248.914
streamweave,1783631946.5826986,24917.400242493,,,,,,,,,,,,,,,,
streamweave,1783631946.7832298,24917.600773763,86.82868974150065,83.57071894898804,70.55589436307432,75.17941933692201,71.65264124615655,73.59685055535013,73.78516717990209,72.74451084725357,904.501,895.778,612.621,645.689,629.97,646.646,643.848,647.947
streamweave,1783631961.583108,24932.400651928,,,,,,,,,,,,,,,,
streamweave,1783631961.7966385,24932.61418237,90.70017057031808,89.04740591666449,70.29247355970458,76.65731846774206,73.64261203754799,74.06028338391974,75.14189824386187,69.77312392853511,881.613,861.594,660.219,668.511,672.808,673.64,666.032,635.522
streamweave,1783631976.5820582,24947.399602136,,,,,,,,,,,,,,,,
streamweave,1783631976.7824214,24947.599965356,91.39690931913547,90.78229870247111,58.6813412200395,61.33627838100395,55.32034526385041,55.87604872527881,55.75882375822708,65.53164487970719,911.748,893.781,518.974,522.877,520.675,515.69,513.027,540.881
streamweave,1783631991.5822294,24962.399773448,,,,,,,,,,,,,,,,
streamweave,1783631991.782611,24962.600154865,90.46738355691313,88.24579124987683,75.44546706520615,75.17799463893378,77.96259136466097,78.16913127079884,74.85292856096731,68.48051049094103,878.244,883.968,663.586,671.136,666.01,671.204,666.588,655.49
streamweave,1783632006.582763,24977.400307074,,,,,,,,,,,,,,,,
streamweave,1783632006.783163,24977.600707119,0,0,66.39871456443785,67.16536609426497,66.34489516028665,63.65179363124306,60.09517512499921,60.91606463665119,250.367,247.3,545.699,550.58,564.71,546.996,531.393,531.164
streamweave,1783632021.5822182,24992.399762263,,,,,,,,,,,,,,,,
streamweave,1783632021.7826633,24992.600207445,91.56278136430359,89.52954248360633,68.61940537860698,66.41240153169993,67.82337427609583,69.87742133425469,69.23085882428335,68.30861391641278,889.347,877.523,597.999,574.287,601.148,618.756,605.556,598.113
streamweave,1783632036.5821815,25007.399725543,,,,,,,,,,,,,,,,
streamweave,1783632036.7826035,25007.600147592,0,0,0,0,0,62.49377176313749,56.3542617778091,56.75506403374698,426.819,396.423,240.711,240.259,246.01,525.643,515.847,513.369
streamweave,1783632051.582823,25022.400367043,,,,,,,,,,,,,,,,
streamweave,1783632051.7833405,25022.600884345,0,0,72.17376144157132,73.86786711293266,72.08805672236718,72.41536638224163,73.03304251554295,72.55913181101312,253.172,249.002,619.942,632.972,630.354,632.68,636.638,633.543
streamweave,1783632066.5821075,25037.399651458,,,,,,,,,,,,,,,,
streamweave,1783632066.7825232,25037.600067258,88.72740885393216,90.24261020290177,74.3279545850318,73.85899514316834,74.86612129142033,72.51662282594276,73.74210300451836,73.29532925352929,885.112,879.64,641.349,639.018,647.409,649.796,632.183,643.364
streamweave,1783632081.5826902,25052.400234311,,,,,,,,,,,,,,,,
streamweave,1783632081.7832546,25052.600798522,90.45972247665085,84.97334972378235,77.65324594747325,77.86185630202691,78.1194682407248,78.04911907477978,77.83961551994386,78.52961586764062,879.242,878.235,667.494,671.879,686.451,691.566,678.319,682.544
streamweave,1783632096.5821083,25067.399652306,,,,,,,,,,,,,,,,
streamweave,1783632096.7824533,25067.599997229,45.41548676854348,0,58.167790211532335,57.83787116498921,66.0348401299424,62.89163221621919,66.30738434582179,58.31972468242077,809.177,838.163,522.108,512.779,543.041,540.842,551.397,530.628
streamweave,1783632111.5825632,25082.400107099,,,,,,,,,,,,,,,,
streamweave,1783632111.7829983,25082.600542209,80.17048073640287,50.71117916776925,76.05533246425706,69.54303825102434,72.93588876789143,76.5372318003114,75.00266148989944,76.08075510109083,890.522,891.081,658.766,658.449,667.557,674.487,665.226,672.692
streamweave,1783632126.5818982,25097.399442278,,,,,,,,,,,,,,,,
streamweave,1783632126.782434,25097.599977979,86.44869973974407,83.76342990126926,68.23361472923675,69.17073746407729,68.65493797903198,69.70073081301452,66.80442653971899,66.23439039097624,581.992,581.492,591.958,585.541,606.285,609.435,569.953,582.82
streamweave,1783632141.5825877,25112.400131668,,,,,,,,,,,,,,,,
streamweave,1783632141.7829995,25112.600543634,93.2142418977121,81.35813449720727,55.661307028248565,60.599376217331866,62.175594660505084,57.55733834353127,66.28447228589907,65.44243955979626,878.127,920.951,515.173,519.169,531.967,534.658,539.596,544.647
streamweave,1783632156.5821784,25127.39972231,,,,,,,,,,,,,,,,
streamweave,1783632156.78245,25127.599994046,81.86190805354816,82.3782004296291,0,0,0,0,0,0,618.079,614.69,239.276,240.122,245.852,243.188,240.693,243.898
streamweave,1783632171.5829093,25142.400453329,,,,,,,,,,,,,,,,
streamweave,1783632171.7833729,25142.600916871,0,0,73.10022014028075,74.88578441141954,73.37182972477805,73.18567062691821,73.31782760833943,73.04350098460498,804.806,786.455,630.879,635.196,645.819,646.242,635.989,650.413
streamweave,1783632186.582561,25157.400104942,,,,,,,,,,,,,,,,
streamweave,1783632186.7830257,25157.600569816,90.57461532028702,88.47335849351632,73.59157243682765,71.8594517157167,72.96545000774061,72.57729506587307,73.6246471685284,73.58007601745358,894.718,879.786,631.95,635.557,643.634,643.674,638.673,640.123
streamweave,1783632201.5820704,25172.399614359,,,,,,,,,,,,,,,,
streamweave,1783632201.7825391,25172.600083032,90.01966323973453,85.75647238496906,69.3155501315519,73.68844216156502,75.16628849413934,76.26727645602267,74.8891294997474,74.15383550417896,894.41,887.822,649.664,660.628,674.303,686.434,670.981,678.09
streamweave,1783632216.5839877,25187.401531609,,,,,,,,,,,,,,,,
streamweave,1783632216.7830875,25187.60063157,83.3059085364247,48.70526492071082,66.55023392083501,62.03184340338748,56.02891401998347,59.08001968429577,62.84968912254839,55.191908176216664,851.88,832.804,545.695,533.121,527.878,528.246,543.389,506.374
streamweave,1783632231.5820122,25202.399556276,,,,,,,,,,,,,,,,
streamweave,1783632231.782346,25202.599889919,0,0,71.69229216689602,80.1876146759976,77.122664338803,73.97190066698768,74.24877693704246,81.7879661678966,247.399,244.209,734.796,430.28,763.759,719.131,759.658,780.165
streamweave,1783632246.5826292,25217.400173111,,,,,,,,,,,,,,,,
streamweave,1783632246.7831352,25217.600679284,0,0,70.10804088138578,67.15476046855699,67.11636516128654,68.78590822340558,69.0777741310809,67.08340456753983,246.247,242.903,612.993,569.296,556.284,594.823,618.356,563.258
streamweave,1783632261.5821023,25232.399646372,,,,,,,,,,,,,,,,
streamweave,1783632261.7824874,25232.600031362,0,0,66.56733231348557,0,0,0,0,0,245.855,242.378,539.066,240.256,245.685,243.252,240.426,243.722
streamweave,1783632276.5828166,25247.400360643,,,,,,,,,,,,,,,,
streamweave,1783632276.7833316,25247.600875619,0,0,81.04228614684685,86.91997647518593,83.5271851645872,87.13561265952269,82.27569417867223,88.49214082544688,245.491,242.225,803.862,816.146,766.354,801.852,800.674,824.733
streamweave,1783632291.5820613,25262.399605341,,,,,,,,,,,,,,,,
streamweave,1783632291.7824264,25262.599970271,0,0,67.62676563599115,67.45539867570581,66.74278488515391,57.33606490881205,66.74626626171496,64.33779914542005,245.46,242.023,562.812,537.657,555.606,523.72,547.268,545.742
streamweave,1783632306.5829735,25277.400517451,,,,,,,,,,,,,,,,
streamweave,1783632306.7832687,25277.600812804,0,0,0,0,0,0,0,0,245.158,241.861,240.259,240.571,244.765,243.227,241.082,242.504
streamweave,1783632321.582269,25292.399812876,,,,,,,,,,,,,,,,
streamweave,1783632321.782769,25292.600313006,0,0,87.87918405658144,86.94081856943771,85.19101071704038,86.74745580517992,86.59304415313386,87.15215980639512,245.086,241.682,825.226,819.49,842.598,821.412,818.169,826.764
streamweave,1783632336.5819542,25307.399498245,,,,,,,,,,,,,,,,
streamweave,1783632336.7824233,25307.599967339,0,0,66.8358146390806,67.89343414158816,67.75225775683911,66.84753057293888,66.64646890411832,67.46698818294367,245.202,241.654,582.448,567.733,575.775,600.24,585.407,579.005
streamweave,1783632351.5825205,25322.400064436,,,,,,,,,,,,,,,,
streamweave,1783632351.7827826,25322.600326639,0,0,0,0,0,0,0,0,245.063,241.734,240.476,241.024,245.608,244.455,241.592,242.946
streamweave,1783632366.5822692,25337.399813289,,,,,,,,,,,,,,,,
streamweave,1783632366.7826326,25337.600176565,0,0,0,0,0,0,0,0,244.985,241.73,239.587,239.888,244.178,243.107,240.162,241.954
streamweave,1783632381.5820892,25352.399633143,,,,,,,,,,,,,,,,
streamweave,1783632381.7824926,25352.600036689,0,0,0,0,0,0,0,0,244.884,241.67,238.962,239.243,243.392,242.04,239.312,241.537
streamweave,1783632396.582262,25367.399806126,,,,,,,,,,,,,,,,
streamweave,1783632396.7826605,25367.600204465,90.64342765477566,89.14715603174773,0,0,0,0,0,0,877.289,871.199,238.62,238.975,243.116,241.665,239.069,241.241
streamweave,1783632411.5818686,25382.3994127,,,,,,,,,,,,,,,,
streamweave,1783632411.7823188,25382.599862866,90.26679571458705,83.75903412456056,62.0861915144114,67.85474013904383,60.97900902786944,69.92471697907762,68.5382879878835,70.6913728051113,868.418,865.685,658.625,661.132,674.051,666.108,664.021,668.244
streamweave,1783632426.5823123,25397.399856339,,,,,,,,,,,,,,,,
streamweave,1783632426.7828336,25397.600377568,89.36994910813023,88.60944851811976,78.15046708803703,77.14660379533686,78.03146043615638,75.86503727563935,77.7474174372189,77.38220011746891,863.585,833.54,665.405,668.803,683.806,670.961,676.051,680.717
streamweave,1783632441.5826075,25412.400151554,,,,,,,,,,,,,,,,
streamweave,1783632441.7833567,25412.600900553,83.96332567223905,86.39964522507304,5.260077280295971,1.9680790293342738,54.56387697379165,0,0,2.10586343473534,886.422,882.454,240.064,388.077,545.492,244.273,240.499,301.161
streamweave,1783632456.5823278,25427.399871951,,,,,,,,,,,,,,,,
streamweave,1783632456.7828307,25427.600374693,87.016714497266,52.40988095858419,72.92088632648004,73.15468853792905,69.32788371227463,70.09711627427635,72.24741865908597,72.94243358721215,872.461,834.3,629.581,632.371,601.985,627.763,628.307,642.969
streamweave,1783632471.582653,25442.400197052,,,,,,,,,,,,,,,,
streamweave,1783632471.7832081,25442.600752164,84.88944591618561,85.97945160720177,72.6260977875967,70.39076727778658,74.90496470328245,70.66134287463348,69.25156203320685,65.62275852285191,884.568,898.369,656.349,652.879,668.758,665.184,655.397,644.162
streamweave,1783632486.5827692,25457.400313139,,,,,,,,,,,,,,,,
streamweave,1783632486.8067355,25457.624279489,0,0,0.15503264827480337,0.30046673829513465,0.05553336847125211,0,0.5014096142006175,0.40118496658478964,262.907,257.071,248.82,251.071,257.072,253.413,249.929,252.245
streamweave,1783632501.5827856,25472.400329591,,,,,,,,,,,,,,,,
streamweave,1783632501.7832963,25472.600840424,90.06349285872274,89.89482016122594,67.6445432614354,70.6671452593922,70.38527930848423,70.39920356273655,70.12262453955736,66.34480744628252,923.928,913.651,646.305,645.222,657.8,663.793,652.75,642.78
streamweave,1783632516.5821388,25487.39968267,,,,,,,,,,,,,,,,
streamweave,1783632516.782633,25487.600176948,91.68917182261798,89.23805426990053,77.81640237298791,77.40995907217358,77.96421067274024,78.30496937600027,78.16603017213265,77.87220484375182,485.454,461.811,678.742,673.729,688.195,695.214,685.266,687.606
streamweave,1783632531.5821939,25502.399737822,,,,,,,,,,,,,,,,
streamweave,1783632531.7825732,25502.600117328,91.45448497562725,88.552739659231,60.461637516645524,64.97653681785279,0,57.56465104426625,64.97872038699221,56.36759962839118,906.11,892.382,519.28,534.151,247.119,519.836,535.318,513.289
streamweave,1783632546.5820856,25517.399629539,,,,,,,,,,,,,,,,
streamweave,1783632546.7825646,25517.600108664,91.96369462750133,89.4423659304294,75.02697458786707,75.71457238588054,76.28312119778197,74.23659825720357,74.16032519688596,72.95366025316864,836.894,831.469,657.193,662.595,672.49,675.378,676.402,671.796
streamweave,1783632561.5821145,25532.399658575,,,,,,,,,,,,,,,,
streamweave,1783632561.7825325,25532.600076499,84.65468180783422,87.33318735296757,66.50951497391294,66.3204571812928,67.22250124553013,59.52163366818416,63.527709651054124,66.02024455654308,762.082,756.319,556.733,553.71,566.045,536.306,542.37,559.037
streamweave,1783632576.5820649,25547.39960897,,,,,,,,,,,,,,,,
streamweave,1783632576.7825737,25547.60011777,91.47532509056225,88.59210922427901,68.68144900623176,69.22171038688883,68.84745980586577,66.03465950644767,68.7877733280232,65.32205708825394,920.048,911.413,589.512,588.888,605.758,578.691,602.287,585.323
streamweave,1783632591.5827138,25562.400257939,,,,,,,,,,,,,,,,
streamweave,1783632591.7833173,25562.600861391,88.05498793788166,89.31157044837764,57.342909866439754,57.134886918841964,0,57.53757267451128,56.66849256507128,0,874.058,863.439,508.865,510.689,244.359,515.428,507.417,242.129
streamweave,1783632606.582267,25577.399811012,,,,,,,,,,,,,,,,
streamweave,1783632606.7826927,25577.600236574,83.75081305157016,74.03719088198035,71.94677860833146,74.0921235863116,73.20891055938009,73.39562818101878,73.17668792535179,73.09633874503189,893.591,862.692,619.266,648.155,648.741,646.315,637.974,643.192
streamweave,1783632621.5821302,25592.39967431,,,,,,,,,,,,,,,,
streamweave,1783632621.7825875,25592.600131572,90.07531488879981,88.24923576329967,76.29281428512704,76.34627998824013,74.87527824854905,75.39570395946997,71.65598420928245,75.67297305805646,908.684,901.161,654.409,670.379,667.727,671.602,658.864,667.059
streamweave,1783632636.5821657,25607.399709796,,,,,,,,,,,,,,,,
streamweave,1783632636.782424,25607.599968,0,0,65.63185105820149,56.55398400999755,56.10478746517976,61.111633315674084,0,64.6586633023736,250.633,247.508,530.592,513.301,519.604,522.842,240.825,534.688
streamweave,1783632651.5826805,25622.4002245,,,,,,,,,,,,,,,,
streamweave,1783632651.783146,25622.600689855,75.89858160599564,92.82561507536515,76.06291481907019,74.03002961816442,76.42063130879264,74.95611658449533,74.62703961555937,76.75841639904635,870.548,839.788,654.23,663.35,673.229,670.735,654.238,670.015
streamweave,1783632666.5823028,25637.399846707,,,,,,,,,,,,,,,,
streamweave,1783632666.7827456,25637.600289528,88.13916476404403,84.84840951918481,78.10769905672066,77.66279517808867,76.74290043677306,75.76113377125762,74.12536266071447,75.5440179385642,933.31,898.022,668.313,673.683,680.167,685.966,663.949,666.578
streamweave,1783632681.5825462,25652.400090204,,,,,,,,,,,,,,,,
streamweave,1783632681.7828655,25652.60040951,91.91126417029423,87.91533526847918,64.51608859665633,62.78994711509427,53.60017243496049,56.2039245579846,65.78337329345628,56.09188182408328,909.154,889.69,528.303,530.704,516.902,515.657,540.168,512.889
streamweave,1783632696.5827923,25667.400336378,,,,,,,,,,,,,,,,
streamweave,1783632696.8027906,25667.620334692,89.79630039346581,87.55619358966739,75.04635157246918,75.85403407722498,74.97794984526726,69.62131819763442,73.45165322921662,77.73744028434557,905.106,889.042,666.92,679.516,675.008,662.792,658.414,680.014
streamweave,1783632711.5820618,25682.399605712,,,,,,,,,,,,,,,,
streamweave,1783632711.7834609,25682.601004903,0,0,66.30862491985555,66.09617661093237,66.01120639821445,61.82646079114027,66.21729605880455,65.43542467196079,253.59,249.762,549.863,543.462,549.261,541.717,547.65,540.291
streamweave,1783632726.5826266,25697.400170516,,,,,,,,,,,,,,,,
streamweave,1783632726.7830205,25697.600564427,91.57072723805379,89.03210945179029,69.78131006658099,69.96134612076736,68.5756443142841,69.7339149511379,69.76148389335617,68.54547016030378,905.494,900.287,620.237,616.948,601.159,625.085,598.734,621.335
streamweave,1783632741.5821257,25712.399669662,,,,,,,,,,,,,,,,
streamweave,1783632741.7825751,25712.600119086,84.17411565159624,87.77382730300094,0,0,0,56.44279976093405,0,0,722.406,692.499,239.941,456.114,244.605,539.393,240.208,312.964
streamweave,1783632756.5827756,25727.400319503,,,,,,,,,,,,,,,,
streamweave,1783632756.7843256,25727.601869625,91.9712693749706,91.04713622045531,74.16266852240358,74.57671001263837,74.41906191979271,73.90924222765868,74.6416109099168,74.47031646811566,909.387,914.557,651.859,640.364,654.298,652.256,652.99,661.073
streamweave,1783632771.5822134,25742.39975737,,,,,,,,,,,,,,,,
streamweave,1783632771.7826986,25742.600242535,87.53772334335804,90.90907731671821,72.83279393004531,73.98020104284258,73.37914294936355,71.65381230461666,72.58392441019437,73.54707856508274,892.595,874.635,639.227,639.722,652.495,645.006,645.13,642.825
streamweave,1783632786.5824575,25757.400001588,,,,,,,,,,,,,,,,
streamweave,1783632786.7830737,25757.600617638,0.5549289716726848,0,0,56.189323015755974,56.13996458630843,66.08520107502214,64.77028829683802,0,249.208,245.922,240.214,511.474,514.369,547.05,532.08,363.32
streamweave,1783632801.582211,25772.399754918,,,,,,,,,,,,,,,,
streamweave,1783632801.7828157,25772.600359602,91.17821490104984,90.01902313952353,75.34952089222746,74.33864939694956,73.21681251563412,71.85576506481873,74.71384424839343,74.5322174617665,917.032,898.464,663.696,664.365,674.485,672.288,669.823,679.886
streamweave,1783632816.5821114,25787.399655359,,,,,,,,,,,,,,,,
streamweave,1783632816.782515,25787.600058952,0,0,76.05424618251348,73.0725631335564,75.78540647526653,72.70211367262041,71.54712837741208,72.29335233421776,406.893,426.621,662.36,656.923,674.965,667.294,661.356,661.58
streamweave,1783632831.5820034,25802.399547239,,,,,,,,,,,,,,,,
streamweave,1783632831.7823157,25802.599859735,21.62217680549077,0,66.67121910873087,61.94793198970816,55.350472281195316,64.55461736689404,65.74369975662525,62.516533486015454,780.92,802.29,547.814,534.062,514.166,533.166,539.659,527.322
streamweave,1783632846.5827208,25817.400264655,,,,,,,,,,,,,,,,
streamweave,1783632846.783147,25817.600691012,91.06345938102771,89.01886386815747,72.39310238321774,76.50188074594021,73.01778461770657,73.73341769412598,75.45035010282508,72.65793759528322,824.982,842.926,651.901,663.559,676.322,681.214,663.891,670.931
streamweave,1783632861.5829818,25832.400525927,,,,,,,,,,,,,,,,
streamweave,1783632861.7832384,25832.60078241,88.93977435537708,85.35714779065191,61.16417699160955,61.860993001286225,58.57822829770731,64.88937003236151,63.49145503052801,66.07785892404927,871.97,870.277,522.631,525.946,524.702,546.88,542.509,548.509
streamweave,1783632876.58276,25847.400304187,,,,,,,,,,,,,,,,
streamweave,1783632876.7831845,25847.600728641,91.2278352616762,87.40706186151168,61.32584786515752,65.95174306878198,65.57041407771868,64.97943487989511,66.5484801791422,55.84885738310981,909.207,901.59,525.225,565.878,589.003,550.742,555.757,536.654
streamweave,1783632891.5822737,25862.399817774,,,,,,,,,,,,,,,,
streamweave,1783632891.7827523,25862.600296192,0,0,78.23817963258423,73.356752202325,74.28833873196677,72.20487862735278,78.41310930594246,81.78947479650762,247.454,244.419,800.354,759.429,774.032,770.579,791.344,814.932
streamweave,1783632906.5821383,25877.399682259,,,,,,,,,,,,,,,,
streamweave,1783632906.7826395,25877.600183551,0,0,66.14182953944893,71.30555963151903,72.4567756470646,69.54388662719462,66.73117225902779,68.07226086332297,246.325,242.982,579.867,611.364,650.029,620.942,552.966,559.637
streamweave,1783632921.5826838,25892.400227775,,,,,,,,,,,,,,,,
streamweave,1783632921.7830422,25892.600586263,0,0,0,0,0,0,0,0,245.702,242.49,239.752,240.867,246.97,243.19,240.367,243.104
streamweave,1783632936.5826752,25907.40021921,,,,,,,,,,,,,,,,
streamweave,1783632936.7831998,25907.600743687,0,0,88.07143464024598,87.9482472050934,87.65474337433665,88.52235013762962,88.52150183765609,86.87826039670841,245.588,242.047,837.526,839.602,856.697,835.278,806.819,858.514
streamweave,1783632951.5825794,25922.400123312,,,,,,,,,,,,,,,,
streamweave,1783632951.7829242,25922.600468099,0,0,0,67.0869590577756,56.8055558564217,0,57.264514442093464,57.330690971884046,245.311,242.068,240.749,539.668,520.958,244.436,526.209,521.091
streamweave,1783632966.5828333,25937.400377216,,,,,,,,,,,,,,,,
streamweave,1783632966.7832494,25937.60079341,0,0,80.18852675430631,77.6190117176048,73.7978901519799,77.80307073858876,80.14911821878577,79.9283546311564,245.116,241.91,778.416,775.763,761.852,743.912,751.275,803.012
streamweave,1783632981.5822449,25952.399788929,,,,,,,,,,,,,,,,
streamweave,1783632981.7826881,25952.600232223,0,0,81.8869251980678,83.23282663502746,85.54216582395428,83.37433837608171,82.40068579607798,82.35092789562832,244.928,241.674,779.871,802.345,827.961,812.54,803.853,808.069
streamweave,1783632996.5820124,25967.399556425,,,,,,,,,,,,,,,,
streamweave,1783632996.7823362,25967.59988035,0,0,58.38702103343522,0,59.07817970483978,0,67.08088821009444,61.30350793902862,245.103,241.648,514.654,325.692,525.925,470.533,551.546,524.537
streamweave,1783633011.5825126,25982.40005662,,,,,,,,,,,,,,,,
streamweave,1783633011.7827945,25982.600338561,0,0,56.93266617406597,0,55.382182631352464,56.50428587058449,58.74097913276363,10.451183718201996,245.015,241.69,508.439,457.235,518.994,515.836,517.573,505.491
streamweave,1783633026.5821803,25997.399724315,,,,,,,,,,,,,,,,
streamweave,1783633026.7826235,25997.600167458,0,0,0,0,0,0,0,0,244.953,241.695,239.073,239.574,243.991,242.261,239.744,241.732
streamweave,1783633041.5822363,26012.399780313,,,,,,,,,,,,,,,,
streamweave,1783633041.7824886,26012.600032629,0,0,0,0,0,0,0,0,244.842,241.708,238.78,239.113,243.385,241.758,239.141,241.286
streamweave,1783633056.5826285,26027.400172374,,,,,,,,,,,,,,,,
streamweave,1783633056.7831252,26027.600669086,0,0,15.296667031402972,9.741874511252883,15.944961837634692,3.9614777418641145,5.301750203006461,4.261370143482108,245.13,241.838,238.442,238.9,243.031,241.631,239.066,241.125
streamweave,1783633071.5823336,26042.399877475,,,,,,,,,,,,,,,,
streamweave,1783633071.7828512,26042.600395219,89.13947646176008,91.01239713577183,73.14675865242256,73.99421221517031,73.15319281023386,73.47651711457299,73.68526301856537,72.49758036158394,899.623,880.512,626.568,637.262,645.546,647.834,635.349,652.989
streamweave,1783633086.5828896,26057.400433549,,,,,,,,,,,,,,,,
streamweave,1783633086.7833683,26057.600912428,91.82391114127371,89.01974650639828,55.775573478449815,6.265901841087292,55.03317150807271,24.675013780834778,3.7301692658805523,38.0518358944466,453.124,441.878,510.018,240.726,522.402,243.297,242.77,514.777
streamweave,1783633101.5821023,26072.399646333,,,,,,,,,,,,,,,,
streamweave,1783633101.7822912,26072.599835078,87.62840786763199,85.69697556258868,72.81486404589333,73.88871714348781,72.82934643905055,72.96219082805518,74.13304135987624,72.94873648248803,932.782,912.811,633.479,642.531,649.828,643.38,641.944,638.465
streamweave,1783633116.5826004,26087.400144474,,,,,,,,,,,,,,,,
streamweave,1783633116.7830453,26087.600589292,91.03315004896128,89.47931631104653,69.45748503389362,73.32028552345253,72.36219258168917,72.16577131908585,70.63437624959018,69.79583772156374,915.88,916.418,608.449,629.854,636.036,635.428,622.236,630.314
streamweave,1783633131.5818853,26102.399429287,,,,,,,,,,,,,,,,
streamweave,1783633131.7823849,26102.599928897,90.28288908544532,84.8678421564016,74.49134895735162,71.52770867586618,73.84114706560908,73.14575380204776,74.89368034109138,70.24222291327004,875.775,866.19,661.977,663.912,670.963,670.511,657.319,670.522
streamweave,1783633146.58204,26117.399584182,,,,,,,,,,,,,,,,
streamweave,1783633146.7824285,26117.599972422,90.59815601771719,90.1484279245016,63.806095607941316,65.61694624930676,62.33987094719736,66.4795206256002,65.35955863889804,65.20357454994037,878.433,879.061,534.65,534.148,540.994,546.122,548.241,538.383
streamweave,1783633161.5822194,26132.399763254,,,,,,,,,,,,,,,,
streamweave,1783633161.7826648,26132.600208859,0,0,73.03343734961172,66.57457431764222,73.19948235724647,75.94221544975586,67.79051161008748,70.61208925461662,,,,,,,,
streamweave,1783633176.582398,26147.399941852,,,,,,,,,,,,,,,,
streamweave,1783633176.782931,26147.600475059,55.94542862987538,10.115071254359737,67.04278060072912,66.5972854159034,67.63015982870898,64.73944129120017,65.88120262203782,66.57664542712446,,,,,,,,
streamweave,1783633191.582678,26162.400221972,,,,,,,,,,,,,,,,
