run_alias,_timestamp,_runtime,gpu_0_sm_active,gpu_1_sm_active,gpu_2_sm_active,gpu_3_sm_active,gpu_4_sm_active,gpu_5_sm_active,gpu_6_sm_active,gpu_7_sm_active,gpu_0_power_watts,gpu_1_power_watts,gpu_2_power_watts,gpu_3_power_watts,gpu_4_power_watts,gpu_5_power_watts,gpu_6_power_watts,gpu_7_power_watts
sync,1783597486.0915978,15.744826723,,,,,,,,,,,,,,,,
sync,1783597486.9890997,16.64232881,63.64398183212583,63.69922889043386,63.75175838522522,63.936894213370046,62.559872892196985,62.85031373273577,63.58936192297815,62.486107490281384,586.127,581.4,580.201,491.851,526.23,593.213,606.93,606.036
sync,1783597501.09001,30.743238818000002,,,,,,,,,,,,,,,,
sync,1783597501.2905176,30.943746477,39.23379326600345,0,39.14969804183893,50.67921277177195,50.48401543185801,0,39.02684232686065,52.42435204789921,480.755,281.833,455.245,472.083,487.064,418.804,455.804,491.344
sync,1783597516.0894866,45.742715677,,,,,,,,,,,,,,,,
sync,1783597516.2898037,45.943032791,0,0,0,0,0,0,0,0,245.748,242.371,238.872,239.541,243.92,242.025,239.33,241.567
sync,1783597531.0903027,60.743531756,,,,,,,,,,,,,,,,
sync,1783597531.2906682,60.943897262,0,0,0,0,0,0,0,0,245.04,241.747,238.327,238.714,242.791,241.418,238.535,241.094
sync,1783597546.0896285,75.74285738,,,,,,,,,,,,,,,,
sync,1783597546.2899923,75.943221434,0,0,0,0,0,0,0,0,244.895,241.52,237.969,238.485,242.513,241.214,238.424,240.688
sync,1783597561.090373,90.743602152,,,,,,,,,,,,,,,,
sync,1783597561.2908072,90.944036151,0,0,0,0,0,0,0,0,244.818,241.386,237.874,238.37,242.391,241.143,238.434,240.638
sync,1783597576.0903692,105.743598312,,,,,,,,,,,,,,,,
sync,1783597576.2907789,105.944007944,0,0,0,0,0,0,0,0,244.828,241.3,237.783,238.316,242.386,241.028,238.308,240.529
sync,1783597591.0895357,120.742764697,,,,,,,,,,,,,,,,
sync,1783597591.290273,120.943501911,0,0,0,0,0,0,0,0,244.813,241.155,237.759,238.201,242.379,241.027,238.333,240.506
sync,1783597606.0899377,135.743166635,,,,,,,,,,,,,,,,
sync,1783597606.290266,135.943495106,0,0,0,0,0,0,0,0,244.75,241.239,237.783,238.182,242.391,241.014,238.364,240.516
sync,1783597621.0898898,150.743118649,,,,,,,,,,,,,,,,
sync,1783597621.2902868,150.943515882,0,0,0,0,0,0,0,0,244.733,241.193,237.793,238.255,242.361,241.095,238.215,240.521
sync,1783597636.0893395,165.742568379,,,,,,,,,,,,,,,,
sync,1783597636.2897973,165.943026244,0,0,0,0,0,0,0,0,244.599,241.232,237.764,238.207,242.361,241.003,238.244,240.506
sync,1783597651.0900636,180.74329251,,,,,,,,,,,,,,,,
sync,1783597651.2903836,180.943612518,0,0,0,0,0,0,0,0,244.697,241.247,237.787,238.221,242.347,240.998,238.215,240.523
sync,1783597666.0899272,195.743156261,,,,,,,,,,,,,,,,
sync,1783597666.2902744,195.9435034,0,0,0,0,0,0,0,0,244.657,241.193,237.831,238.255,242.256,240.987,238.192,240.515
sync,1783597681.090177,210.743405941,,,,,,,,,,,,,,,,
sync,1783597681.301224,210.954453009,0.1252448610973421,0.015060860114371485,0.12756919481493895,0.09996035841820246,0.008634945213609486,0.017324082659987475,1.1095431570902516,0.017555607776515155,254.782,249.812,247.4,247.669,252.848,251.588,249.697,248.981
sync,1783597696.0904248,225.743653707,,,,,,,,,,,,,,,,
sync,1783597696.2908678,225.94409674,52.819031506034264,52.3951738465877,51.917344236896966,37.70674530688964,51.369121495383666,52.511288657100096,44.05857788711475,51.448434179066446,509.289,488.754,485.347,465.285,484.417,503.048,458.873,503.122
sync,1783597711.090196,240.743424849,,,,,,,,,,,,,,,,
sync,1783597711.3082654,240.961494505,29.325246229754555,43.728795506591105,57.71322670424451,35.34863789599341,46.815603790562186,40.06258282012001,39.76493566725705,47.11542637405369,391.169,411.235,438.279,343.667,431.086,403.658,408.558,385.512
sync,1783597726.090035,255.743264043,,,,,,,,,,,,,,,,
sync,1783597726.2903774,255.943606274,60.747129963184,60.9397776185429,59.64998843959026,57.97840080184251,59.78888398075366,51.96275917118065,61.81423444415993,60.824659943644676,597.348,578.82,587.803,556.103,558.814,523.886,593.391,584.661
sync,1783597741.0899777,270.743206812,,,,,,,,,,,,,,,,
sync,1783597741.2902777,270.94350674,76.70099109673849,74.10775728768738,64.79905618112755,69.45999970519821,68.02933086982027,74.9561402012802,68.97971151551097,84.46015213423095,692.413,674.406,608.003,639.476,656.925,684.657,626.324,729.956
sync,1783597756.0905883,285.743817263,,,,,,,,,,,,,,,,
sync,1783597756.2909498,285.944178803,63.94745299924308,63.87890874521025,65.34203886131951,65.49555477875823,60.476435425648035,61.91764768258865,63.6202739402091,62.69820456215084,635.359,621.891,617.224,625.522,614.792,615.354,617.287,620.471
sync,1783597771.0902603,300.743489176,,,,,,,,,,,,,,,,
sync,1783597771.3284016,300.981630662,0,8.354004938692874,48.41810579482365,47.21554767378498,0,0,0,2.5846202718603943,246.308,455.993,474.274,467.266,288.261,352.02,251.741,436.517
sync,1783597786.0894203,315.742649353,,,,,,,,,,,,,,,,
sync,1783597786.3174698,315.97069893,0,0,0,0,0,0,0,0,247.311,244.651,241.504,241.201,245.497,243.57,241.279,242.637
sync,1783597801.0899203,330.743149318,,,,,,,,,,,,,,,,
sync,1783597801.290375,330.943603967,52.031635139835366,0,0,44.23358633548741,0,48.12924461164178,51.220665919342224,46.26077638375368,487.026,354.376,336.544,461.75,244.869,477.124,486.002,472.477
sync,1783597816.089752,345.742981041,,,,,,,,,,,,,,,,
sync,1783597816.301762,345.954991183,0,0,0,0,0,0,0,0,252.614,247.322,244.534,244.849,249.419,246.178,247.348,245.49
sync,1783597831.089999,360.743227986,,,,,,,,,,,,,,,,
sync,1783597831.290452,360.943681114,51.95194898310563,48.8359462180666,49.399425017619194,51.15693263274679,0,52.21508403660432,50.16315336358738,52.19423525430372,498.04,477.217,470.016,488.848,253.486,490.806,484.171,502.319
sync,1783597846.0909576,375.744186529,,,,,,,,,,,,,,,,
sync,1783597846.2907832,375.944012085,77.45091487539838,69.59771171078167,88.26431974856929,78.45709731985025,63.28822729591453,68.67628718029036,67.31164430735397,83.06148519171217,782.634,708.18,845.781,763.521,645.761,687.258,659.801,809.048
sync,1783597861.0901546,390.743383571,,,,,,,,,,,,,,,,
sync,1783597861.2905378,390.943766883,56.09933691305849,54.71220308623583,53.865385360461424,54.68739401592423,54.335846226434526,59.024376317318946,53.487778981255865,52.732723064638634,528.379,527.493,511.255,524.913,524.292,563.059,493.302,505.226
sync,1783597876.0899134,405.743142263,,,,,,,,,,,,,,,,
sync,1783597876.348254,406.001482939,45.129284016618634,83.24958947840813,24.286783708762016,61.0545836674882,50.83295171450041,43.44674174694927,40.74522949858754,51.82936932126976,249.568,281.944,281.663,258.877,281.519,301.629,301.502,305.773
sync,1783597891.0900388,420.743267826,,,,,,,,,,,,,,,,
sync,1783597891.2903137,420.943542737,57.319308812253034,61.15148699057513,57.15429594380128,57.476152797558534,60.038018546436774,57.33437358957695,61.00419664992823,62.254488022067356,569.519,584.456,552.438,535.519,580.366,564.938,591.19,598.697
sync,1783597906.08986,435.743089014,,,,,,,,,,,,,,,,
sync,1783597906.2901537,435.943382672,73.92018570860728,72.02395517628095,70.79294951483939,71.77303593004837,73.65253292345142,63.328289966749075,67.40986597451109,58.1941871732791,598.254,618.214,589.577,646.137,612.262,590.677,603.143,572.212
sync,1783597921.0905828,450.743811823,,,,,,,,,,,,,,,,
sync,1783597921.290773,450.944001836,61.30161370603419,65.15501612744484,60.3722429983088,64.93474014384272,64.47106718254454,61.06495157884076,60.76610997443391,63.27936811781301,633.348,624.227,589.518,619.256,629.833,613.892,605.5,634.041
sync,1783597936.0896678,465.742896806,,,,,,,,,,,,,,,,
sync,1783597936.291997,465.945225856,0,0,0,0,0,52.28835200816203,0,1.7330785324660813,333.335,311.446,405.77,358.566,244.39,487.415,240.188,425.679
sync,1783597951.0904403,480.74366936,,,,,,,,,,,,,,,,
sync,1783597951.2907264,480.943955457,0,0,0,0,0,0,0,0,246.837,243.708,239.892,240.567,244.97,243.215,240.729,242.309
sync,1783597966.089518,495.742747042,,,,,,,,,,,,,,,,
sync,1783597966.2904818,495.943710895,39.23016027513647,52.66510227389387,39.54658387984199,38.034566916618424,45.988031849775616,52.24120026761818,38.50303459886458,39.228151377081325,470.686,494.504,454.802,461.65,467.419,493.046,457.512,466.614
sync,1783597981.0902698,510.743498885,,,,,,,,,,,,,,,,
sync,1783597981.290645,510.943873815,69.77426710048886,51.50340616726373,67.05354951888735,60.34125186418506,57.34760703360124,82.09681138240008,65.0286041078695,72.62567413754857,814.836,621.613,759.178,673.13,612.381,886.649,678.541,799.195
sync,1783597996.0893724,525.742601285,,,,,,,,,,,,,,,,
sync,1783597996.2990031,525.95223212,63.850548538909635,67.75106416017903,63.71432612935877,61.918809699178226,62.79450403937833,63.352354100249684,72.8070198712014,59.740868439961446,719.645,730.247,697.061,686.966,696.243,717.194,734.635,669.395
sync,1783598011.0898213,540.743050243,,,,,,,,,,,,,,,,
sync,1783598011.291273,540.944502017,67.34663538017833,71.29832591869432,65.86331903559741,71.81892076387638,70.54439150012918,65.82672098322966,75.37208995678986,64.15791076530017,760.646,773.801,713.18,726.141,733.237,739.32,791.877,657.385
sync,1783598026.0895853,555.742814244,,,,,,,,,,,,,,,,
sync,1783598026.3134773,555.966706189,63.55809368217834,53.10222104388389,39.91808500214301,48.70868356451372,51.211004622391386,40.724347874678216,57.27507219667961,61.99566546262687,367.891,348.839,341.231,384.37,359.921,371.543,379.263,401.538
sync,1783598041.0903533,570.74358214,,,,,,,,,,,,,,,,
sync,1783598041.2907803,570.944009339,77.6146762444291,78.96278327205884,77.32402678236106,78.66851645231334,77.34316405623234,76.43922934622606,76.9019927211253,78.20476750015199,838.64,833.863,803.01,828.072,824.737,810.698,810.546,848.937
sync,1783598056.0898986,585.743127584,,,,,,,,,,,,,,,,
sync,1783598056.2902756,585.943504537,69.12812413544201,75.95623992646622,67.37649385051354,58.7758806729118,63.83793514440422,70.7896044003613,64.67276620335085,61.153663413950575,802.36,808.723,760.047,730.432,744.082,789.8,739.55,760.709
sync,1783598071.0903502,600.743579126,,,,,,,,,,,,,,,,
sync,1783598071.29002,600.943249089,0,0,0,0,0,0,0,0,247.256,244.512,240.039,241.3,245.27,243.619,240.702,243.233
sync,1783598086.0899665,615.743195646,,,,,,,,,,,,,,,,
sync,1783598086.2920651,615.94529422,63.694440674945554,67.2788441325573,62.44859938758665,58.76445637157752,66.51779092069953,66.34911403101702,67.36875829937846,67.15380779292602,697.953,697.29,701.418,679.582,705.505,687.262,697.847,677.926
sync,1783598101.0897305,630.742959568,,,,,,,,,,,,,,,,
sync,1783598101.2901106,630.943339686,0,0,69.78633628455904,71.57836153057444,69.89423409548024,4.643811050949691,0,0,249.13,246.884,726.058,738.974,734.353,631.858,683.816,244.002
sync,1783598116.0898633,645.743092262,,,,,,,,,,,,,,,,
sync,1783598116.290275,645.943504128,44.19170924878365,0,0,38.01546746129099,0,44.12787808329219,46.171777556061635,43.35470390914103,477.618,243.629,240.197,462.506,244.718,467.694,463.352,464.565
sync,1783598131.0904253,660.74365437,,,,,,,,,,,,,,,,
sync,1783598131.292335,660.945563971,0,0,0,0,0,0,0,0,246.432,242.764,239.021,240.143,243.7,242.815,239.996,241.811
sync,1783598146.0904489,675.743677841,,,,,,,,,,,,,,,,
sync,1783598146.2908292,675.944058209,0,0,0,0,0,0,0,0,245.666,242.383,238.79,239.402,243.314,241.987,239.31,241.323
sync,1783598161.0900888,690.743317816,,,,,,,,,,,,,,,,
sync,1783598161.3098009,690.963029935,61.74136813874972,65.06375848211741,64.51731615518496,61.62248572652904,64.77408759423349,0,63.8873403924233,61.92671585167568,652.652,616.706,613.358,627.271,618.34,451.822,621.236,630.053
sync,1783598176.0893407,705.74256959,,,,,,,,,,,,,,,,
sync,1783598176.3016477,705.954876628,41.338502914370395,40.567845629925145,40.65606762440814,51.454082238517096,39.260102748434036,47.886571771428024,0,0,478.578,464.624,461.58,486.43,460.894,470.765,413.204,242.605
sync,1783598191.0899594,720.743188423,,,,,,,,,,,,,,,,
sync,1783598191.2975345,720.950763357,0,0,0,0,0,0,0,0,247.721,245.103,240.924,241.528,246.054,244.858,241.488,243.433
sync,1783598206.0898304,735.743059445,,,,,,,,,,,,,,,,
sync,1783598206.2902157,735.943444781,51.68761562961433,52.31175826147497,45.71687427138073,38.490418219156574,49.38698080422768,53.23929143400922,45.02120822193487,49.42152986215787,501.705,485.964,458.652,457.297,476.103,507.337,462.622,470.962
sync,1783598221.090321,750.743550116,,,,,,,,,,,,,,,,
sync,1783598221.2907758,750.944004735,57.624786432495135,52.350748241801824,58.876851308458555,48.10266180375587,53.53536493179115,57.31793132577015,80.99844918903915,44.61782040393232,684.518,623.595,678.199,556.084,629.907,668.516,876.272,543.413
sync,1783598236.0904143,765.743643351,,,,,,,,,,,,,,,,
sync,1783598236.2910538,765.944282668,54.957692780323164,54.157372306985295,53.621078499365595,53.286870224325924,53.1640049058522,58.41756814009468,54.395896568165426,52.680574472496254,560.128,523.695,515.173,492.812,519.089,562.24,532.547,503.447
sync,1783598251.089526,780.742755035,,,,,,,,,,,,,,,,
sync,1783598251.330463,780.983691881,0,0,0,0,0,0,0,0,520.622,433.59,447.814,487.917,479.992,470.446,449.209,503.82
sync,1783598266.0896175,795.742846538,,,,,,,,,,,,,,,,
sync,1783598266.3033125,795.956541476,56.97685185932867,57.775607861405135,59.39092962247482,61.27356242419615,51.940087377813605,58.913764375347974,62.38092276293479,60.189429677598504,565.325,544.55,559.855,571.845,517.994,565.388,592.387,592.547
sync,1783598281.0900319,810.743260952,,,,,,,,,,,,,,,,
sync,1783598281.290532,810.94376118,79.554530040579,73.49426164556813,74.47315927404495,80.01988961075004,76.83486236955946,70.92405838197416,73.78761112401658,71.68378427737734,590.554,547.565,571.609,538.625,581.984,527.666,583.247,587.022
sync,1783598296.0900104,825.743239433,,,,,,,,,,,,,,,,
sync,1783598296.2956622,825.948891064,68.07209391827207,66.38774377584072,67.58889585456122,67.09038254174267,66.41119083565201,67.16483301288805,66.9820748607111,66.27231494770712,599.253,580.642,580.852,578.35,583.808,579.231,605.866,606.843
sync,1783598311.0900424,840.743271235,,,,,,,,,,,,,,,,
sync,1783598311.290514,840.94374294,51.26384062700763,0,47.15766955055927,52.93765175991516,39.720694516341624,51.633187360367494,46.39351231154116,46.18952382194539,498.006,359.89,464.789,495.855,463.79,486.049,463.35,480.916
sync,1783598326.0904236,855.74365258,,,,,,,,,,,,,,,,
sync,1783598326.3319423,855.985171417,48.928259694389844,48.4872416920337,61.0694491127563,88.66703220085206,70.68190608626936,74.7444994334382,63.497559908962444,66.88367684985927,755.715,557.568,652.291,880.091,752.613,781.569,732.486,701.021
sync,1783598341.0900452,870.743274106,,,,,,,,,,,,,,,,
sync,1783598341.2905002,870.943729277,54.479918646378,53.772867061927876,52.78629460968124,53.850777120484054,53.900183710393456,54.11698218335287,54.32536610389514,53.56883463944854,524.271,512.254,533.898,519.761,538.119,520.223,513.523,521.245
sync,1783598356.0894046,885.74263366,,,,,,,,,,,,,,,,
sync,1783598356.2897065,885.942935531,0,0,0,0,0,0,0,0,246.987,244.196,240.195,240.84,245.141,243.3,240.767,242.479
sync,1783598371.089765,900.742994145,,,,,,,,,,,,,,,,
sync,1783598371.2903292,900.943558218,64.15513142826678,63.75136364485382,63.68878199276104,62.93364156238835,60.048371415464686,63.60553667461903,63.60312257994358,56.01367127087382,616.891,606.395,590.806,602.118,591.593,603.849,599.875,557.859
sync,1783598386.090194,915.743422991,,,,,,,,,,,,,,,,
sync,1783598386.468073,916.121301828,0,0,0,0,0,0,0,0,248.848,271.721,242.34,301.568,246.759,246.42,351.812,244.572
sync,1783598401.0901241,930.743353191,,,,,,,,,,,,,,,,
sync,1783598401.3031354,930.956364333,0,0,0,0,0,0,0,0,248.989,245.837,241.363,242.278,247.032,245.223,242.667,244.398
sync,1783598416.0896199,945.74284891,,,,,,,,,,,,,,,,
sync,1783598416.2900572,945.943286124,51.60735544408242,54.47694101563424,53.92375431683107,52.990419508352936,53.601145507523775,54.229190440717566,54.29899491485526,51.944571314786934,503.397,545.088,522.893,506.384,533.57,525.552,515.997,499.201
sync,1783598431.0900545,960.743283566,,,,,,,,,,,,,,,,
sync,1783598431.3008335,960.954062512,0.5696038099712497,1.4521291039677455,0,7.373173609422599,1.271615351641453,0.6541660792839082,1.4548080504206216,7.703038396097823,334.515,366.062,351.795,327.171,358.359,349.863,370.077,321.346
sync,1783598446.0895457,975.742774626,,,,,,,,,,,,,,,,
sync,1783598446.291071,975.944300011,63.282841138520716,59.817587171620524,63.20215142834373,61.70275754086687,57.61243495703094,57.94719701713209,61.95018508351857,59.01613337390985,623.576,575.621,602.149,598.068,556.929,557.076,597.889,567.851
sync,1783598461.0900466,990.743275611,,,,,,,,,,,,,,,,
sync,1783598461.4194508,991.072679812,0,0,0,0,0,0,0,0,249.006,245.424,378.518,241.832,246.78,244.816,242.202,244.244
sync,1783598476.0903258,1005.743554834,,,,,,,,,,,,,,,,
sync,1783598476.2908056,1005.944034511,67.3128939826333,66.69567673976914,66.76531910113151,66.17756214896852,65.8295778313677,66.78393519822139,66.91760902905057,66.8880899286995,563.247,547.695,540.377,538.507,564.906,551.398,580.556,591.049
sync,1783598491.0901556,1020.743384592,,,,,,,,,,,,,,,,
sync,1783598491.2906077,1020.943836738,0,53.05784709943207,54.69712020837617,46.29610430302479,51.03455383306934,51.50507775565782,52.34242546474351,51.51748152026276,464.629,496.029,514.762,465.835,482.634,491.423,489.883,496.98
sync,1783598506.0899172,1035.743146239,,,,,,,,,,,,,,,,
sync,1783598506.2903466,1035.943575691,61.366980230083534,76.8799943234735,54.94131403303092,63.14135696345126,79.94612531312228,81.87623008938158,72.77812710128758,68.71663761171372,689.5,835.67,609.628,726.934,888.485,851.039,788.977,736.225
sync,1783598521.089979,1050.743207815,,,,,,,,,,,,,,,,
sync,1783598521.2904038,1050.943632921,60.7054265330202,64.4533843117744,61.523149079591924,64.0512523756994,59.898967189469886,67.59848272836645,64.32931633941385,67.96306892704813,684.453,649.112,663.254,641.851,659.131,674.942,649.438,662.455
sync,1783598536.089513,1065.74274206,,,,,,,,,,,,,,,,
sync,1783598536.2898626,1065.943091653,64.22441676851405,68.63585854481919,64.35309287265885,68.6410246572672,66.44169179534414,69.76755886800377,70.72783439101623,71.10818194903963,734.256,701.162,716.815,720.738,738.226,724.688,725.107,740.621
sync,1783598551.0894792,1080.742708314,,,,,,,,,,,,,,,,
sync,1783598551.2899885,1080.943217535,79.43083433991282,78.66204058886697,78.77629838211652,79.16098376394054,76.00336429939925,79.0545902398664,76.29518433126455,78.04183399961671,880.902,858.082,865.212,854.116,858.234,863.19,845.848,876.417
sync,1783598566.0898542,1095.743083259,,,,,,,,,,,,,,,,
sync,1783598566.297212,1095.950440907,78.13649544792544,77.71883839207393,77.84254036847958,66.89552578717138,65.38476236753235,78.29025663817747,76.71404389097388,76.3584916053092,836.533,806.296,803.012,766.727,752.769,826.204,799.879,800.091
sync,1783598581.0901937,1110.743422772,,,,,,,,,,,,,,,,
sync,1783598581.2905264,1110.943755429,76.44737489270548,57.321773636585014,74.88145891903402,57.692818982848074,74.3492046546601,62.918768110638624,58.4780821117468,59.12205712735835,834.036,724.756,797.927,742.743,821.038,760.987,746.98,752.971
sync,1783598596.0901122,1125.743341124,,,,,,,,,,,,,,,,
sync,1783598596.290573,1125.943801953,0,0,0,0,0,0,0,0,247.302,244.338,240.031,240.84,245.075,243.774,240.929,242.718
sync,1783598611.0904045,1140.743633456,,,,,,,,,,,,,,,,
sync,1783598611.2909656,1140.944194605,66.3537350387729,68.63984465465819,58.901565066865636,65.97492177235827,65.9987884007821,61.610611661697746,65.6271273555514,62.458582132504326,678.411,653.149,673.022,692.237,676.892,658.767,698.513,665.296
sync,1783598626.0895553,1155.742784146,,,,,,,,,,,,,,,,
sync,1783598626.289936,1155.943165096,0,0,71.12008064167506,74.64903525695182,73.09316246996862,44.81614843501941,74.29988782000186,63.16444856735116,291.108,579.92,776.889,767.579,768.654,691.022,760.454,720.978
sync,1783598641.0900385,1170.743267575,,,,,,,,,,,,,,,,
sync,1783598641.2903435,1170.943572581,0,39.16809956999284,38.682378634404614,37.92603110825429,37.730001026160586,0,0,37.70853405486906,246.777,465.982,449.665,461.567,463.172,243.276,240.483,486.729
sync,1783598656.089948,1185.743177033,,,,,,,,,,,,,,,,
sync,1783598656.2903898,1185.943618754,0,0,0,0,0,0,0,0,245.952,243.206,239.703,240.178,244.51,242.315,239.533,242.005
sync,1783598671.0900753,1200.743304268,,,,,,,,,,,,,,,,
sync,1783598671.2904553,1200.943684236,0,0,0,0,0,0,0,0,245.506,242.486,239.025,239.477,243.604,241.863,239.117,241.404
sync,1783598686.0903049,1215.743533836,,,,,,,,,,,,,,,,
sync,1783598686.2907481,1215.943977229,0,0,0,0,0,0,0,0,245.341,242.333,238.634,238.991,243.172,241.714,238.873,241.169
sync,1783598701.089508,1230.742737005,,,,,,,,,,,,,,,,
sync,1783598701.3842223,1231.037451384,52.87022196640366,54.99040734168056,52.78648799882271,54.43585980607234,54.58911178105041,54.92879261565914,50.10211730214126,54.33652698642707,506.726,535.917,489.838,529.531,532.112,527.89,472.097,552.367
sync,1783598716.0904508,1245.743679672,,,,,,,,,,,,,,,,
sync,1783598716.299459,1245.952687954,0,0.9877811531794203,0,0,0,0,0,0,366.531,323.722,333.327,351.764,345.522,351.418,324.319,337.442
sync,1783598731.089575,1260.742804013,,,,,,,,,,,,,,,,
sync,1783598731.2900195,1260.943248528,61.47589087830624,64.44228649624169,63.14209667094435,63.8491624406089,60.95805844655114,62.12450260924422,60.49633108049214,62.136876917950175,630.84,607.072,618.532,627.207,621.401,629.805,616.526,630.853
sync,1783598746.0894723,1275.742701193,,,,,,,,,,,,,,,,
sync,1783598746.289954,1275.943182833,0,0,53.065030673337056,51.43705976906252,54.35183974733655,51.76549886572152,51.54669720300529,0,247.109,365.328,488.225,490.112,531.467,487.339,489.701,242.787
sync,1783598761.0899222,1290.743151222,,,,,,,,,,,,,,,,
sync,1783598761.3043118,1290.957540771,0,0,0,0,0,0,0,0,248.751,245.424,242.015,242.897,246.44,245.403,242.308,243.996
sync,1783598776.0900395,1305.743268591,,,,,,,,,,,,,,,,
sync,1783598776.2902648,1305.943493887,51.83615759781852,55.04642256984614,54.010825354292614,52.567782322018566,53.8768542414063,53.98794476125688,53.671472100293684,51.861247204750825,499.548,553.504,502.936,505.258,514.666,503.621,498.104,494.487
sync,1783598791.0906372,1320.743866261,,,,,,,,,,,,,,,,
sync,1783598791.2943099,1320.947538915,0,8.6593499539625,1.3958084825717418,21.721777505530397,0,9.132939242350686,1.5842709499274206,8.589045745282824,374.054,337.591,350.516,313.833,345.272,346.503,375.892,333.562
sync,1783598806.0895412,1335.742770247,,,,,,,,,,,,,,,,
sync,1783598806.291394,1335.944622901,62.12048759208938,61.19242481949563,61.1397371598715,63.211345627856275,60.36462309938736,59.371906631290095,64.04761538533769,59.26937531678934,605.488,610.993,611.003,617.212,599.115,570.563,609.739,601.88
sync,1783598821.090022,1350.74325114,,,,,,,,,,,,,,,,
sync,1783598821.4157045,1351.068933591,0,0,0,0,0,0,0,0,251.16,248.46,244.353,245.404,249.002,247.068,288.171,246.138
sync,1783598836.0901225,1365.743351513,,,,,,,,,,,,,,,,
sync,1783598836.2990324,1365.952261475,0,0,0,0,0,0,0,0,369.704,438.079,360.518,444.087,441.746,376.111,432.625,389.872
sync,1783598851.0903425,1380.743571575,,,,,,,,,,,,,,,,
sync,1783598851.2906988,1380.943927656,58.93413342614259,53.65797213608939,58.152881740328176,59.455523487966225,58.943728602934456,57.438337324496416,59.94970164497258,54.11191558813331,578.762,539.403,560.863,571.535,574.456,562.238,581.071,528.067
sync,1783598866.0894933,1395.742722245,,,,,,,,,,,,,,,,
sync,1783598866.2899454,1395.943174269,0,0,0,0,0,0,0,0,659.414,572.437,604.921,658.419,588.49,579.961,598.421,627.324
sync,1783598881.0904014,1410.743630448,,,,,,,,,,,,,,,,
sync,1783598881.3780022,1411.031231169,67.29860973926522,66.92634568550656,65.39015092595812,65.56491037624467,66.97385868043455,66.66183076543155,67.38099613791873,66.02631705749384,332.472,366.351,367.339,352.012,376.404,388.859,387.168,383.988
sync,1783598896.0899293,1425.743158303,,,,,,,,,,,,,,,,
sync,1783598896.2903564,1425.943585501,55.720725625736854,62.88521315910949,58.535941153272,61.683374074541184,61.05228385852689,59.61736526945156,58.749045723128035,55.27478921792396,584.72,615.611,573.48,595.282,598.923,598.181,567.128,548.027
sync,1783598911.0896153,1440.742844395,,,,,,,,,,,,,,,,
sync,1783598911.3191473,1440.972376257,15.623063640281526,5.522523983712604,16.674282229319356,18.700278555333043,12.776733410237599,8.915647155265969,4.021282998926081,10.682576743943653,361.674,346.632,358.02,389.275,381.724,354.899,349.331,353.148
sync,1783598926.0899947,1455.743223766,,,,,,,,,,,,,,,,
sync,1783598926.2904608,1455.943689852,68.77450062512457,69.00262858353253,65.33014609538849,68.33350019626123,68.31461673993229,67.64837437628277,0,68.8828138978133,688.158,667.677,273.441,663.286,672.093,670.712,469.063,682.461
sync,1783598941.0902774,1470.743506473,,,,,,,,,,,,,,,,
sync,1783598941.2906284,1470.943857506,60.54271009309532,65.2968597943225,60.0339648774573,58.45423273105491,54.894659816740685,54.83832821126112,56.011626473028784,54.64252067195034,611.287,635.289,595.958,572.822,585.058,586.672,571.188,583.358
sync,1783598956.090422,1485.743650892,,,,,,,,,,,,,,,,
sync,1783598956.290898,1485.944127053,0,0,0,0,0,0,0,0,248.237,245.296,241.241,241.499,246.855,244.61,241.537,243.603
sync,1783598971.0895555,1500.742784606,,,,,,,,,,,,,,,,
sync,1783598971.2901227,1500.943351833,4.937438174054187,66.10011003473055,67.20754999870321,68.06307806061771,67.85076089591341,67.31537325550423,66.95200260917497,68.35635533657623,612.438,536.439,569.142,612.382,595.722,614.073,536.622,591.329
sync,1783598986.0902126,1515.743441543,,,,,,,,,,,,,,,,
sync,1783598986.29539,1515.94861882,63.669789846442704,61.3930209220254,61.19050395717869,61.44192050695555,61.926689353272245,60.69629112692262,59.8246038310522,61.91222449530937,643.093,603.128,605.551,607.54,636.981,593.782,601.562,611.096
sync,1783599001.0896494,1530.742878451,,,,,,,,,,,,,,,,
sync,1783599001.2900872,1530.943316254,0,0,0,0,0,0,0,0,443.066,486.624,498.422,423.548,469.729,445.673,444.295,437.128
sync,1783599016.0904765,1545.743705553,,,,,,,,,,,,,,,,
sync,1783599016.2920306,1545.945259479,67.94654619246965,68.20576094582984,68.83367851624021,68.28938723044992,67.74306092009887,66.74048936038281,68.18063498614491,68.08276962470016,672.409,654.855,655.544,653.823,664.987,386.881,657.004,660.364
sync,1783599031.089977,1560.743206137,,,,,,,,,,,,,,,,
sync,1783599031.2902846,1560.943513635,66.3619514541682,67.46027807146807,65.13524297061272,65.85975781784701,62.81018131653497,64.58892204453201,63.47334626167269,65.20385328325838,681.687,682.927,630.366,642.114,642.968,672.416,623.351,639.328
sync,1783599046.0904496,1575.743678577,,,,,,,,,,,,,,,,
sync,1783599046.2909741,1575.9442031,70.52050828322547,72.07540087127835,80.93435790202405,82.31320717973752,71.19795811598848,68.84311498990809,70.5960929287343,90.03069765526394,721.836,734.897,823.175,828.352,742.351,735.796,761.817,875.616
sync,1783599061.0903919,1590.743620833,,,,,,,,,,,,,,,,
sync,1783599061.3102198,1590.96344867,67.11502351134116,46.54559818929913,89.44126285228351,69.30569543407331,55.6583205644646,62.90023980744631,54.01429889163608,71.19444075469563,705.521,550.626,876.878,722.79,621.816,657.999,605.806,731.629
sync,1783599076.0901365,1605.743365542,,,,,,,,,,,,,,,,
sync,1783599076.2905202,1605.943749295,63.51736780445971,67.3640554195081,65.0908055211199,67.67265773711881,65.83324315312613,67.47959121507805,65.71288906140599,62.440996218448234,678.238,662.979,637.641,654.984,655.509,662.783,640.379,635.092
sync,1783599091.0899577,1620.743186737,,,,,,,,,,,,,,,,
sync,1783599091.3875856,1621.040814547,0,0,0,0,0,0,0,0,276.17,247.451,243.378,244.659,248.763,387.504,244.311,308.162
sync,1783599106.0900116,1635.743240648,,,,,,,,,,,,,,,,
sync,1783599106.2904603,1635.943689278,86.35290369515265,71.60448179780596,81.41874734975374,88.99598712155438,82.20623528616076,67.83286030720913,58.22319329277955,64.65684070964208,840.218,705.221,800.651,878.429,834.52,707.852,651.928,687.097
sync,1783599121.0894988,1650.742727822,,,,,,,,,,,,,,,,
sync,1783599121.2899096,1650.943138625,76.1170354670445,76.01571750345454,76.92809099432915,76.45792381943318,75.2324909919496,76.64153741460655,76.64003101326745,76.60451169863502,830.074,793.01,830.653,805.846,811.621,830.233,814.601,834.032
sync,1783599136.0898364,1665.74306543,,,,,,,,,,,,,,,,
sync,1783599136.2902436,1665.943472708,70.10144769693798,69.72909509603834,74.01391532355828,71.65562796251376,69.01569726186585,72.6119179892341,72.28719123405091,75.93947386610664,807.749,779.634,801.524,795.204,786.041,813.221,801.9,834.675
sync,1783599151.089883,1680.743112083,,,,,,,,,,,,,,,,
sync,1783599151.29025,1680.94347914,68.86186673293267,68.0672483119235,72.93805405273484,70.05554425143774,66.10628535354091,72.19443666637886,70.83897095164365,75.03537302191808,810.554,786.765,814.083,801.916,783.572,824.885,807.688,854.152
sync,1783599166.090296,1695.743524984,,,,,,,,,,,,,,,,
sync,1783599166.2905786,1695.943807715,67.65783332362089,66.48427560202717,70.2180303885096,66.21981145856815,62.08925908949353,69.30613250459182,70.09504143661508,72.49154465067815,816.947,785.82,805.776,785.457,764.329,812.731,804.536,842.478
sync,1783599181.0904174,1710.743646268,,,,,,,,,,,,,,,,
sync,1783599181.2907448,1710.943973886,0,0,0,0,0,0,0,0,248.395,245.131,241.538,241.612,246.009,244.902,242.094,244.129
sync,1783599196.0899239,1725.743152891,,,,,,,,,,,,,,,,
sync,1783599196.2903218,1725.943550794,79.01736920489483,77.20067638355897,75.97645537656445,78.88057197471137,78.304939336326,78.71618949186467,80.37901380715822,76.49952314097622,866.445,829.347,807.94,837.573,844.587,844.002,851.142,821.348
sync,1783599211.089892,1740.743120825,,,,,,,,,,,,,,,,
sync,1783599211.2902684,1740.943497417,81.24384720365357,75.94750131979107,75.16982800591822,80.23572988288197,77.33887073935594,76.53545311607473,77.15136632116304,72.1262175314601,898.584,833.703,828.331,867.377,861.039,844.387,849.564,817.67
sync,1783599226.0899813,1755.743210432,,,,,,,,,,,,,,,,
sync,1783599226.2902422,1755.94347118,78.3650069479836,72.58321460824484,74.2149477407955,78.43295909303333,76.54747411829497,74.92156462651364,75.51603822714003,70.84401058126811,881.818,820.537,828.489,871.004,869.648,843.847,851.258,818.67
sync,1783599241.0902574,1770.743486508,,,,,,,,,,,,,,,,
sync,1783599241.2936687,1770.946897848,74.97715818493282,68.22342182838051,70.45641204032091,75.37128316711711,72.23478203900117,70.94758314646688,70.99475944171111,64.01662198574756,874.694,803.657,822.049,857.176,848.027,825.693,825.321,783.524
sync,1783599256.0894504,1785.742679438,,,,,,,,,,,,,,,,
sync,1783599256.2899635,1785.943192408,76.54172272825421,77.11333158911626,76.85446810827024,76.58411198060769,25.831875526141506,77.90209240965527,76.04298127730445,75.59610740627726,846.636,839.278,840.517,844.506,523.951,846.52,826.097,851.9
sync,1783599271.0900068,1800.743235736,,,,,,,,,,,,,,,,
sync,1783599271.2903097,1800.943538611,74.69984327416944,72.90335815219306,74.62782440288359,72.44604267319947,78.39528293415657,74.79990264160112,78.30025601009335,72.28017119445268,837.08,791.836,802.165,792.766,863.871,817.172,840.799,800.617
sync,1783599286.0902116,1815.743440543,,,,,,,,,,,,,,,,
sync,1783599286.2904859,1815.943714816,75.29569560325531,74.03444404276726,76.50682487746444,69.17705610028769,81.03386096970357,75.07296161109679,80.48762889573723,70.86967276817563,858.222,822.89,836.003,790.597,880.049,831.54,859.414,800.347
sync,1783599301.0896204,1830.74284925,,,,,,,,,,,,,,,,
sync,1783599301.2900105,1830.943239386,75.51856397415222,73.69956698770997,75.62714537649181,67.33870611233131,82.86377092346288,73.4084299267871,80.23006507784542,69.32845629088206,865.18,826.975,834.264,790.699,897.554,836.755,872.047,807.729
sync,1783599316.0899699,1845.743198978,,,,,,,,,,,,,,,,
sync,1783599316.2902646,1845.943493591,71.55951513147706,67.77711208739066,71.90800096153608,0,77.73554838186315,69.01623689990444,77.00045341597023,64.93342834375171,849.577,796.069,831.891,370.89,878.478,807.088,865.64,785.989
sync,1783599331.0903094,1860.743538497,,,,,,,,,,,,,,,,
sync,1783599331.2908185,1860.944047338,43.192490459363206,42.64556974290408,43.28539530251258,45.07842880147338,48.74754477060306,38.6974258488989,41.84981631658896,41.95006653849791,474.448,464.56,456.353,465.636,478.816,466.827,457.62,460.661
sync,1783599346.0901928,1875.743421872,,,,,,,,,,,,,,,,
sync,1783599346.290841,1875.944070152,0,0,0,0,0,0,0,0,247.172,243.964,240.239,240.772,246.042,243.521,241.021,242.425
sync,1783599361.089408,1890.742636965,,,,,,,,,,,,,,,,
sync,1783599361.2898428,1890.943071906,0,0,0,0,0,0,0,0,246.103,243.019,239.164,239.684,244.332,242.502,239.798,241.753
sync,1783599376.089825,1905.74305386,,,,,,,,,,,,,,,,
sync,1783599376.2953608,1905.948589747,1.1506452727586345,5.5360853177086415,1.8899558877893876,2.556516677993066,7.0241203608151945,25.721808374354083,15.088166052498059,8.939771029168929,245.624,242.409,238.968,239.251,243.748,242.022,239.277,241.403
sync,1783599391.0903556,1920.743584665,,,,,,,,,,,,,,,,
sync,1783599391.290743,1920.943972165,63.10298750122294,64.35577503460644,62.88012149465394,62.5825854099336,66.00375710397992,63.237663397013065,63.730674558964125,65.63749584680467,648.181,643.359,619.224,603.367,659.596,653.249,618.075,660.497
sync,1783599406.0901499,1935.743378957,,,,,,,,,,,,,,,,
sync,1783599406.3169115,1935.970140443,75.9065896512688,81.70745887018084,67.81926483940808,78.37131574013134,55.784716625452745,69.81159464490149,63.235370069605636,82.1462989907152,400.502,424.187,372.092,408.503,412.326,402.341,420.183,434.692
sync,1783599421.0904598,1950.743688891,,,,,,,,,,,,,,,,
sync,1783599421.2905881,1950.943817042,0,0,0,0,0,0,0,0,247.664,245.192,241.072,241.593,245.803,244.414,240.959,243.631
sync,1783599436.090036,1965.743265015,,,,,,,,,,,,,,,,
sync,1783599436.290427,1965.94365596,63.946401857217396,64.88488729258964,67.26359342014023,64.50370083457805,65.0326515399608,64.17504666582745,65.31659884243749,63.19981262640071,659.368,661.149,666.886,634.956,651.503,653.813,661.086,648.733
sync,1783599451.0904307,1980.743659827,,,,,,,,,,,,,,,,
sync,1783599451.2907429,1980.943971833,17.670155842108606,3.5052299824071604,5.21178310363045,27.747763672035546,4.207593148952824,1.8409093044288,11.857850614798766,7.212717648059767,247.42,245.778,240.632,240.821,247.181,245.049,243.925,244.295
sync,1783599466.0900636,1995.743292604,,,,,,,,,,,,,,,,
sync,1783599466.2906153,1995.94384428,50.965224878869186,77.35524392718628,76.23373849839406,83.23342261219064,89.72699215947691,86.6027392482022,54.012690194703495,85.1619881235858,610.466,812.126,787.395,863.79,887.587,870.623,618.658,860.541
sync,1783599481.089998,2010.743227066,,,,,,,,,,,,,,,,
sync,1783599481.2905166,2010.943745601,66.64835590089324,64.06669889719716,65.51592028816431,63.143164219902246,61.485485637116135,65.16068389322201,65.53637421726516,65.13228587386877,665.85,621.846,673.434,623.168,624.546,644.522,645.796,664.791
sync,1783599496.0904374,2025.743666314,,,,,,,,,,,,,,,,
sync,1783599496.2907763,2025.94400527,0,0,67.94378529685903,0,0,0,0,62.42694411518954,247.656,244.931,670.893,242.124,246.953,244.811,477.579,627.865
sync,1783599511.0894823,2040.742711252,,,,,,,,,,,,,,,,
sync,1783599511.289862,2040.943090839,89.17120663266103,58.27280717785883,81.31685066967398,64.75294469461113,80.19036221569826,67.72071727489524,78.3803874304725,82.28216366975867,903.308,626.521,810.11,698.134,831.268,721.33,805.782,843.256
sync,1783599526.090029,2055.743257911,,,,,,,,,,,,,,,,
sync,1783599526.290504,2055.943733052,65.09097507152578,61.267862756097976,62.07896915358896,63.93498098678657,64.62992752730848,67.47648530391076,67.40114003552472,62.16142584329452,634.793,634.273,626.093,638.333,662.854,657.207,641.711,632.523
sync,1783599541.0903182,2070.743547084,,,,,,,,,,,,,,,,
sync,1783599541.2907796,2070.944008665,56.8835954790369,57.556278806559305,55.98577849507153,62.031637571105705,62.3524345369492,65.82572737087513,62.869937408965015,63.48007226938618,596.259,575.054,576.961,624.143,629.076,659.034,621.644,639.74
sync,1783599556.0899274,2085.743156318,,,,,,,,,,,,,,,,
sync,1783599556.2903092,2085.943538119,84.17530228876258,71.81446544246859,63.69231712948705,79.4569895482353,60.80456731379614,60.46443784593652,86.63578647075931,48.42906105279205,867.753,761.71,686.461,822.444,693.673,638.573,886.229,568.894
sync,1783599571.090321,2100.743550138,,,,,,,,,,,,,,,,
sync,1783599571.290777,2100.94400607,60.685518925275936,64.11201969239733,64.51256256010889,65.72833077024212,61.45584888116142,64.23154490468974,63.790489640982614,64.95786640078029,658.042,638.751,639.174,643.455,648.71,643.811,632.357,651.536
sync,1783599586.0895278,2115.742756909,,,,,,,,,,,,,,,,
sync,1783599586.2897723,2115.943001154,66.992918815334,61.5988667184395,55.94924950917651,64.61139132091807,66.06282928525118,62.09163286689423,64.86826764447369,61.804238319825565,680.547,614.904,569.016,646.446,659.155,615.332,646.804,613.23
sync,1783599601.0900764,2130.743305401,,,,,,,,,,,,,,,,
sync,1783599601.29052,2130.943748884,59.642920375563456,77.52538643715525,64.73263516966553,69.15898991772335,86.63139695222381,82.27423477630579,76.51031179403265,80.65206943856981,403.067,415.896,395.258,411.702,488.912,457.98,435.609,456.246
sync,1783599616.0895677,2145.742796568,,,,,,,,,,,,,,,,
sync,1783599616.3005347,2145.953763777,63.052693520720396,61.34886900650328,63.32840310919482,61.14779239388706,61.698382655158525,63.03413014506176,61.644837607362646,61.461104473196436,670.611,651.256,628.897,638.16,658.194,644.756,651.178,649.741
sync,1783599631.0898905,2160.743119562,,,,,,,,,,,,,,,,
sync,1783599631.2902296,2160.943458509,62.968091575290295,63.90556074557031,62.63364791224012,66.8645705519112,63.56728286447889,63.490615501096336,67.18581706376321,62.72411070681416,638.049,628.889,623.828,656.519,642.431,633.071,673.228,653.601
sync,1783599646.0901358,2175.743364737,,,,,,,,,,,,,,,,
sync,1783599646.2906163,2175.943845346,0,0,0,0,0,0,0,0,248.374,245.14,241.269,242.465,247.034,244.789,242.531,243.977
sync,1783599661.0897126,2190.742941533,,,,,,,,,,,,,,,,
sync,1783599661.2904644,2190.943693288,0.000019062237144245553,0,0,0,0,0,0,0,247.255,243.759,240.375,241.086,245.556,243.831,240.971,242.449
sync,1783599676.089921,2205.743149885,,,,,,,,,,,,,,,,
sync,1783599676.2903535,2205.943582432,66.47349975259765,56.551244288281985,64.0466292850937,65.80627848086715,62.541858385576475,62.578844463266606,64.52380376977383,62.37983954420552,671.572,565.549,616.037,631.612,618.844,616.36,644.113,630.509
sync,1783599691.09017,2220.743398878,,,,,,,,,,,,,,,,
sync,1783599691.321382,2220.974610986,77.44067026240349,75.78978519175396,76.12537681308095,78.66739370350886,86.58749052286403,76.94294645059553,74.41568521919251,70.26422418793493,821.007,804.963,784.482,815.538,890.552,796.581,777.177,755.364
sync,1783599706.0902565,2235.743485347,,,,,,,,,,,,,,,,
sync,1783599706.290769,2235.943998145,3.631594730981348,1.8330097057772416,1.191735628881928,3.8720713509504274,3.7860051577811125,3.886213084044206,3.0909553580306626,3.8549785791871614,567.013,542.279,679.631,553.206,698.061,594.399,509.065,628.842
sync,1783599721.0899315,2250.74316049,,,,,,,,,,,,,,,,
sync,1783599721.2901862,2250.94341511,62.17179217903814,61.92676505279513,59.657581016123565,63.43786701608395,62.359447342898456,61.91802431997561,60.81801069286414,61.502226811524864,646.204,593.71,567.306,623.798,602.73,598.628,609.217,628.754
sync,1783599736.0903037,2265.743532568,,,,,,,,,,,,,,,,
sync,1783599736.2907383,2265.943967378,0.0172256009299427,0.008439703105785344,0.019723500121631713,0.01708835820625025,0.019809679454257892,0.019453058122184647,0.009354336410964413,0.010246334772646205,254.917,249.84,245.235,246.313,250.811,250.151,247.009,249.205
sync,1783599751.090083,2280.743311997,,,,,,,,,,,,,,,,
sync,1783599751.293845,2280.947073955,57.926893054443326,81.4187618968676,48.001871952212,68.41715990636884,75.58962846386959,74.06300121977638,57.33475863224714,59.185043800969915,593.688,765.076,571.626,658.805,682.685,727.393,586.401,625.566
sync,1783599766.0896304,2295.742859428,,,,,,,,,,,,,,,,
sync,1783599766.2900271,2295.943256041,62.925535699111364,61.131701702340834,61.4218241181552,63.182250959493004,61.32874566013851,62.553486570470675,65.73433268440043,61.06294734057418,615.363,600.952,623.222,585.874,623.728,606.004,625.1,622.221
sync,1783599781.0897036,2310.742932467,,,,,,,,,,,,,,,,
sync,1783599781.2901554,2310.943384293,0,0,65.47839154035108,0,0,0,66.21404877873147,0,283.366,247.546,686.977,294.0,247.614,418.72,665.074,557.382
sync,1783599796.0902267,2325.743455711,,,,,,,,,,,,,,,,
sync,1783599796.2905512,2325.943780176,88.33419811812969,77.99692605083571,68.4716673269178,70.54555248676255,87.98235938743525,59.54149851162506,70.28955028878863,74.40802188253201,893.131,784.159,726.104,741.535,868.092,644.082,743.201,775.308
sync,1783599811.090192,2340.743421058,,,,,,,,,,,,,,,,
sync,1783599811.2903948,2340.94362382,62.52117268635723,65.64640898145785,61.506711314249976,65.74419561697053,62.14564821154451,63.921055666319184,62.71937323490151,60.780655524339586,644.726,621.566,614.476,614.456,613.856,612.505,602.601,627.317
sync,1783599826.0900173,2355.743246396,,,,,,,,,,,,,,,,
sync,1783599826.3092341,2355.962463162,67.43823588753152,63.51942453699115,63.413612489486916,68.12293976578206,62.496235753422624,64.8374630651956,61.285547696019236,62.699795931392835,690.394,623.439,653.194,674.657,635.081,646.721,619.259,650.71
sync,1783599841.09043,2370.743659014,,,,,,,,,,,,,,,,
sync,1783599841.2907531,2370.943982169,87.19780538516147,68.45745698112007,63.32742436468565,57.541907560141226,67.25274175656834,80.26211909942286,68.21370120510181,72.70987029694133,880.382,704.296,647.262,671.262,693.145,804.194,758.645,763.481
sync,1783599856.0897171,2385.742946047,,,,,,,,,,,,,,,,
sync,1783599856.2899594,2385.943188312,75.66651279892682,73.493739727058,73.50504501557788,74.23300357795186,71.94973678128488,73.82711954831578,73.44580071999856,72.92836974118998,833.499,826.723,833.604,820.699,828.119,838.777,832.767,842.703
sync,1783599871.0903993,2400.743628292,,,,,,,,,,,,,,,,
sync,1783599871.2907145,2400.943943466,67.59465214357594,68.59748314598195,73.2480762230029,59.352706317647275,72.59338240092137,64.24862559894787,58.25928341944922,65.70646417811471,745.247,691.99,746.157,704.599,730.246,701.939,699.825,714.978
sync,1783599886.0897937,2415.743022617,,,,,,,,,,,,,,,,
sync,1783599886.3105884,2415.963817332,0,0,69.13374812329238,56.95016646411658,75.81345128641583,0,77.48255711691402,0,275.02,244.729,808.936,724.605,826.975,245.261,822.147,244.088
sync,1783599901.0899794,2430.743208448,,,,,,,,,,,,,,,,
sync,1783599901.2904637,2430.943692705,77.96218509794186,76.67926163522874,79.30684117066767,78.34810614949531,77.02442251959305,77.60938117614384,76.74557130811537,76.27834048875968,884.537,851.495,842.751,848.716,860.452,839.523,850.421,850.441
sync,1783599916.0900323,2445.743261289,,,,,,,,,,,,,,,,
sync,1783599916.2904131,2445.943642151,64.43737739616917,62.79694595817181,66.12011439625105,62.696121714357666,64.02564000875621,63.67467778006915,64.0539305260692,66.73506974470278,784.551,735.437,768.407,726.784,759.574,740.818,743.069,776.965
sync,1783599931.0899465,2460.743175443,,,,,,,,,,,,,,,,
sync,1783599931.2903259,2460.943554973,62.958739377754036,61.54978373929062,64.24896413789367,60.94456054012453,64.6758343852664,63.330224082105424,62.34762249554353,67.59949297995732,796.838,762.166,779.06,751.132,794.869,771.614,760.484,812.621
sync,1783599946.090003,2475.74323195,,,,,,,,,,,,,,,,
sync,1783599946.290412,2475.943641014,78.58999844409752,79.09465164782226,78.83598288995904,78.84309146405215,78.27761525487944,78.5485760399048,75.4453049233227,78.83677142393346,867.092,833.402,825.467,829.961,841.621,848.754,818.48,851.838
sync,1783599961.0900617,2490.74329064,,,,,,,,,,,,,,,,
sync,1783599961.2905095,2490.943738473,69.40645159518051,63.4384498374663,68.55443356232325,71.64248844386292,71.06873927969536,68.87171651645035,69.365686787965,72.07059750788981,755.77,733.325,721.906,735.622,750.668,736.416,733.864,758.69
sync,1783599976.090367,2505.74359617,,,,,,,,,,,,,,,,
sync,1783599976.2907763,2505.944005215,71.64148010882519,58.68410477407803,54.60449920456444,68.82766928140387,71.69274911907213,47.32803351252847,64.3137519171391,75.2865943283569,811.444,739.862,752.263,775.273,801.767,723.528,781.924,819.606
sync,1783599991.0900023,2520.743231255,,,,,,,,,,,,,,,,
sync,1783599991.2903414,2520.943570395,0,37.599971197908985,37.26719146734055,40.20367632044949,40.66961866444197,37.52471618829903,0,0,380.368,463.071,454.321,452.982,461.078,461.215,403.532,406.708
sync,1783600006.0894089,2535.742637858,,,,,,,,,,,,,,,,
sync,1783600006.289711,2535.942940102,0,0,0,0,0,0,0,0,246.141,243.857,239.753,239.703,243.983,243.279,239.632,241.748
sync,1783600021.0900123,2550.743241315,,,,,,,,,,,,,,,,
sync,1783600021.2903636,2550.943592443,0,0,0,0,0,0,0,0,245.69,242.789,239.03,239.186,243.498,242.227,239.155,241.451
sync,1783600036.0899007,2565.74312969,,,,,,,,,,,,,,,,
sync,1783600036.2935054,2565.946734435,0,0,0,0,0,0,0,0,245.433,242.384,238.633,238.918,243.121,241.83,238.987,241.168
sync,1783600051.0903177,2580.743546667,,,,,,,,,,,,,,,,
sync,1783600051.2907815,2580.944010584,62.077287711828866,60.69073561895596,59.09018134551026,64.91223484173416,58.64406645849086,60.752804958246244,61.680383344818146,59.367342407774416,617.145,598.818,575.156,628.725,572.434,609.53,599.351,577.462
sync,1783600066.0901546,2595.743383615,,,,,,,,,,,,,,,,
sync,1783600066.3003914,2595.953620382,0.03224985170394703,0.04329073532432887,0.14364964350376802,0,0.056231420383391365,0.03334854006701275,0.06017558654989217,0.3587362377711309,247.21,244.016,240.133,241.591,245.04,243.931,240.847,242.405
sync,1783600081.090022,2610.743250969,,,,,,,,,,,,,,,,
sync,1783600081.290396,2610.943624891,89.51643020476433,85.20523890782245,80.42124232863613,86.62675783284358,84.23943021909434,50.567194362385024,69.19969000559489,53.307489217770524,894.637,873.552,789.588,892.46,866.983,581.055,755.192,552.825
sync,1783600096.090042,2625.743271141,,,,,,,,,,,,,,,,
sync,1783600096.2905734,2625.943802309,62.66885381755982,63.18482699075041,63.41419393539823,64.50246497576589,60.55087893797375,60.840607683048454,61.05657768774774,59.32722349522239,629.48,617.55,606.206,633.938,596.544,627.314,595.525,583.087
sync,1783600111.0900695,2640.743298424,,,,,,,,,,,,,,,,
sync,1783600111.2903616,2640.943590734,0,0,0,52.1141461167645,0,45.1086516446434,0,0,249.31,245.122,458.719,683.596,246.046,611.364,241.335,242.917
sync,1783600126.090326,2655.74355496,,,,,,,,,,,,,,,,
sync,1783600126.294069,2655.947298113,62.61586021050649,55.23711567548194,64.74543320998563,75.1376234839345,89.62684280983098,47.07958653204299,87.8772034716632,55.284510169948234,655.736,611.892,685.449,730.886,903.727,530.502,867.97,605.759
sync,1783600141.0904076,2670.743636705,,,,,,,,,,,,,,,,
sync,1783600141.2907658,2670.943994743,61.58882198858624,61.31531472546518,59.34211241191909,62.37941883772587,58.027256842539586,61.03266260344883,62.37452145127953,61.97666991855327,616.001,597.301,573.075,591.386,563.113,598.59,606.604,620.551
sync,1783600156.0894253,2685.742654265,,,,,,,,,,,,,,,,
sync,1783600156.2896812,2685.94291026,0.015342525795230343,0.01654587488151215,0.01839171340957965,0.01728711641968022,0.03778406538522676,0.018460625724766606,0.02169199219516155,0.03799252311028271,254.695,249.419,245.393,246.456,250.085,249.083,247.123,248.436
sync,1783600171.0895998,2700.742828939,,,,,,,,,,,,,,,,
sync,1783600171.2900658,2700.943294768,69.98090396527769,66.51831414467303,84.3881271385363,81.85575840036286,48.014961552908034,65.3311546290906,78.0311238937752,60.5285780501413,598.047,544.647,674.937,657.232,443.282,566.922,645.652,546.966
sync,1783600186.0904052,2715.743634128,,,,,,,,,,,,,,,,
sync,1783600186.2907693,2715.943998415,64.74038452729364,61.658318430674996,60.968774182903964,62.59168172046018,60.571153051114514,61.85252633970902,60.102042526054,59.366756220263575,639.023,592.174,609.337,582.263,591.706,623.228,587.597,578.137
sync,1783600201.0898697,2730.743098698,,,,,,,,,,,,,,,,
sync,1783600201.290235,2730.943464017,66.07007834957554,0,64.37623117265088,0,0,66.72296941531704,0,0,683.71,245.289,650.528,242.379,246.584,678.107,241.664,242.862
sync,1783600216.0898952,2745.743124238,,,,,,,,,,,,,,,,
sync,1783600216.2903705,2745.943599582,79.00857538019108,42.80238381092798,56.05830007779099,56.58359654075456,55.87309556131217,58.770098677581686,39.8519038262568,46.02984964734833,624.103,603.705,707.334,645.828,660.106,636.598,702.936,619.652
sync,1783600231.090383,2760.743611942,,,,,,,,,,,,,,,,
sync,1783600231.290868,2760.94409704,62.22731122339744,65.48801754425195,64.0719977484747,65.02007746619233,64.25369660393012,64.83787732685015,61.21244009936719,63.570052458839264,326.016,318.547,310.214,299.443,318.996,340.881,337.548,327.343
sync,1783600246.0902572,2775.743486236,,,,,,,,,,,,,,,,
sync,1783600246.290535,2775.943764084,55.76811958416755,60.2827213780368,63.27100785070739,60.83401802423043,59.124182108137845,59.819461819209074,62.28318168441864,61.90131915124021,571.877,586.148,616.214,573.711,576.586,577.269,616.599,608.063
sync,1783600261.0900753,2790.743304205,,,,,,,,,,,,,,,,
sync,1783600261.3016453,2790.954874371,70.34046137121403,73.56575608474628,53.41280471723372,81.46972980095347,74.30977146378197,85.41613258326865,75.863084471371,70.99365594350027,761.746,779.741,761.295,836.089,796.088,870.666,862.61,760.23
sync,1783600276.090279,2805.743508163,,,,,,,,,,,,,,,,
sync,1783600276.2906291,2805.943858079,67.63347320156512,32.99345011110377,67.07330113080063,67.16147524089781,66.58757765033555,66.56446975436162,65.99579598954942,66.50107340756338,652.288,635.683,624.239,633.081,646.236,643.694,634.463,640.719
sync,1783600291.089805,2820.743033975,,,,,,,,,,,,,,,,
sync,1783600291.2901852,2820.943414256,62.41635204851824,60.89316158088063,58.986867673491425,60.495322563669774,60.8750399986607,59.78409471850522,60.68743447299344,60.49805191198945,610.441,598.677,575.666,590.161,600.307,600.356,598.976,604.169
sync,1783600306.0899286,2835.743157542,,,,,,,,,,,,,,,,
sync,1783600306.2901814,2835.943410463,0,0,0,0,0,0,0,0,248.887,245.79,241.223,241.342,247.009,245.051,241.841,243.656
sync,1783600321.089522,2850.742750895,,,,,,,,,,,,,,,,
sync,1783600321.3014398,2850.954668723,64.77666572935519,66.73911624500533,65.12755103066922,64.02280542425022,65.30234863422288,64.15952126536843,63.17165930124927,67.52450001951131,679.785,664.837,660.277,650.755,660.779,663.308,652.976,392.307
sync,1783600336.0894928,2865.742721834,,,,,,,,,,,,,,,,
sync,1783600336.290929,2865.944158048,60.13476829048938,61.07541000001922,60.23967687691398,64.906866069231,61.50189390368156,62.00960757814386,59.92300247332978,56.165410557653274,601.557,597.206,579.471,638.977,602.747,627.807,579.849,574.143
sync,1783600351.0898852,2880.743114213,,,,,,,,,,,,,,,,
sync,1783600351.299392,2880.952621066,11.786392240367384,8.9005630049375,16.103827089124135,8.44446593034468,8.883410898621541,12.749100890062829,13.227675129796076,9.604100307821282,359.953,336.938,339.05,334.849,346.594,342.188,346.999,356.123
sync,1783600366.0898457,2895.743074756,,,,,,,,,,,,,,,,
sync,1783600366.2903256,2895.943554727,63.34815865369824,62.45103847609532,63.098494885044765,62.26629131207524,61.265587891616576,62.69605328545585,61.91761292923118,61.76515432233944,682.732,650.37,642.021,643.393,649.782,659.029,646.498,641.594
sync,1783600381.0900364,2910.743265384,,,,,,,,,,,,,,,,
sync,1783600381.2902904,2910.943519366,64.3829285413873,64.13739692466511,59.435935325725886,62.06806766617433,59.854702542781524,62.78722391074969,63.42782042668964,62.78957131307944,641.949,637.755,577.766,614.176,592.217,623.225,630.142,626.54
sync,1783600396.089806,2925.743035011,,,,,,,,,,,,,,,,
sync,1783600396.2915177,2925.944746618,6.140653310972427,2.9772500998819016,14.141900293133641,12.543732664000126,1.7012268239599542,14.246958875123061,19.879812446903006,12.475789931082046,391.815,397.236,384.056,348.352,351.333,365.943,297.373,320.024
sync,1783600411.0897849,2940.743013761,,,,,,,,,,,,,,,,
sync,1783600411.2903254,2940.943554313,61.50397631182194,63.84180573111923,64.34654049900941,61.86323244232479,62.247838676232945,65.30008633231293,49.9526883968924,61.26245083257985,665.293,648.679,660.493,636.142,653.306,671.899,324.07,642.991
sync,1783600426.0902178,2955.743446713,,,,,,,,,,,,,,,,
sync,1783600426.2935884,2955.946817427,62.15781339708762,61.28689117058379,62.436459754540884,62.70812385505554,61.140968981553186,62.218079699193204,64.93036415860651,60.35540193546678,618.59,601.337,611.841,608.397,612.524,622.341,639.297,602.029
sync,1783600441.0894873,2970.7427162,,,,,,,,,,,,,,,,
sync,1783600441.325241,2970.97847011,0,0,0,0,0,0,0,0,247.549,244.528,240.545,240.93,245.684,244.187,241.244,242.956
sync,1783600456.0903041,2985.743533157,,,,,,,,,,,,,,,,
sync,1783600456.2905219,2985.943750744,68.4807139938782,64.98988902964565,66.52164705705721,64.52315323656374,63.91319853219232,65.61446172394967,65.47740585257412,65.08034689080885,682.507,657.627,665.41,652.565,667.617,666.868,666.245,662.489
sync,1783600471.0898395,3000.743068553,,,,,,,,,,,,,,,,
sync,1783600471.2901988,3000.943427732,62.49284442263935,64.71300686792148,61.98891311694451,56.32303122494221,60.47849102897046,61.63988883346679,60.99231209593954,61.731154885906314,630.027,634.193,616.322,577.914,603.631,604.342,602.044,614.225
sync,1783600486.0903654,3015.743594413,,,,,,,,,,,,,,,,
sync,1783600486.3366187,3015.989847603,11.234866797583386,29.423374915209067,49.63853582906512,39.90714206733706,42.60344871137477,21.082266968409584,37.572873072258226,51.06001024794233,247.423,244.517,240.585,246.273,251.002,243.926,240.772,242.845
sync,1783600501.1019194,3030.755148406,,,,,,,,,,,,,,,,
sync,1783600501.2899313,3030.943160386,0,0,0,0,0,0,0,0,246.757,243.816,239.888,240.381,244.943,243.202,240.225,242.201
sync,1783600516.0893908,3045.742619667,,,,,,,,,,,,,,,,
sync,1783600516.2898371,3045.943066107,66.37484755686425,62.69617711041043,65.46052248329359,66.99845320831551,66.140720589483,62.66185858872083,61.89179513972325,62.1920155110095,678.384,621.65,646.363,660.458,664.681,653.011,636.287,648.229
sync,1783600531.0903625,3060.743591474,,,,,,,,,,,,,,,,
sync,1783600531.2907965,3060.944025416,0,0,0,0,0,0,0,0,332.438,244.892,357.489,243.097,248.471,245.079,242.844,243.799
sync,1783600546.0902405,3075.743469534,,,,,,,,,,,,,,,,
sync,1783600546.2906559,3075.943884948,63.06190218720005,66.8723854011112,67.15387077474337,64.89885420509229,60.446470018943174,58.825573320939725,61.063703776239194,62.898464138938635,716.746,659.42,662.499,680.044,689.767,678.55,672.822,707.182
sync,1783600561.0903397,3090.743568605,,,,,,,,,,,,,,,,
sync,1783600561.2906327,3090.943861816,64.32546779527438,66.96032709071929,72.66570196103113,71.98179711510436,69.08899845924098,67.69446592174235,68.96490091346274,74.30240926567981,737.928,739.878,744.922,739.74,762.3,754.284,749.551,796.258
sync,1783600576.0903924,3105.743621316,,,,,,,,,,,,,,,,
sync,1783600576.290778,3105.944006906,70.96607540485766,75.77247007182085,76.00189938549626,75.22649495395459,75.78933157262351,63.76676030297037,75.31244496125092,72.59545312323843,578.671,616.702,590.371,605.405,625.219,615.115,613.254,605.848
sync,1783600591.0901115,3120.743340488,,,,,,,,,,,,,,,,
sync,1783600591.291346,3120.94457512,65.28308355812705,62.87297776089707,64.30974802430015,64.24270311438109,66.83407165422818,68.82591952064845,65.25434890738484,64.08605674288795,716.92,643.358,680.019,644.881,684.061,720.118,645.451,649.038
sync,1783600606.090242,3135.743470996,,,,,,,,,,,,,,,,
sync,1783600606.2906692,3135.943898187,68.96388034772762,0,0,0,0,69.90902358145611,0,0,762.749,245.457,378.516,241.64,248.74,781.672,241.758,243.399
sync,1783600621.0904338,3150.743662825,,,,,,,,,,,,,,,,
sync,1783600621.290768,3150.943996988,0,0,0,0,0,0,0,0,246.909,243.39,239.672,240.242,244.69,243.34,239.971,242.259
sync,1783600636.0897741,3165.743003239,,,,,,,,,,,,,,,,
sync,1783600636.2901065,3165.943335599,0,0,0,0,0,0,0,0,245.977,242.519,239.033,239.532,243.714,242.341,239.26,241.678
sync,1783600651.0903049,3180.743533967,,,,,,,,,,,,,,,,
sync,1783600651.2906065,3180.94383554,0,0,0,0,0,0,0,0,245.547,242.358,238.727,238.955,243.245,241.887,239.13,241.17
sync,1783600666.089611,3195.742840079,,,,,,,,,,,,,,,,
sync,1783600666.2900524,3195.943281532,59.91048548267032,59.685790073756536,60.095930473107686,58.96278290593806,62.710205564609936,60.30976365216585,62.65404984677543,62.87238793159371,593.361,566.891,577.817,563.449,604.299,600.513,600.291,609.531
sync,1783600681.0897112,3210.742940081,,,,,,,,,,,,,,,,
sync,1783600681.3284914,3210.981720489,62.48489980497778,69.93696915169521,74.71402851801454,61.551425766045384,68.01316961910764,85.0842852680982,61.93653789903904,66.4738878365242,391.253,452.396,451.551,423.454,456.54,539.157,439.395,484.655
sync,1783600696.0904653,3225.743694354,,,,,,,,,,,,,,,,
sync,1783600696.2909966,3225.944225652,49.69246665388767,55.44953069933608,67.99699542091538,79.95545994590316,74.2450972138269,89.44668617479566,66.38939310465422,61.13354937346186,569.356,605.151,706.234,818.184,779.091,874.032,713.223,641.677
sync,1783600711.090307,3240.743535997,,,,,,,,,,,,,,,,
sync,1783600711.2906566,3240.943885662,59.531775707889004,61.088745178151484,53.64703200942509,64.60893056146725,57.259775806952184,54.70290409998165,57.19423681725352,53.819949390005526,576.895,605.991,541.085,602.892,562.004,555.121,556.669,546.572
sync,1783600726.0901144,3255.7433433,,,,,,,,,,,,,,,,
sync,1783600726.2903256,3255.943554759,0,0,0,0,0,0,0,0,250.779,249.571,243.406,245.588,249.207,246.783,244.594,245.838
sync,1783600741.0902524,3270.743481319,,,,,,,,,,,,,,,,
sync,1783600741.298,3270.951229166,8.481150925028242,2.126274794324555,7.37991520063784,8.4007901103873,6.87190007718379,6.8919533408164995,6.415489774132799,3.8032544016971324,838.364,689.926,677.679,678.599,699.621,696.892,603.099,713.002
sync,1783600756.089964,3285.74319303,,,,,,,,,,,,,,,,
sync,1783600756.2904537,3285.943682595,58.899268545556005,59.01363019744388,59.27794010987869,59.64486167712659,57.70294957243786,58.58827028517861,58.69384935738419,58.58208228465757,588.442,567.888,569.931,559.894,560.3,564.763,560.021,574.033
sync,1783600771.0896025,3300.74283139,,,,,,,,,,,,,,,,
sync,1783600771.2899933,3300.943222217,85.01004916192394,79.30214676874401,72.94191304849289,55.44709379774992,71.34773680535834,74.13039577840651,74.52316777984946,76.79104524663461,864.384,806.541,771.96,608.305,766.123,800.775,772.573,804.215
sync,1783600786.0900195,3315.743248427,,,,,,,,,,,,,,,,
sync,1783600786.290416,3315.943644903,0,0,0,0,0,0,0,0,498.441,501.747,472.166,372.931,427.481,428.171,372.921,474.887
sync,1783600801.0903754,3330.743604313,,,,,,,,,,,,,,,,
sync,1783600801.3120098,3330.965238717,60.41668155655249,59.39718906537833,58.42654661327775,59.05108700638942,60.9731447684929,57.66962868754069,53.00849951275906,54.42091996430736,594.199,584.748,565.105,556.728,602.701,561.184,528.075,549.462
sync,1783600816.0900478,3345.743276734,,,,,,,,,,,,,,,,
sync,1783600816.2903726,3345.943601672,83.13031368090097,80.54946149660894,70.02577014929642,75.55931102280444,71.63473205879257,76.78063751495608,79.73115019815927,82.68618354874724,721.152,705.706,630.271,680.232,650.086,669.4,689.729,718.878
sync,1783600831.0897906,3360.743019551,,,,,,,,,,,,,,,,
sync,1783600831.2977726,3360.951001688,0,0,0,0,0,0,0,0,249.397,245.946,242.127,242.481,247.219,245.509,242.179,244.454
sync,1783600846.0898833,3375.743112332,,,,,,,,,,,,,,,,
sync,1783600846.3217583,3375.974987307,58.96485934346798,61.03268329448771,58.41949965891086,61.9517253570592,59.09841694183181,60.02523813156814,55.00617644365783,57.70282148409177,577.832,598.839,565.299,592.207,580.324,591.126,548.233,568.872
sync,1783600861.0897968,3390.743025825,,,,,,,,,,,,,,,,
sync,1783600861.2903147,3390.943543662,75.85928733242945,70.14546830691346,71.8466685407106,67.79813922955296,86.0876698269104,82.23543082519956,78.22784032553575,71.33706160074635,809.681,764.699,755.685,733.365,879.42,832.0,815.807,748.361
sync,1783600876.089348,3405.742576992,,,,,,,,,,,,,,,,
sync,1783600876.2897592,3405.942988175,0,0,0,0,0,0,0,0,247.431,244.257,240.317,240.912,245.789,243.833,241.04,242.409
sync,1783600891.0899582,3420.743187239,,,,,,,,,,,,,,,,
sync,1783600891.2903538,3420.943582768,61.89779054961908,60.628390119971996,59.83667769278161,56.19197254551537,58.72934602666857,65.27169773006182,58.74598513593624,60.37887313859645,614.387,597.66,587.915,537.605,584.464,631.259,572.849,588.477
sync,1783600906.0902677,3435.743496655,,,,,,,,,,,,,,,,
sync,1783600906.2907596,3435.943988629,0,0,0,0,0,0,0,0,254.193,267.689,242.447,246.505,247.055,247.005,242.446,244.526
sync,1783600921.089971,3450.743200123,,,,,,,,,,,,,,,,
sync,1783600921.290456,3450.943684946,65.00695291202712,65.89714761165183,65.10312695948069,65.89075333118001,64.92519650221838,66.10972001799816,65.26181853620503,65.7552804431518,347.475,326.885,359.45,334.95,320.213,353.523,335.149,361.108
sync,1783600936.090081,3465.743309879,,,,,,,,,,,,,,,,
sync,1783600936.2905104,3465.943739519,61.230984896752595,60.105480701369295,58.90202072228501,65.86456294684743,62.8377321523609,61.789691342075514,54.87919995125636,54.49731759588493,616.059,580.29,571.641,648.873,629.325,606.611,576.38,564.179
sync,1783600951.0900667,3480.74329576,,,,,,,,,,,,,,,,
sync,1783600951.2905154,3480.943744368,0,0,0,0,0,0,0,0,248.503,245.018,241.18,242.277,247.589,245.07,242.376,243.368
sync,1783600966.0899804,3495.743209442,,,,,,,,,,,,,,,,
sync,1783600966.298427,3495.951656162,0,0,0,0,0,0,0,0,247.248,243.907,240.211,240.802,246.04,243.694,241.232,242.504
sync,1783600981.089727,3510.742955824,,,,,,,,,,,,,,,,
sync,1783600981.290065,3510.943293947,60.84513568983172,64.56098127865171,54.869165696009006,56.804147998300124,61.67598230687699,60.15848546194594,54.02666021283075,59.51901665711403,596.112,628.144,548.174,562.69,608.583,586.323,547.169,586.592
sync,1783600996.0898883,3525.743117288,,,,,,,,,,,,,,,,
sync,1783600996.29034,3525.943568831,0,0,0,0,0,0,0,0,456.027,410.373,440.639,359.871,482.876,417.051,392.065,402.937
sync,1783601011.0901294,3540.743358441,,,,,,,,,,,,,,,,
sync,1783601011.2905505,3540.943779369,67.3716001545829,67.426286692569,68.37648240414723,67.36539620845228,67.11644807070225,0,66.84922107580424,67.59467827373362,606.318,607.884,597.944,610.306,616.667,427.794,624.052,624.22
sync,1783601026.0903387,3555.743567747,,,,,,,,,,,,,,,,
sync,1783601026.290667,3555.943896176,60.164198778365865,60.25213054006989,54.90737161955976,61.93616313089311,54.73295934620822,61.2709746312045,62.714014036435536,55.73428635152473,598.97,582.661,559.663,606.302,537.698,606.043,611.558,576.965
sync,1783601041.0905201,3570.743749231,,,,,,,,,,,,,,,,
sync,1783601041.2908175,3570.944046573,0,0,1.1192071324315318,0,0,0,0,0,248.359,244.655,240.489,241.532,245.892,244.595,241.662,243.155
sync,1783601056.0896056,3585.742834542,,,,,,,,,,,,,,,,
sync,1783601056.2899933,3585.943222249,63.62776716745834,63.710773905748,62.75606126481951,64.9576384055516,61.85849556120615,63.69033701406705,64.84312581390907,63.65674015004865,645.513,630.106,641.899,624.178,638.782,639.556,627.48,634.067
sync,1783601071.08988,3600.743109084,,,,,,,,,,,,,,,,
sync,1783601071.290319,3600.943547958,56.165972778431914,57.192824710630696,60.07488174809155,56.612627424131304,60.605998911991854,55.566235870961435,59.40120153486277,54.80969407209438,564.553,563.48,591.571,577.607,607.054,575.613,593.914,543.416
sync,1783601086.0898056,3615.743034615,,,,,,,,,,,,,,,,
sync,1783601086.290223,3615.943451886,62.3752226435461,50.82761460767995,46.87637918411663,51.48635459527197,69.38592138960868,74.24201825082342,82.36358818842666,47.744358937839046,719.246,628.406,546.181,586.998,793.19,837.578,899.878,573.401
sync,1783601101.0903773,3630.743606364,,,,,,,,,,,,,,,,
sync,1783601101.2908614,3630.944090305,71.01241935812996,70.32439497555796,72.1783849780218,70.85455493782088,67.70669228552096,70.80122724004903,66.50456539924073,70.84971540659951,744.589,777.165,716.676,711.298,715.992,726.295,747.473,725.397
sync,1783601116.0903234,3645.743552335,,,,,,,,,,,,,,,,
sync,1783601116.290753,3645.943981855,62.912845958310115,68.50958667986657,65.75553015427124,63.10446068986536,65.9870241515853,63.07932792767568,63.09352980436057,68.04884327497945,642.828,682.82,646.708,626.658,677.31,653.79,629.794,691.026
sync,1783601131.090107,3660.743335982,,,,,,,,,,,,,,,,
sync,1783601131.2988777,3660.952106792,77.69651489315021,79.06587551302712,78.94233794932799,75.49825781949548,77.40568771477719,77.97868722285294,74.6629537687232,79.32963352543955,885.203,860.579,856.337,833.275,877.741,861.361,818.549,864.489
sync,1783601146.0900848,3675.743313802,,,,,,,,,,,,,,,,
sync,1783601146.290453,3675.94368189,63.76434258136251,62.75407058046344,63.40163872876804,68.12332278270833,63.81077632753769,68.21736257722316,66.43842254478385,67.31012648602298,660.187,686.306,680.875,671.803,675.803,695.83,677.098,688.297
sync,1783601161.0900204,3690.743249529,,,,,,,,,,,,,,,,
sync,1783601161.2903821,3690.943611067,0,0,0,0,0,0,0,0,246.987,245.34,240.921,240.849,245.556,244.111,241.011,242.986
sync,1783601176.0903199,3705.743548941,,,,,,,,,,,,,,,,
sync,1783601176.290626,3705.943855056,63.16209884258954,62.23034125018309,63.95236727582443,67.21478204714941,65.75012843511833,66.79341467847684,62.22432089601223,67.68197243451326,637.081,612.227,624.549,655.868,656.007,661.426,662.66,660.009
sync,1783601191.0896864,3720.742915303,,,,,,,,,,,,,,,,
sync,1783601191.2901347,3720.943363602,0,0,0,0,0,65.41603761450119,57.06953429545769,70.68095303854585,248.769,245.444,241.938,581.696,392.783,717.185,693.87,717.112
sync,1783601206.0903397,3735.743568656,,,,,,,,,,,,,,,,
sync,1783601206.2907333,3735.943962243,0,0,0,38.965281098177364,38.716741440008605,0,0,0,246.511,243.111,239.643,456.418,467.6,242.98,240.081,242.237
sync,1783601221.0896912,3750.742920157,,,,,,,,,,,,,,,,
sync,1783601221.3269255,3750.980154411,0,0,0,0,0,0,0,0,245.663,242.447,239.083,239.814,244.152,242.163,239.496,241.692
sync,1783601236.0904582,3765.74368708,,,,,,,,,,,,,,,,
sync,1783601236.2907286,3765.943957492,0,0,0,0,0,0,0,0,245.43,242.269,238.641,239.334,243.405,241.85,239.135,241.241
sync,1783601251.0901275,3780.743356357,,,,,,,,,,,,,,,,
sync,1783601251.2906008,3780.943829753,53.787758470860666,50.587362962132886,51.92776480410315,60.75338728707774,60.25366007297299,58.03148815613991,62.86854643041615,57.46142286709428,546.831,484.393,513.268,572.677,584.73,556.949,594.969,553.237
sync,1783601266.0902767,3795.74350578,,,,,,,,,,,,,,,,
sync,1783601266.3189971,3795.972226139,0.015165442805845461,0,0,0.026003334608146682,0.016704162044606632,0,0.016606557556281768,0.01806474712175246,250.813,247.747,244.025,246.467,251.053,249.852,246.578,247.453
sync,1783601281.0899112,3810.743140117,,,,,,,,,,,,,,,,
sync,1783601281.2903278,3810.943556783,81.19882895357475,55.030947235915086,66.41381578236313,43.35870123568022,67.23682977574748,73.8353178039804,69.67623535617892,80.34426306983022,842.677,629.305,749.51,523.506,772.85,823.9,729.199,887.301
sync,1783601296.0895646,3825.742793463,,,,,,,,,,,,,,,,
sync,1783601296.2899137,3825.943142587,53.53747500812284,53.43981029618858,54.22410838398315,53.436405336779615,57.880053620619485,57.51306279013498,55.313559559361266,52.58972899975901,537.755,526.927,527.769,534.446,557.058,553.151,547.191,530.414
sync,1783601311.0900598,3840.743288821,,,,,,,,,,,,,,,,
sync,1783601311.290391,3840.943619859,68.01232460076395,67.16111584128231,87.26724668660594,67.89623823782117,64.68927570406315,71.05235450931654,64.17837171647915,70.14037594697714,535.243,536.558,559.16,485.257,520.156,543.57,484.684,546.283
sync,1783601326.0902028,3855.743431771,,,,,,,,,,,,,,,,
sync,1783601326.2906246,3855.943853715,0,0,0,0,0,0,0,0,246.941,243.733,240.171,240.731,244.868,243.412,240.331,242.684
sync,1783601341.090352,3870.743581151,,,,,,,,,,,,,,,,
sync,1783601341.2906709,3870.94389993,55.411452454738175,61.64217223836342,61.94975295153146,54.809006399371455,54.005469687697314,54.80552188086148,58.85764122326261,59.037861696505765,573.557,601.708,604.252,548.259,554.041,540.773,573.792,581.736
sync,1783601356.0900226,3885.743251522,,,,,,,,,,,,,,,,
sync,1783601356.2903101,3885.943539054,0,0,0,0,0,0,0,0,362.98,344.606,338.515,336.309,344.708,346.053,308.51,335.333
sync,1783601371.0904238,3900.743652789,,,,,,,,,,,,,,,,
sync,1783601371.290887,3900.944116135,64.16498353712691,64.0110968056134,62.13776210991533,62.9572380734506,64.35665595596444,64.41313861269195,61.754421133956406,64.72758222703882,675.685,655.685,644.35,652.445,666.395,659.648,650.1,675.101
sync,1783601386.0902255,3915.743454547,,,,,,,,,,,,,,,,
sync,1783601386.290674,3915.943903011,61.417602285936404,55.843199497786,56.32297521846061,55.645305967926106,59.94164729645537,62.92017411665678,59.599584596988045,61.86930358364402,605.036,562.012,545.203,527.018,592.181,632.724,583.972,624.119
sync,1783601401.0900147,3930.743243748,,,,,,,,,,,,,,,,
sync,1783601401.2988796,3930.952108715,85.94076600288119,80.61945713723108,44.100511315528195,79.18961552531137,83.79465815543242,57.34974027883394,65.15112493823095,66.68049149149554,783.927,730.948,485.845,712.429,794.561,629.215,672.188,708.046
sync,1783601416.0896716,3945.742900656,,,,,,,,,,,,,,,,
sync,1783601416.2900598,3945.943288861,62.36649171976715,61.160200585049814,63.27779669470874,64.61604131309034,63.360131147560764,64.18545854702249,62.74388347365233,63.29345041615622,616.41,602.008,591.108,617.812,607.421,612.177,601.923,608.427
sync,1783601431.0899432,3960.743172086,,,,,,,,,,,,,,,,
sync,1783601431.290368,3960.943597076,58.686264774645146,60.874919736222424,61.877474763185624,62.3544597548479,62.802923743378344,57.97102042527398,60.007077270924526,61.1469923664252,610.978,608.135,618.462,621.282,635.981,596.179,603.855,618.056
sync,1783601446.0903847,3975.743613742,,,,,,,,,,,,,,,,
sync,1783601446.295019,3975.948247974,44.33625031957703,33.28569670851749,38.603726893158424,24.315074909113765,41.91825880621183,43.48816670651253,82.43041067005224,63.73137277797828,661.916,498.632,675.132,566.983,774.595,678.447,535.617,759.751
sync,1783601461.0895631,3990.742792209,,,,,,,,,,,,,,,,
sync,1783601461.3318374,3990.985066525,57.88007305052467,57.20522985536554,57.60030392129644,58.2746521823888,58.280400017295385,59.93118258882683,58.068300247500126,57.05319968190733,563.002,541.409,545.514,558.854,573.921,577.285,560.797,558.359
sync,1783601476.0901985,4005.74342748,,,,,,,,,,,,,,,,
sync,1783601476.290443,4005.943671928,0,0,0.00983162003976617,0.0007694436200177631,0,0,0,0,252.806,250.392,248.21,247.102,252.233,249.613,278.472,248.753
sync,1783601491.0900824,4020.743311344,,,,,,,,,,,,,,,,
sync,1783601491.2905328,4020.943761781,0,0,0.01796558499040933,0,0,0,0,0,478.346,484.772,366.046,502.194,436.673,511.631,363.318,416.998
sync,1783601506.0903323,4035.743561207,,,,,,,,,,,,,,,,
sync,1783601506.2907684,4035.943997313,54.77677956360875,59.08440427210478,62.54184363471795,59.74476709647829,54.38434463133238,60.94762254596058,53.0290328190113,57.88172586213113,558.934,564.682,600.412,571.006,549.537,586.587,535.075,560.191
sync,1783601521.09019,4050.743419049,,,,,,,,,,,,,,,,
sync,1783601521.314158,4050.967387061,6.347630554003712,0,0,0,0,0,5.760309518925929,0,346.269,365.653,323.723,317.454,339.323,335.378,322.301,335.567
sync,1783601536.09043,4065.743658979,,,,,,,,,,,,,,,,
sync,1783601536.3016474,4065.954876428,0,0,0,0,0,0,0,0,248.973,246.877,242.267,242.427,247.296,245.329,242.242,244.145
sync,1783601551.089673,4080.742901972,,,,,,,,,,,,,,,,
sync,1783601551.2899315,4080.943160548,61.6269613492048,62.179953739445104,60.63723694842883,60.92378364774955,59.51948930557931,53.34465062645724,53.72503956449596,59.51104172095177,604.688,596.177,595.413,576.303,578.362,543.621,547.194,576.868
sync,1783601566.0895233,4095.742752217,,,,,,,,,,,,,,,,
sync,1783601566.2909088,4095.944137752,80.32643424282251,69.1928120564679,69.93919137577815,66.59411623281522,86.49735061010884,71.7977742861205,72.90390264526,65.81996992106052,666.406,620.914,611.9,615.727,734.888,653.113,633.955,587.049
sync,1783601581.0895631,4110.742792226,,,,,,,,,,,,,,,,
sync,1783601581.327508,4110.980736989,0,0,0,0,0,0,0,0,248.412,244.61,240.304,241.345,246.034,243.843,240.857,243.434
sync,1783601596.0900505,4125.743279548,,,,,,,,,,,,,,,,
sync,1783601596.2904906,4125.943719587,59.99457810231007,61.73387161242327,55.30863267113095,61.41305250937972,58.91385341602161,59.564969293326406,58.64606222000847,59.37277604279762,592.586,602.273,533.31,586.03,574.733,592.637,570.154,581.913
sync,1783601611.08956,4140.742789114,,,,,,,,,,,,,,,,
sync,1783601611.3333793,4140.986608316,32.129623406116075,45.27486694489872,55.08947663389362,34.87577619341728,42.879706365667175,34.199966377960905,48.09899732224654,33.36538807052245,247.429,244.488,240.965,240.977,263.395,258.045,241.683,259.279
sync,1783601626.0895283,4155.742757348,,,,,,,,,,,,,,,,
sync,1783601626.2900991,4155.943328044,65.52723451573273,65.01056652374733,63.75886182125906,65.21137417810392,65.18041934090849,64.58407244743124,65.13445624343423,65.16060457481356,654.61,636.389,635.581,622.48,635.989,633.582,625.542,637.466
sync,1783601641.0900993,4170.743328266,,,,,,,,,,,,,,,,
sync,1783601641.290488,4170.943717019,60.66080440160708,60.58162627841741,60.40251282524199,62.948903873853226,61.75176252694053,61.53943276029645,61.05248135731013,62.16941035411675,611.186,597.687,584.416,609.102,611.484,622.744,587.263,630.424
sync,1783601656.090298,4185.743526884,,,,,,,,,,,,,,,,
sync,1783601656.2907233,4185.943952207,60.361151973445025,65.23909534436781,87.44644256479057,53.45629333908008,51.67435501929519,60.45466445895268,62.54341289418935,64.52237528781826,642.946,727.835,854.522,570.584,579.314,641.504,671.129,685.797
sync,1783601671.0894585,4200.74268736,,,,,,,,,,,,,,,,
sync,1783601671.2899249,4200.943153825,67.2899360446769,66.77679063892221,66.45100660385924,69.37898607383481,73.72847790140415,65.45683615537936,66.12762885628834,64.73735682379022,776.177,736.16,728.018,750.775,830.16,744.431,749.826,751.166
sync,1783601686.0899696,4215.743198635,,,,,,,,,,,,,,,,
sync,1783601686.2903461,4215.943575215,64.85335385030372,63.8894655465822,62.21721749990725,63.512423602239586,62.83499879336826,66.01264885979685,62.83936280282243,61.95616990697553,701.57,651.313,633.685,646.628,645.053,672.115,657.137,649.223
sync,1783601701.089987,4230.743216048,,,,,,,,,,,,,,,,
sync,1783601701.2976172,4230.950846275,0,78.37945246374491,77.39697732277128,76.88054984522368,78.24488603316833,79.07528374188533,78.33311541080316,78.77243465822139,555.934,824.652,483.113,595.363,828.146,516.553,843.462,746.226
sync,1783601716.0901127,4245.743341624,,,,,,,,,,,,,,,,
sync,1783601716.3339229,4245.987151839,67.33544237207713,63.926368479512874,68.16924543712304,67.29927593025509,65.23421779862144,64.91325606701821,68.46117104370809,66.81736743557353,687.056,684.129,671.59,667.732,697.205,651.273,670.616,675.911
sync,1783601731.0898473,4260.743076232,,,,,,,,,,,,,,,,
sync,1783601731.2903244,4260.943553546,0,0,0,0,0,0,0,0,248.867,267.247,241.695,241.734,387.104,243.963,242.0,243.36
sync,1783601746.0899384,4275.743167398,,,,,,,,,,,,,,,,
sync,1783601746.2903955,4275.943624563,62.3882240861431,62.02026833380751,63.77895173188497,62.72747886083204,62.420792390652394,65.4915442431069,60.542462028092956,66.45041453042973,639.104,649.452,620.108,643.717,659.728,670.982,631.964,660.735
sync,1783601761.0899558,4290.743184895,,,,,,,,,,,,,,,,
sync,1783601761.2903552,4290.943584292,64.82470514477053,68.13922362774531,65.73851735991485,68.24790695861827,66.60847038184731,66.49025728366172,68.16073002372036,69.47388346599337,700.621,705.277,682.647,690.194,718.583,716.779,690.994,723.7
sync,1783601776.090244,4305.743473137,,,,,,,,,,,,,,,,
sync,1783601776.2906394,4305.943868509,38.934709559580256,0,38.19778962012034,0,0,37.168546907969194,0,37.88003626644553,473.737,243.769,458.265,240.37,245.26,471.939,240.517,470.482
sync,1783601791.0894032,4320.742632076,,,,,,,,,,,,,,,,
sync,1783601791.2900395,4320.943268511,0,0,0,0,0,0,0,0,246.6,242.761,239.563,239.45,243.801,242.837,239.686,242.24
sync,1783601806.0896664,4335.742895255,,,,,,,,,,,,,,,,
sync,1783601806.2900374,4335.943266352,0,0,0,0,0,0,0,0,245.764,242.357,238.924,239.108,243.366,242.011,239.172,241.495
sync,1783601821.0899217,4350.743150782,,,,,,,,,,,,,,,,
sync,1783601821.2904582,4350.943687237,61.553992676592095,63.1842792346023,63.525772260463675,63.34131739215546,62.710659314644325,64.36297870056546,62.25282006332924,64.03217546510515,627.278,602.76,618.79,620.564,628.609,627.193,620.466,613.714
sync,1783601836.0899098,4365.743138678,,,,,,,,,,,,,,,,
sync,1783601836.290405,4365.943634032,63.368660936580234,61.63586786044406,63.98950134120415,57.61146362384713,59.96134510034601,63.81635741607548,60.186036141149245,57.23672086656205,644.458,604.565,636.162,558.938,597.307,635.128,593.665,589.072
sync,1783601851.089633,4380.742862057,,,,,,,,,,,,,,,,
sync,1783601851.289964,4380.943193004,70.93520765482207,85.96537845883209,84.18655467598971,76.13170689984267,85.95041963314148,47.2740480761336,72.23613767146891,78.3265725785393,700.263,808.38,781.742,722.53,856.013,557.081,725.479,795.067
sync,1783601866.0898135,4395.743042547,,,,,,,,,,,,,,,,
sync,1783601866.2903337,4395.943562788,60.65721473103237,62.335981853613006,58.9716317651453,60.41685866333447,59.188212361503915,63.32460908097851,59.67017445515745,59.27634052457228,593.076,587.721,564.987,569.522,569.602,609.053,576.378,586.159
sync,1783601881.089738,4410.742966983,,,,,,,,,,,,,,,,
sync,1783601881.2902036,4410.943432622,61.318373979733764,61.027501047680964,57.698552135255056,0,44.99377482842584,65.19839655209829,57.7767400237962,60.80389028706079,625.638,616.007,596.088,331.324,568.199,660.608,592.438,629.535
sync,1783601896.0900729,4425.743301805,,,,,,,,,,,,,,,,
sync,1783601896.2905426,4425.94377169,46.702932794542406,42.44585310714483,44.24893191327779,39.663740959821986,46.114111664288785,49.90935217722525,37.35811293591154,44.50900904759859,619.828,715.163,655.835,654.951,844.657,819.497,602.202,734.251
sync,1783601911.089787,4440.743015909,,,,,,,,,,,,,,,,
sync,1783601911.290415,4440.943644011,61.05292217198286,53.13431039753374,58.29979528842284,59.89195618218408,60.80148574901059,56.69280471115889,52.75141931072596,56.78684131233044,586.365,540.392,556.26,569.019,584.985,540.873,519.534,546.092
sync,1783601926.0904148,4455.743643776,,,,,,,,,,,,,,,,
sync,1783601926.291677,4455.944906028,0,0,0,0,10.844327547357018,0,0,0,461.636,244.285,241.758,242.148,632.833,244.083,240.777,243.25
sync,1783601941.0898855,4470.743114578,,,,,,,,,,,,,,,,
sync,1783601941.2903926,4470.943621669,80.51029372214276,75.05115088202976,88.95540066348502,72.29921890912794,70.70324107539736,65.49477263333398,56.40866762735597,63.53201565611221,885.251,836.143,816.944,784.339,775.916,711.199,658.446,738.153
sync,1783601956.0902832,4485.74351209,,,,,,,,,,,,,,,,
sync,1783601956.2906754,4485.943904398,62.091380960482724,61.90008501742541,58.997666383210564,58.5308073376985,60.64116935474774,59.75940200568609,58.92400640029207,58.12399503442902,602.015,583.33,556.898,552.687,583.218,572.222,557.945,558.503
sync,1783601971.090263,4500.743492005,,,,,,,,,,,,,,,,
sync,1783601971.4138901,4501.067119155,0,0,0,0,0,0,0,0,406.657,284.276,242.669,242.777,369.503,246.34,243.182,245.355
sync,1783601986.0899935,4515.743222474,,,,,,,,,,,,,,,,
sync,1783601986.2903247,4515.943553771,77.30656714056921,71.45539007395362,75.931877011298,89.1566111160866,82.41945424343898,82.09120793058055,56.65692817201242,61.54875831692001,786.603,730.745,757.36,890.98,817.058,838.389,605.376,657.149
sync,1783602001.0903192,4530.743548055,,,,,,,,,,,,,,,,
sync,1783602001.2907977,4530.944026763,61.84346588783964,63.71267413472762,61.249489246225,59.1876666327775,60.94599247011504,60.46579725899803,58.23281939317837,60.043166666067535,608.902,612.509,578.912,551.568,594.381,592.781,558.559,591.35
sync,1783602016.0897484,4545.742977284,,,,,,,,,,,,,,,,
sync,1783602016.3960543,4546.049283216,0,0,0,0,0,0,0,0,249.887,392.573,241.936,241.842,248.902,250.969,241.698,245.388
sync,1783602031.089559,4560.742788163,,,,,,,,,,,,,,,,
sync,1783602031.2899632,4560.943192339,74.77319394753961,65.1973400411695,64.69769213866698,64.14159719121774,57.1638797551895,55.139207347774864,67.48170422933394,88.73080498068482,797.997,709.383,668.33,702.199,621.964,602.371,704.363,873.545
sync,1783602046.0900035,4575.743232411,,,,,,,,,,,,,,,,
sync,1783602046.290508,4575.943737121,60.24011564415116,59.46175804612329,61.44258075193917,58.276113377574376,60.242577960114076,58.83088538138678,61.23472191784519,61.24889673007957,582.155,566.447,575.54,544.602,587.647,565.205,589.084,592.68
sync,1783602061.0902858,4590.743514797,,,,,,,,,,,,,,,,
sync,1783602061.4526424,4591.105871504,0,0,0,0,0,0,0,0,251.609,247.777,244.826,243.936,249.941,247.27,246.74,247.27
sync,1783602076.089932,4605.74316107,,,,,,,,,,,,,,,,
sync,1783602076.2902315,4605.943460493,74.96696934008608,54.59755332778579,56.59886065174709,76.03731693408854,81.71809574216437,78.12527123762288,72.29599827481185,70.49847332958323,836.057,638.666,665.443,824.491,869.999,866.465,796.618,785.431
sync,1783602091.0895329,4620.742761804,,,,,,,,,,,,,,,,
sync,1783602091.2913647,4620.944593704,59.32711268080568,60.911454242492,61.30977346117804,64.26114273739525,53.59176004688941,60.402140403599866,59.62611679289378,58.59078657800133,577.294,596.171,582.993,598.723,541.075,585.652,574.652,564.526
sync,1783602106.089853,4635.743081938,,,,,,,,,,,,,,,,
sync,1783602106.2902737,4635.94350258,0,0,0,0,0,0,0,0,252.81,250.677,246.348,247.019,250.171,249.622,246.278,247.607
sync,1783602121.0893495,4650.742578618,,,,,,,,,,,,,,,,
sync,1783602121.3169498,4650.970178841,0.5273738556994474,2.597686556052214,0.909307325990108,7.517202120255013,9.79219674014379,2.282004465272484,4.770555535886142,2.8832087100047317,489.591,719.779,711.47,717.283,711.649,676.723,559.731,613.327
sync,1783602136.090404,4665.743633043,,,,,,,,,,,,,,,,
sync,1783602136.2909622,4665.944191261,61.39265047349409,61.16198805079406,58.654743294469704,60.06500478078479,60.58716093533718,61.56781235477181,58.71189170233537,58.43806211135192,615.688,580.779,557.745,567.758,591.871,597.918,559.582,571.589
sync,1783602151.0901506,4680.743379557,,,,,,,,,,,,,,,,
sync,1783602151.2921052,4680.945334218,27.263710285823617,45.295307266008166,25.935801715200125,39.618505109045074,74.79293411994195,66.06900720069149,52.45822095753441,34.15810488520259,374.187,393.607,390.795,331.897,383.593,365.205,405.723,408.791
sync,1783602166.089826,4695.743055224,,,,,,,,,,,,,,,,
sync,1783602166.3018014,4695.955030423,0,0,0,0,0,0,0,0,253.462,249.564,244.031,245.03,250.89,248.542,244.928,246.076
sync,1783602181.0899022,4710.743131166,,,,,,,,,,,,,,,,
sync,1783602181.2903776,4710.943606715,60.692956027986675,59.39526452619327,62.45780505953383,59.614254250710715,59.975452392990405,60.384287790847615,58.44790192365288,61.299520858024145,589.169,577.609,600.339,564.554,585.981,585.466,563.174,587.299
sync,1783602196.090063,4725.743292064,,,,,,,,,,,,,,,,
sync,1783602196.2951093,4725.948338237,87.88461423816764,70.28274132052495,66.0275183984129,57.09793581986907,77.86596163802457,76.44614855174105,67.48170719386319,64.40894454780948,903.348,731.726,680.459,621.548,776.827,792.779,704.584,691.104
sync,1783602211.0902383,4740.74346728,,,,,,,,,,,,,,,,
sync,1783602211.3021903,4740.955419319,0,0,0,0,0,0,0,0,259.135,251.517,246.81,247.626,255.071,250.621,248.138,250.575
sync,1783602226.0899894,4755.743218379,,,,,,,,,,,,,,,,
sync,1783602226.2903981,4755.943627068,64.02429695294032,59.48495576144902,62.20695942087973,60.25463909257074,53.4095768271664,59.69474211543041,62.007384849402584,58.53583598666937,629.252,565.355,600.782,560.986,545.088,581.268,597.251,576.448
sync,1783602241.0895536,4770.742782514,,,,,,,,,,,,,,,,
sync,1783602241.2900772,4770.94330617,56.0496737594353,68.9391538614473,85.31241225217924,60.10424292267793,74.78178227627087,67.9837890866179,56.48351470157146,64.60055991375259,634.635,705.532,865.743,663.285,757.782,716.356,604.737,693.262
sync,1783602256.090251,4785.743479908,,,,,,,,,,,,,,,,
sync,1783602256.329542,4785.982770915,0,0,0,0,0,0,0,0,252.17,248.302,245.203,242.464,247.838,246.115,243.924,246.55
sync,1783602271.0898504,4800.743079342,,,,,,,,,,,,,,,,
sync,1783602271.2902136,4800.943442565,61.37789448433948,62.24456911859816,66.05752279425747,62.939514259638365,61.38488079871005,64.81882197909647,63.45205752633686,63.50263240678794,653.694,646.149,670.147,622.521,643.799,638.814,627.705,657.517
sync,1783602286.0900075,4815.74323662,,,,,,,,,,,,,,,,
sync,1783602286.290289,4815.943517981,70.81300415281896,66.08614737050313,64.27535713610038,64.52330470505918,65.95820005094058,67.63666674875047,68.1466394032395,69.18348571567971,758.368,704.219,718.365,699.477,716.615,706.32,696.189,733.153
sync,1783602301.090309,4830.743537793,,,,,,,,,,,,,,,,
sync,1783602301.2907784,4830.944007476,68.71134908793171,69.46513017008662,69.57158804550244,69.65449423763992,71.18576948530574,72.26084649505678,71.14551673905986,67.82504849430407,799.647,785.968,782.05,767.869,796.3,790.485,796.706,775.317
sync,1783602316.089391,4845.742620007,,,,,,,,,,,,,,,,
sync,1783602316.289722,4845.942951022,63.78809889768359,63.13409465304055,69.498114703564,70.11598919130597,64.15448545063911,63.354385880753014,67.12778480915075,65.01375689175387,716.324,688.007,693.077,707.185,703.896,697.904,716.439,670.56
sync,1783602331.0900202,4860.743249142,,,,,,,,,,,,,,,,
sync,1783602331.290338,4860.943567098,0,0,0,0,0,0,0,0,248.245,244.889,240.826,241.128,247.023,244.493,242.28,242.54
sync,1783602346.0895944,4875.742823305,,,,,,,,,,,,,,,,
sync,1783602346.2899992,4875.94322821,66.16138974820603,65.30914666688497,66.11170379629871,64.29635892567694,64.46311867205074,62.38508415384497,67.87462506485056,67.89652336507707,702.208,676.151,673.794,663.576,686.203,665.034,663.297,672.953
sync,1783602361.0898542,4890.743083266,,,,,,,,,,,,,,,,
sync,1783602361.2903001,4890.943529148,64.54149291991882,69.42555266790006,63.64789929166157,68.82539732933064,70.13752572989308,69.41964534886358,66.76987879665239,64.8641885857798,748.816,726.732,707.818,704.221,743.067,725.879,743.475,729.464
sync,1783602376.0902631,4905.743492052,,,,,,,,,,,,,,,,
sync,1783602376.2944288,4905.947657922,41.60993923750947,0,38.170324655862395,37.6880755738189,0,0,0,0,465.993,244.109,456.387,458.094,245.573,243.932,241.728,243.049
sync,1783602391.08999,4920.743218935,,,,,,,,,,,,,,,,
sync,1783602391.2903411,4920.943570116,0,0,0,0,0,0,0,0,246.919,242.878,239.782,240.191,243.92,242.499,239.789,241.814
sync,1783602406.0900362,4935.743265128,,,,,,,,,,,,,,,,
sync,1783602406.2903929,4935.943621936,0,0,0,0,0,0,0,0,246.05,242.371,239.078,239.381,243.415,241.962,239.211,241.399
sync,1783602421.090075,4950.743303909,,,,,,,,,,,,,,,,
sync,1783602421.2901695,4950.943398424,0,0,0,0,0,0,0,0,245.542,242.116,238.656,238.945,243.094,241.734,239.117,241.158
sync,1783602436.0898254,4965.743054383,,,,,,,,,,,,,,,,
sync,1783602436.290172,4965.943401092,62.812533168282634,62.99333983512653,62.48749580724562,63.5965212054703,61.65196358299908,61.54995752742164,59.00018192886106,61.89360992898442,628.091,602.671,604.562,601.085,601.317,600.025,567.0,612.038
sync,1783602451.0902848,4980.743513738,,,,,,,,,,,,,,,,
sync,1783602451.3779607,4981.031189643,0,0,0,0,0,0,0,0,283.433,247.289,243.207,243.834,248.459,246.716,244.076,247.07
sync,1783602466.089394,4995.742623107,,,,,,,,,,,,,,,,
sync,1783602466.289747,4995.942976015,32.5212285658913,57.65246418793375,32.105691611299726,69.93966174890615,22.929300091922215,38.85517385080466,49.00249704977639,31.94203399972308,565.47,464.73,549.542,475.942,505.211,496.757,519.478,436.136
sync,1783602481.089646,5010.742875,,,,,,,,,,,,,,,,
sync,1783602481.2900422,5010.943271093,61.101987043462756,61.373720430184086,57.41828925762288,52.718871624433106,61.78403705702101,59.804367083724465,59.021203928828356,57.46466524499078,595.904,592.572,557.781,523.079,601.567,578.905,570.884,566.866
sync,1783602496.090052,5025.743280909,,,,,,,,,,,,,,,,
sync,1783602496.2905378,5025.943766933,0,65.66438272672679,0,0,67.52314821960871,23.155129016390237,48.668992058484825,0,578.252,668.9,241.322,240.863,685.348,633.052,644.768,243.799
sync,1783602511.0899153,5040.743144268,,,,,,,,,,,,,,,,
sync,1783602511.2902973,5040.943526344,79.73561438732767,55.76691576994081,66.30490734305472,74.79872858632869,80.25783661336395,71.66978138248803,47.539980808013354,76.04849838124817,891.977,656.194,744.086,826.392,878.756,786.877,567.698,861.753
sync,1783602526.090311,5055.743539959,,,,,,,,,,,,,,,,
sync,1783602526.2906818,5055.943910859,65.47659982458734,64.54099984126772,60.49988336611567,63.0596790391049,61.136270014298866,64.13446939370897,60.049783720510476,59.37583300495181,629.796,610.661,581.642,614.997,598.421,614.524,578.898,569.221
sync,1783602541.0895019,5070.742730855,,,,,,,,,,,,,,,,
sync,1783602541.289963,5070.943191899,65.37981276880788,2.175436915852305,0,66.64562150626053,0,70.20126983277123,0,0,734.071,669.082,503.139,708.651,591.646,722.57,495.217,243.264
sync,1783602556.089488,5085.742717065,,,,,,,,,,,,,,,,
sync,1783602556.289864,5085.94309313,49.452176069871065,59.994686079392125,67.2888787986026,63.22279163319621,51.12520720324224,67.82131358003357,53.624336349932335,90.00433465397202,614.49,641.417,693.436,656.47,567.423,729.664,580.264,904.318
sync,1783602571.0899537,5100.74318265,,,,,,,,,,,,,,,,
sync,1783602571.290461,5100.943690061,63.79060804721204,62.28021465801299,62.727710287802466,62.65140316148573,62.84705137014367,61.4709014553355,63.81108086230909,61.59855744238807,626.214,625.374,606.911,617.98,608.598,608.674,595.841,611.787
sync,1783602586.0899055,5115.743134614,,,,,,,,,,,,,,,,
sync,1783602586.290307,5115.943535994,68.36084289157085,69.19184176319511,66.52477729076863,66.35495397998797,66.93459021908815,64.57549430324856,66.33527147618466,65.06912976933437,706.576,704.46,669.956,691.733,685.938,682.088,654.748,690.192
sync,1783602601.0901134,5130.743342435,,,,,,,,,,,,,,,,
sync,1783602601.2905831,5130.943812018,0,0,0,0,0,0,0,0,626.79,519.701,497.686,470.157,479.198,505.018,485.386,489.755
sync,1783602616.0898337,5145.743062676,,,,,,,,,,,,,,,,
sync,1783602616.3006785,5145.953907379,0,0,0,0,0,0,0,0,249.383,245.819,242.156,242.358,247.074,245.359,242.294,244.423
sync,1783602631.0897634,5160.742992389,,,,,,,,,,,,,,,,
sync,1783602631.2902205,5160.94344957,68.97918936442063,69.49814400915648,66.95529888161153,67.94676112797481,67.18085101381544,67.53466563714801,62.44034577761168,62.14950472908253,700.393,686.256,659.464,651.144,674.422,670.959,654.115,637.974
sync,1783602646.0897076,5175.742936618,,,,,,,,,,,,,,,,
sync,1783602646.290083,5175.943311957,0,0,0,0,0,0,63.44953661458038,0,249.206,245.869,241.284,241.215,246.883,244.818,724.54,243.801
sync,1783602661.0899162,5190.743145214,,,,,,,,,,,,,,,,
sync,1783602661.290341,5190.943569876,38.60564676295939,55.50148524974613,84.35146252178018,41.410590284225854,53.43620770642305,57.72615231621305,39.33558663292679,41.429996399484544,588.703,692.288,792.627,566.498,576.978,696.19,592.566,581.564
sync,1783602676.0902746,5205.743503524,,,,,,,,,,,,,,,,
sync,1783602676.290712,5205.943941015,61.14570265334471,62.154101739064146,65.29336426445883,62.53133835685648,61.28810925076843,61.093156956951475,59.60277302140311,61.32960084800754,619.833,624.813,602.346,612.817,614.928,591.559,585.321,595.394
sync,1783602691.089509,5220.742737973,,,,,,,,,,,,,,,,
sync,1783602691.2899265,5220.94315558,70.99146523713527,65.09932607823515,71.3934043939738,64.37043984513701,63.987908386024415,64.7590533731405,65.16542817563963,66.97963560448353,720.919,712.639,720.465,710.516,715.99,691.761,684.264,690.688
sync,1783602706.0899978,5235.7432268,,,,,,,,,,,,,,,,
sync,1783602706.2903671,5235.943596145,77.50522492661308,67.51332494993488,73.02608394788719,57.31222992903196,60.1548725584493,71.00118665181657,59.293037433596155,58.383719463816966,847.559,735.66,791.55,639.652,663.484,779.064,645.386,670.243
sync,1783602721.0896008,5250.742829889,,,,,,,,,,,,,,,,
sync,1783602721.290036,5250.943265033,85.14131708042679,79.5214627213899,52.956879522013445,64.3218398616423,52.56619079229266,53.94036270880969,66.19247311093827,70.98781143751664,881.797,802.805,569.086,652.225,565.472,579.493,696.18,779.194
sync,1783602736.0899134,5265.743142472,,,,,,,,,,,,,,,,
sync,1783602736.2903833,5265.943612448,62.95819304923271,66.83163848920486,62.10227823782923,64.51543576213882,67.1576052185996,66.8925668074513,66.75375376696093,60.44484356357721,639.474,645.464,616.492,630.617,659.201,651.992,643.182,601.611
sync,1783602751.0898044,5280.743033371,,,,,,,,,,,,,,,,
sync,1783602751.2900403,5280.943269138,0,71.99235454588779,0,0,71.76744183286343,70.81967341027809,71.40825206029004,0,287.705,742.543,322.683,316.76,750.313,744.513,740.76,243.337
sync,1783602766.090427,5295.743655889,,,,,,,,,,,,,,,,
sync,1783602766.2954953,5295.948724385,48.414236081781596,18.726158731412834,36.37053005975528,38.1637719537225,3.491480862385501,20.07405752746345,6.005997255613619,3.6644191941354896,695.807,605.621,572.378,654.808,602.1,549.659,545.126,724.513
sync,1783602781.090358,5310.743587018,,,,,,,,,,,,,,,,
sync,1783602781.2978182,5310.951047077,64.97686928516609,65.0123889953133,63.880206413678295,63.12205013032276,61.38134758751493,65.46842599752003,60.394685564192876,60.187900410570485,625.938,613.293,602.919,620.214,602.835,619.43,589.843,593.997
sync,1783602796.0895858,5325.742814757,,,,,,,,,,,,,,,,
sync,1783602796.289923,5325.943152046,70.86101230634155,70.55204024032076,69.05871333379369,65.15174188849863,65.86890183178824,72.61695252680269,69.7206490590876,64.93793673908928,743.377,722.485,709.43,719.363,704.069,744.668,699.186,693.683
sync,1783602811.0896847,5340.74291367,,,,,,,,,,,,,,,,
sync,1783602811.2901313,5340.943360353,0,0,0,0,0,0,0,0,248.798,245.415,241.536,242.557,247.27,244.816,241.539,243.692
sync,1783602826.0902681,5355.743497067,,,,,,,,,,,,,,,,
sync,1783602826.2947085,5355.947937442,0,0,0,0,0,0,0,0,248.518,245.325,242.113,242.322,247.821,244.758,240.821,244.103
sync,1783602841.090294,5370.743522811,,,,,,,,,,,,,,,,
sync,1783602841.2905998,5370.943828728,63.47824079584578,64.98475994908374,63.67687633334951,67.70107662426167,64.57507870412783,68.4861207756513,64.0390351059913,66.48488264327081,692.182,663.38,643.855,656.42,664.759,683.118,650.207,668.237
sync,1783602856.0899854,5385.743214275,,,,,,,,,,,,,,,,
sync,1783602856.2903914,5385.943620481,0.016992643286375612,0.017045641231853148,0.01963145356646858,0.01694714713001751,0.020058003739185357,0.01928019462573492,0.020554376408687743,0.019820834597712417,255.395,249.577,245.436,245.97,250.967,249.639,246.217,248.077
sync,1783602871.0899572,5400.743186119,,,,,,,,,,,,,,,,
sync,1783602871.2903814,5400.943610332,66.40420373402412,64.56463830844821,57.08447392234868,88.00582631456932,75.74726252273929,72.8262988662135,64.1983619623316,81.59920615641305,735.255,685.273,607.031,853.65,780.329,776.25,698.312,809.234
sync,1783602886.0898726,5415.74310148,,,,,,,,,,,,,,,,
sync,1783602886.2903614,5415.943590355,62.27285785877803,65.70833938852468,65.51431884987676,68.05996591301854,65.35369494044556,65.61461501704085,62.562151603972524,63.71190209247437,659.348,631.269,624.756,643.609,638.632,635.944,644.227,655.356
sync,1783602901.0902746,5430.743503666,,,,,,,,,,,,,,,,
sync,1783602901.2906268,5430.943855746,63.810928134119116,70.92597360002028,67.73312101836237,73.1016808240608,65.91891143557757,67.11770813380114,66.09603421976828,66.96595384352422,742.553,734.092,710.153,745.237,712.085,719.79,736.46,758.028
sync,1783602916.0905735,5445.743802647,,,,,,,,,,,,,,,,
sync,1783602916.2909691,5445.944198052,24.241716526879927,21.737608618527002,11.288204319907155,16.463575254730596,12.971346775561482,23.484663915550577,28.305002815839273,21.620455355857423,347.82,334.847,371.7,348.021,403.711,353.144,375.26,302.157
sync,1783602931.090173,5460.743401889,,,,,,,,,,,,,,,,
sync,1783602931.292622,5460.945851083,0,0,0,0,0,0,0,0,247.121,243.793,240.242,240.42,245.475,243.887,240.917,242.903
sync,1783602946.0902028,5475.743431916,,,,,,,,,,,,,,,,
sync,1783602946.2905412,5475.943770242,62.218660642681854,60.0535626913016,61.06945902076835,71.71566576018549,71.49879401617711,61.34958334524136,73.06639082976916,61.74393944395411,714.625,685.92,667.957,721.371,727.612,701.666,723.71,686.061
sync,1783602961.0893824,5490.742611518,,,,,,,,,,,,,,,,
sync,1783602961.3483584,5491.00158739,60.17728410188206,59.1185981157775,74.58896887189128,68.18630623838925,70.34722630683115,60.45374403446855,72.47434463554563,58.38003258361767,737.645,724.051,792.736,766.355,784.407,743.117,798.22,725.971
sync,1783602976.0899704,5505.743199401,,,,,,,,,,,,,,,,
sync,1783602976.2903996,5505.943628663,73.47810266020505,77.20354640561592,76.72129183212002,78.90342194001238,77.57114346920459,78.4592798141977,79.30879239968488,79.6368844225125,816.466,731.44,753.845,753.743,763.954,803.7,749.626,797.858
sync,1783602991.0900156,5520.74324461,,,,,,,,,,,,,,,,
sync,1783602991.2904074,5520.943636356,67.28351708236839,75.88638635587299,68.00566267543053,77.57384859114008,75.51696804873734,65.70125163550507,69.1308329963603,76.99780616180614,772.015,781.633,754.099,804.93,792.313,744.188,763.928,790.954
sync,1783603006.090406,5535.743635038,,,,,,,,,,,,,,,,
sync,1783603006.2908711,5535.944100063,64.96542692773336,66.60996819523491,64.54128104277088,79.96707492848502,67.08118922633349,61.66834588124384,66.50405360482759,68.11682751391118,812.576,803.486,777.667,846.488,818.368,765.926,799.936,815.807
sync,1783603021.089934,5550.743163083,,,,,,,,,,,,,,,,
sync,1783603021.2904434,5550.943672509,10.377147772849854,17.469503031872833,27.76965056174131,12.778624646141829,19.315059327122807,17.41473352939713,1.9443009604394053,16.082209178638198,248.143,245.012,240.748,242.069,251.272,249.19,241.515,255.467
sync,1783603036.0903542,5565.743583138,,,,,,,,,,,,,,,,
sync,1783603036.2907546,5565.943983541,65.02949426797763,61.55090598618401,64.85399473591742,67.19181673764449,62.30864081279965,65.6613824566276,63.800715360465574,64.25784041356974,744.684,695.44,701.591,727.259,691.781,732.71,714.681,726.798
sync,1783603051.0902379,5580.743466779,,,,,,,,,,,,,,,,
sync,1783603051.2906804,5580.943909455,63.30232686651714,59.58630656421842,63.814985616448475,66.86348894843286,60.98865232029669,66.2352258315607,64.49693937762248,63.43515985246854,796.689,738.936,758.562,773.55,739.451,797.657,770.146,780.091
sync,1783603066.0903916,5595.743620595,,,,,,,,,,,,,,,,
sync,1783603066.2908795,5595.944108519,0,0,0,0,0,0,0,0,248.391,244.834,241.024,242.337,246.18,244.671,241.716,243.528
sync,1783603081.0895793,5610.742808349,,,,,,,,,,,,,,,,
sync,1783603081.290089,5610.943317904,0,0,0,0,1.502105530507057,0,0,0,246.698,243.139,416.198,448.117,456.941,242.97,239.975,242.251
sync,1783603096.0899801,5625.743209061,,,,,,,,,,,,,,,,
sync,1783603096.2903514,5625.943580298,0,0,0,0,0,0,0,0,245.944,242.598,239.173,239.776,244.126,242.31,239.305,241.698
sync,1783603111.090072,5640.743300939,,,,,,,,,,,,,,,,
sync,1783603111.2904675,5640.943696513,0,0,0,0,0,0,0,0,245.543,242.333,238.852,239.303,243.549,241.921,239.142,241.34
sync,1783603126.0903158,5655.743544735,,,,,,,,,,,,,,,,
sync,1783603126.2906704,5655.943899347,64.57223211301401,64.45702839948805,61.175716974631364,65.94508040634398,66.18798132286024,65.70523034487562,64.9004385494952,64.93309337088547,622.778,611.644,589.478,614.205,623.749,612.623,608.785,616.46
sync,1783603141.0900126,5670.743241552,,,,,,,,,,,,,,,,
sync,1783603141.29066,5670.943888916,69.49016159628452,67.58424321847082,65.34334313790616,71.79880664774228,71.91064224052043,71.7567573051057,71.37620908122364,72.79677219337957,735.098,709.899,687.765,726.716,735.155,729.882,725.473,736.759
sync,1783603156.0902553,5685.743484213,,,,,,,,,,,,,,,,
sync,1783603156.2917717,5685.945000728,0,0,0,0,0,0,0,0,249.12,245.628,241.537,242.349,246.92,244.992,242.915,244.057
sync,1783603171.0901039,5700.743332902,,,,,,,,,,,,,,,,
sync,1783603171.290565,5700.943794007,67.43041051900103,66.04037352429116,65.96794807833875,66.63692606340992,66.27159844793779,64.62455167473993,66.30038201583167,66.11078899518003,385.726,407.012,411.711,408.264,441.99,435.491,467.469,445.059
sync,1783603186.089654,5715.742883075,,,,,,,,,,,,,,,,
sync,1783603186.2900333,5715.943262307,62.81748716141332,68.02015306242971,69.11577604796165,70.87844747553466,65.94485289291049,67.79968444082128,63.5118893450851,63.8315429090114,702.128,668.138,680.724,701.879,664.625,681.937,681.011,658.27
sync,1783603201.0900056,5730.743234667,,,,,,,,,,,,,,,,
sync,1783603201.2904923,5730.943721216,0,0,0,0,0,0,0,0,248.553,244.122,241.009,241.432,245.303,243.962,242.072,242.639
sync,1783603216.0902743,5745.743503317,,,,,,,,,,,,,,,,
sync,1783603216.2905428,5745.9437719,81.0446510265829,65.67060370725373,55.569736246842105,65.96331267208677,74.04865972758992,81.86170011388063,62.413353892886704,65.69989306156653,898.284,760.395,628.766,716.422,790.699,871.591,707.685,752.63
sync,1783603231.0913093,5760.744538416,,,,,,,,,,,,,,,,
sync,1783603231.2906184,5760.943847459,67.62652386185866,66.54594378583806,62.58160354833825,64.96708195837454,66.2126881058864,61.68747401046496,62.510843108530736,64.6345449534812,682.652,632.291,624.505,645.579,638.931,628.375,633.441,655.607
sync,1783603246.0903602,5775.743589069,,,,,,,,,,,,,,,,
sync,1783603246.320915,5775.974143994,73.25684173627816,72.56818375239405,65.50116634954458,67.64697589522355,72.34903808425724,64.7482084747212,64.75722424300382,67.99364697386271,799.484,737.427,717.487,738.206,749.47,698.083,727.289,757.143
sync,1783603261.090368,5790.743596967,,,,,,,,,,,,,,,,
sync,1783603261.29083,5790.944058999,68.02508819450789,65.78698517872955,71.59094186344846,83.72606812008574,67.717844542507,74.87866615347505,68.21467323578551,70.86654256214355,738.945,714.408,749.738,877.127,751.865,849.556,743.098,746.803
sync,1783603276.0904045,5805.743633472,,,,,,,,,,,,,,,,
sync,1783603276.3007631,5805.953992181,0,0,0,0,0,0,0,0,251.072,247.721,244.629,245.097,251.21,246.579,243.712,244.38
sync,1783603291.0899115,5820.743140559,,,,,,,,,,,,,,,,
sync,1783603291.2902563,5820.943485193,62.88187171088659,65.803261592559,63.364631256295844,66.90490396759799,68.51611430412875,61.64452207066567,62.20338077402749,67.55606969161333,685.66,683.627,661.177,687.132,705.888,669.714,662.103,670.473
sync,1783603306.0896208,5835.742849848,,,,,,,,,,,,,,,,
sync,1783603306.2900698,5835.943298729,75.05998549588158,64.49475191892596,62.26449892860416,69.05672437848894,71.98244576312275,25.072629632959075,63.82351804916715,0,778.889,747.502,719.613,762.423,788.141,753.115,735.179,244.502
sync,1783603321.0898545,5850.743083464,,,,,,,,,,,,,,,,
sync,1783603321.299971,5850.953200089,61.70066303755913,69.20004446930665,60.61737319859126,76.28554702744864,54.637719841375045,63.94781740078541,61.404963802393745,91.31317717651206,596.953,706.872,671.91,735.597,568.638,675.754,652.343,887.694
sync,1783603336.0904455,5865.74367452,,,,,,,,,,,,,,,,
sync,1783603336.2908175,5865.944046462,63.93236462560557,61.47970830180994,59.82200819174244,64.28223230284163,62.21923096333223,63.900286815033965,61.32740578194872,62.33642347064413,614.121,609.92,599.751,631.094,617.927,632.108,602.64,621.616
sync,1783603351.0901911,5880.743420196,,,,,,,,,,,,,,,,
sync,1783603351.2906096,5880.943838687,67.58779853975683,71.78972215624907,70.0798831489028,69.04266014422069,64.35032766795462,67.52706400545759,71.92485777312292,66.01858601060113,717.727,728.271,706.18,737.468,720.733,730.509,726.464,727.958
sync,1783603366.0901406,5895.743369495,,,,,,,,,,,,,,,,
sync,1783603366.290533,5895.943761988,77.8541305732989,85.87509010820091,77.71178193991413,66.77104915948422,75.22297188874958,72.99278036504585,84.47916667707783,85.38052155135904,693.808,758.237,683.028,630.024,701.01,661.558,719.595,758.744
sync,1783603381.0901442,5910.743373124,,,,,,,,,,,,,,,,
sync,1783603381.3409069,5910.994135977,66.6260837208384,83.34091762917295,71.46847445520214,68.30383215204017,47.3596106695036,72.74695659566032,62.39738478597212,89.44634967103394,700.295,837.537,726.73,705.386,510.383,732.854,659.208,883.587
sync,1783603396.0900311,5925.743260112,,,,,,,,,,,,,,,,
sync,1783603396.299088,5925.952316964,61.28889491573252,67.82561021875378,67.65127623853449,69.12313134311644,62.07951219157633,66.78120520700503,63.002419139783115,67.08139335551766,665.144,662.204,654.66,666.159,658.655,658.733,644.676,659.876
sync,1783603411.0897465,5940.742975379,,,,,,,,,,,,,,,,
sync,1783603411.2901192,5940.943348113,74.31807590387994,72.5381914831571,71.91556809129492,45.085906573547476,64.9158138250027,25.29552504859615,66.09220196086933,72.06517895376788,782.069,752.972,741.007,752.953,741.606,721.814,737.983,753.702
sync,1783603426.0900407,5955.743269595,,,,,,,,,,,,,,,,
sync,1783603426.2904007,5955.943629759,56.34067904412679,84.73013016867044,79.78866041101158,48.36117133207606,53.24791459105753,83.60410001788533,61.080637027121995,55.533076062870556,512.224,658.44,634.893,424.067,488.363,698.204,553.178,522.261
sync,1783603441.0897725,5970.743001407,,,,,,,,,,,,,,,,
sync,1783603441.2901552,5970.943384115,61.921914242867814,62.13963469844842,64.70409963104603,64.63125537473144,61.59575132812917,62.94087909139642,62.10868486609389,61.55974186280313,646.353,628.029,615.595,616.063,632.253,643.011,633.85,639.874
sync,1783603456.0897028,5985.742931786,,,,,,,,,,,,,,,,
sync,1783603456.2982903,5985.951519255,69.19014679030141,71.13660176086337,67.64974702880711,72.32780342618094,68.43144366777399,73.22090022175387,74.11361120080309,66.2166945825084,753.193,749.644,717.616,720.768,736.288,763.177,768.036,718.79
sync,1783603471.0902503,6000.743479353,,,,,,,,,,,,,,,,
sync,1783603471.290544,6000.943773034,0,0,0,0,0,0,0,0,248.293,245.348,240.919,241.021,246.769,245.481,243.009,243.269
sync,1783603486.090411,6015.743639878,,,,,,,,,,,,,,,,
sync,1783603486.2908256,6015.94405458,89.79905047547221,85.4386114938868,89.4837834714645,70.21048720848455,56.625224220582105,83.88012848383593,66.32511242973484,70.31638241252051,837.369,795.389,832.992,653.486,566.371,789.842,660.122,683.859
sync,1783603501.0900474,6030.743276386,,,,,,,,,,,,,,,,
sync,1783603501.2897983,6030.943027173,62.037462354933794,64.09332872935686,64.8166032315221,65.14993861874416,64.63013009085026,64.00903704800527,68.21635837466276,62.54878782188841,638.147,644.558,641.335,645.793,661.883,650.559,669.774,634.785
sync,1783603516.089858,6045.743086996,,,,,,,,,,,,,,,,
sync,1783603516.290212,6045.943440877,66.22403002577587,68.08431261750978,69.20930890964168,69.88830948624312,69.7900672637059,68.03221290266671,74.26935733904881,66.74580737777724,741.748,748.699,748.236,760.06,770.917,757.375,781.209,741.745
sync,1783603531.089705,6060.742933991,,,,,,,,,,,,,,,,
sync,1783603531.3016593,6060.954888375,69.68004940173222,71.20423651024969,58.34838782798612,65.96467141271833,73.61377869191209,72.82801913585357,70.59857541218739,88.04175211928434,723.46,813.826,664.101,777.62,761.432,765.98,727.324,886.413
sync,1783603546.09027,6075.74349907,,,,,,,,,,,,,,,,
sync,1783603546.2906268,6075.943855753,0,0,0,0,0,0,0,0,247.42,245.705,241.079,241.825,246.493,245.203,241.809,243.642
sync,1783603561.0899546,6090.743183588,,,,,,,,,,,,,,,,
sync,1783603561.2903826,6090.943611678,64.04251167279355,63.82115703345869,66.77701927276946,65.33719176939856,65.99961484499615,66.34979204651681,63.585130057594085,69.07148223763308,700.785,674.123,694.03,694.505,705.001,706.135,677.107,716.183
sync,1783603576.0900464,6105.743275377,,,,,,,,,,,,,,,,
sync,1783603576.2905185,6105.943747443,0,0,0,0,0,0,0,69.48642599503694,248.943,247.036,242.801,242.671,248.255,246.182,242.483,779.938
sync,1783603591.08943,6120.742659032,,,,,,,,,,,,,,,,
sync,1783603591.2898088,6120.943037775,70.07942536457843,76.30515817043504,83.62470500176799,72.26409630101969,76.76876335099023,74.76062348272984,78.43466902088994,68.6281349107874,767.252,780.898,823.549,724.184,792.77,784.598,795.817,728.658
sync,1783603606.0903573,6135.743586279,,,,,,,,,,,,,,,,
sync,1783603606.2917771,6135.945006103,62.95848872307727,63.87482248891202,63.15771398330797,61.77852586254946,62.63755603613964,66.56976724819572,64.46827321483119,62.00992236432121,659.051,646.853,638.652,628.317,645.619,639.144,649.815,632.32
sync,1783603621.0903227,6150.743551763,,,,,,,,,,,,,,,,
sync,1783603621.2908251,6150.944054071,66.17309763931186,67.86782781439116,67.40957142061303,63.994469997188965,66.86891644205554,72.79221513530025,69.12554067820801,65.21754621089298,759.509,751.819,739.196,722.338,743.15,748.383,753.568,731.279
sync,1783603636.0904574,6165.743686401,,,,,,,,,,,,,,,,
sync,1783603636.296951,6165.950180074,0,1.4183857351659654,0,12.01839027768905,3.5811910426291997,8.917920824998559,0.6726341283074078,2.8517634652078625,400.647,370.119,360.934,319.63,333.213,349.816,364.088,324.573
sync,1783603651.0894697,6180.742698646,,,,,,,,,,,,,,,,
sync,1783603651.3017704,6180.954999546,0,0,0,0,0,0,0,0,248.855,245.676,241.424,241.728,246.205,244.263,242.21,243.094
sync,1783603666.0898848,6195.743113645,,,,,,,,,,,,,,,,
sync,1783603666.2966647,6195.949893726,64.78910006855784,76.66998053553517,64.94577632865717,65.02679484601276,61.9759266425713,64.34426720753794,74.34235888211994,65.51095798879918,728.017,750.594,696.058,706.043,683.112,714.519,742.954,718.609
sync,1783603681.0902026,6210.743431647,,,,,,,,,,,,,,,,
sync,1783603681.2905693,6210.943798222,65.07495045512741,82.89790998396579,65.27676242281308,66.39506555776494,62.175672352552304,64.58764301695635,80.50689940217129,66.67730286268089,800.805,839.141,765.097,779.068,743.995,782.899,831.482,785.663
sync,1783603696.090275,6225.743504082,,,,,,,,,,,,,,,,
sync,1783603696.2907677,6225.943996736,0,0,0,0,0,0,0,0,249.775,248.235,242.016,243.314,247.282,245.625,244.558,244.654
sync,1783603711.090358,6240.743586922,,,,,,,,,,,,,,,,
sync,1783603711.290717,6240.943945916,78.1164093890968,78.82217531756098,77.2069025813563,78.3849827368477,76.48459818827283,63.83350160977661,64.84597159250526,76.26458857412186,834.768,807.319,776.924,798.172,783.671,712.121,715.591,787.085
sync,1783603726.0904956,6255.743724579,,,,,,,,,,,,,,,,
sync,1783603726.2906024,6255.943831344,83.91610838287505,83.76654226013767,83.66167349136012,83.31937943677552,81.93492126363053,63.77503469334862,63.54502610368633,80.727430485503,935.401,898.454,873.202,896.986,887.006,745.632,738.373,874.359
sync,1783603741.090391,6270.743619807,,,,,,,,,,,,,,,,
sync,1783603741.2907448,6270.943973883,85.19448025914468,83.31852677515566,48.96391947842098,81.35023755182358,0,63.330563896760374,62.70765167272837,0,954.181,896.524,748.481,868.141,431.675,761.018,756.254,432.214
sync,1783603756.0903351,6285.743564139,,,,,,,,,,,,,,,,
sync,1783603756.2907357,6285.943964795,0,0,0,0,0,0,78.51483584412337,0,247.604,244.231,240.063,240.847,245.005,518.069,909.614,242.405
sync,1783603771.0903292,6300.743558195,,,,,,,,,,,,,,,,
sync,1783603771.2906818,6300.943910849,75.33275751566624,74.09705221089916,73.4119122763378,73.5230647379623,72.41925772242445,72.69971010410882,73.0827307631824,73.69091176388774,781.467,746.189,722.478,740.497,740.491,744.374,743.442,751.967
sync,1783603786.090407,6315.743635836,,,,,,,,,,,,,,,,
sync,1783603786.2909021,6315.944131254,80.85525677794973,80.42330041681191,80.9102993456441,80.71559728706676,78.9702030590858,81.93777264165301,81.54571893670926,81.37186151649463,893.905,858.56,851.805,847.963,847.803,869.987,871.08,861.128
sync,1783603801.0896869,6330.742915972,,,,,,,,,,,,,,,,
sync,1783603801.2899833,6330.943212242,80.04955219900133,83.13069528208209,81.65802178642761,81.52790308968774,83.34563743922465,84.01831727306924,85.10297027230949,83.91113829987098,911.042,893.773,883.693,868.893,878.228,914.527,921.118,873.086
sync,1783603816.089989,6345.74321788,,,,,,,,,,,,,,,,
sync,1783603816.2902932,6345.943522211,37.15984356565641,40.35750420665095,36.066080991054186,35.44300413391801,39.625610480937034,36.322493565791916,41.00474210585871,35.72768632872985,467.036,455.003,449.46,448.993,454.167,457.179,450.688,451.68
sync,1783603831.0902777,6360.743506658,,,,,,,,,,,,,,,,
sync,1783603831.290663,6360.943892001,0,0,0,0,0,0,0,0,247.206,244.321,240.06,240.747,245.319,243.831,241.19,242.536
sync,1783603846.0900805,6375.743309527,,,,,,,,,,,,,,,,
sync,1783603846.2905197,6375.943748671,0,0,0,0,0,0,0,0,245.997,243.021,239.069,239.664,244.017,242.504,239.843,241.703
sync,1783603861.089492,6390.742721074,,,,,,,,,,,,,,,,
sync,1783603861.2897694,6390.942998459,0,0,0,0,0,0,0,0,245.636,242.409,238.916,239.167,243.453,241.928,239.343,241.392
sync,1783603876.0894713,6405.742700337,,,,,,,,,,,,,,,,
sync,1783603876.2899606,6405.94318971,68.98396145532774,69.17724905262291,69.49698151619032,71.19043971428955,69.89417111334396,69.25945976817957,69.85975890927925,67.0914615105305,710.425,691.763,692.829,703.956,701.936,702.709,697.319,682.948
sync,1783603891.0900009,6420.743229826,,,,,,,,,,,,,,,,
sync,1783603891.2904427,6420.943671757,75.39196560413856,74.12163160040718,74.88660030853613,77.63368844611044,76.05811200252273,74.22895125791146,75.32803365178114,72.08772435870534,814.415,787.866,783.903,804.616,809.063,794.566,796.86,783.205
sync,1783603906.0897303,6435.742959304,,,,,,,,,,,,,,,,
sync,1783603906.3072636,6435.960492698,0,0,5.763782578469185,0,0,0,0,0.7038742656025703,390.325,353.446,369.409,341.906,390.204,350.751,361.401,337.923
sync,1783603921.0900586,6450.743287621,,,,,,,,,,,,,,,,
sync,1783603921.2905276,6450.943756593,63.38803145735934,60.43139003262789,61.302317032584796,60.365536647661045,60.04810543600145,59.887200727629,62.635457921274174,64.31928744302364,633.663,617.472,610.607,614.263,620.957,615.836,608.257,618.985
sync,1783603936.089943,6465.743172039,,,,,,,,,,,,,,,,
sync,1783603936.2902849,6465.943513921,73.87809378063693,73.30114876982825,75.12633137281193,76.1611681608623,75.98223452788129,70.59698277058153,75.13393369537192,72.84381506850312,781.237,762.854,765.265,782.848,786.666,749.171,759.803,765.727
sync,1783603951.0894656,6480.742694538,,,,,,,,,,,,,,,,
sync,1783603951.2898026,6480.943031522,0,0,0,0,0,0,0,0,255.299,251.0,246.845,247.155,252.981,249.334,248.17,249.033
sync,1783603966.090263,6495.743491968,,,,,,,,,,,,,,,,
sync,1783603966.2907603,6495.943989312,68.21560186844953,80.29075487504075,78.0134745792999,64.89189238619427,66.53876508712247,76.6137827677736,76.81966486274455,78.76810163252298,743.754,878.882,830.392,675.29,686.58,843.09,836.026,891.367
sync,1783603981.0898137,6510.743042766,,,,,,,,,,,,,,,,
sync,1783603981.2902174,6510.943446481,59.451745421583205,68.99513202497299,61.441289367418015,59.307226770052736,62.413849331589624,62.394572900801705,66.72375298937025,58.935233133112504,675.544,686.831,661.976,654.576,684.427,686.91,666.223,658.989
sync,1783603996.0902386,6525.743467474,,,,,,,,,,,,,,,,
sync,1783603996.2905862,6525.943815236,58.38912627621763,75.55272238896035,60.68440595895973,58.19192601297129,62.61355781394528,62.09967283951892,69.95742469358649,57.61651370807399,734.528,789.78,723.351,711.973,752.508,754.881,763.857,712.976
sync,1783604011.0903578,6540.743586825,,,,,,,,,,,,,,,,
sync,1783604011.2906754,6540.943904321,0,0,0,0,0,0,0,0,253.645,249.53,246.908,247.37,254.424,251.699,245.787,248.715
sync,1783604026.0899758,6555.743204793,,,,,,,,,,,,,,,,
sync,1783604026.2903094,6555.943538484,82.36790507479387,79.68970102923282,82.47892465167574,80.4771128569247,88.5994104748873,80.7419642365961,84.91744591622033,87.09713635532452,856.264,809.444,801.353,742.373,876.682,826.497,887.132,873.205
sync,1783604041.0900133,6570.743242171,,,,,,,,,,,,,,,,
sync,1783604041.2933753,6570.946604241,63.44618136649526,66.26129025484286,72.01718463869364,62.315340966916665,65.44417547809913,65.14025052635952,65.26065632233689,62.64929495650492,712.224,710.77,700.31,676.833,711.387,705.91,697.567,686.732
sync,1783604056.0896838,6585.742912889,,,,,,,,,,,,,,,,
sync,1783604056.2901194,6585.943348522,63.376448523232796,66.6897417880266,74.81308580374399,62.25515118751912,66.55025598295227,65.88668509763362,66.40387502207767,62.439462397894864,771.723,783.549,789.69,732.873,779.264,772.29,767.741,743.588
sync,1783604071.0901055,6600.743334483,,,,,,,,,,,,,,,,
sync,1783604071.290454,6600.943682845,0,0,0,0,0,0,0,0,252.206,249.87,243.593,246.262,252.146,249.576,246.447,247.155
sync,1783604086.0903296,6615.74355863,,,,,,,,,,,,,,,,
sync,1783604086.2906325,6615.943861444,77.65714368969877,67.72337401333043,50.690882914388425,88.40232474126034,83.66457558224633,53.50747074028976,70.07285321947745,69.34378441641417,782.158,726.034,641.858,832.686,809.845,603.381,715.171,683.191
sync,1783604101.0899844,6630.743213424,,,,,,,,,,,,,,,,
sync,1783604101.2904644,6630.943693293,58.748748655045766,63.329828368973814,59.427608877596825,61.42626838266065,59.94448371804669,64.13681073342185,60.3949179472903,61.59185528404606,678.878,698.178,662.777,684.711,685.898,709.496,661.778,689.687
sync,1783604116.089492,6645.742721117,,,,,,,,,,,,,,,,
sync,1783604116.2897708,6645.942999841,56.98165725036029,63.18590978167521,58.08981510120971,60.87080500517379,58.868802730882805,64.43729331231313,59.84153009333071,61.134372691022634,726.825,762.942,710.736,738.953,742.072,772.558,712.945,749.207
sync,1783604131.090072,6660.743300809,,,,,,,,,,,,,,,,
sync,1783604131.290402,6660.94363083,0,0,0,0,0,0,0,0,248.05,246.202,240.898,242.109,246.971,245.438,241.879,244.055
sync,1783604146.0903924,6675.743621282,,,,,,,,,,,,,,,,
sync,1783604146.2908225,6675.944051454,84.44748725880844,75.2406181130502,75.40220382408901,76.37228112093591,69.90988842922974,76.48460323329871,77.29701779661904,65.57818588662492,857.736,828.826,793.856,856.293,726.456,807.311,791.241,700.876
sync,1783604161.090012,6690.743240965,,,,,,,,,,,,,,,,
sync,1783604161.2904055,6690.943634572,63.09376781418947,62.21031519800212,63.79007814520969,58.69403084463715,58.33305173388047,62.15437726060746,61.71518030960586,62.51516378977637,697.681,685.88,690.051,666.391,658.905,694.65,679.034,687.521
sync,1783604176.0897908,6705.743019846,,,,,,,,,,,,,,,,
sync,1783604176.290089,6705.94331787,63.2707760915322,61.93819543463645,63.991015619296086,56.78376341499444,55.99375603630098,61.49511272264828,60.947988162836594,62.322578323966724,758.164,742.861,754.264,722.322,711.301,751.923,737.237,742.2
sync,1783604191.0893986,6720.742627531,,,,,,,,,,,,,,,,
sync,1783604191.2898605,6720.94308957,0,0,0,0,0,0,0,0,,,,,,,,
sync,1783604206.0897527,6735.742981785,,,,,,,,,,,,,,,,
